source_file|category|year|constituency|page|extraction_method|row_data
Chama-Town-Council-2024-Output-Based-Budget.pdf|budget|2024|both|1|table|Improve agricultural production and productivity
Chama-Town-Council-2024-Output-Based-Budget.pdf|budget|2024|both|1|table|Promote value addition and manufacturing
Chama-Town-Council-2024-Output-Based-Budget.pdf|budget|2024|both|1|table|Improve transport and logistics
Chama-Town-Council-2024-Output-Based-Budget.pdf|budget|2024|both|1|table|Enhance the management of petroleum products
Chama-Town-Council-2024-Output-Based-Budget.pdf|budget|2024|both|1|table|Strengthen Public health
Chama-Town-Council-2024-Output-Based-Budget.pdf|budget|2024|both|1|table|Increase access to quality health care
Chama-Town-Council-2024-Output-Based-Budget.pdf|budget|2024|both|1|table|Strengthen Integrated Health Information Systems
Chama-Town-Council-2024-Output-Based-Budget.pdf|budget|2024|both|1|table|Enhance welfare and livelihoods of poor and vulnerable people
Chama-Town-Council-2024-Output-Based-Budget.pdf|budget|2024|both|1|table|Reduce developmental inequalities
Chama-Town-Council-2024-Output-Based-Budget.pdf|budget|2024|both|1|table|Promote Integrated Environmental Management
Chama-Town-Council-2024-Output-Based-Budget.pdf|budget|2024|both|1|table|Enhance natural resources management
Chama-Town-Council-2024-Output-Based-Budget.pdf|budget|2024|both|1|table|Decentralise Public Service Delivery Systems
Chama-Town-Council-2024-Output-Based-Budget.pdf|budget|2024|both|1|table|Strengthen transparency and accountability mechanisms
Chama-Town-Council-2024-Output-Based-Budget.pdf|budget|2024|both|1|table|Strengthen public service performance management systems
Chama-Town-Council-2024-Output-Based-Budget.pdf|budget|2024|both|1|table|Strengthen Land Management and Administration
Chama-Town-Council-2024-Output-Based-Budget.pdf|budget|2024|both|2|table|"CODE | REVENUE DESCRIPTION | APPROVED
BUDGET 2024 |  |  | REVISED
BUDGET 2025 |  | BUDGET
ESTIMATE 2026"
Chama-Town-Council-2024-Output-Based-Budget.pdf|budget|2024|both|2|table|"01 | Local taxes/rates |  |  |  |  |  | "
Chama-Town-Council-2024-Output-Based-Budget.pdf|budget|2024|both|2|table|"001 | Residential | 25,200 |  |  | 27,040 |  | 28,932"
Chama-Town-Council-2024-Output-Based-Budget.pdf|budget|2024|both|2|table|"003 | Industrial | 7,650 |  |  | 8,208 |  | 8,783"
Chama-Town-Council-2024-Output-Based-Budget.pdf|budget|2024|both|2|table|" | SubItem Total |  | 32,850 |  | 35,248 |  | 37,715"
Chama-Town-Council-2024-Output-Based-Budget.pdf|budget|2024|both|2|table|"001 | Personal levy | 43,995 |  |  | 47,207 |  | 50,511"
Chama-Town-Council-2024-Output-Based-Budget.pdf|budget|2024|both|2|table|" | SubItem Total |  | 43,995 |  | 47,207 |  | 50,511"
Chama-Town-Council-2024-Output-Based-Budget.pdf|budget|2024|both|2|table|"CODE | REVENUE DESCRIPTION | APPROVED
BUDGET 2024 |  |  | REVISED
BUDGET 2025 |  | BUDGET
ESTIMATE 2026"
Chama-Town-Council-2024-Output-Based-Budget.pdf|budget|2024|both|2|table|"02 | Fees and Charges |  |  |  |  |  | "
Chama-Town-Council-2024-Output-Based-Budget.pdf|budget|2024|both|2|table|"004 | Plan scrutiny fee | 50,850 |  |  | 54,562 |  | 58,381"
Chama-Town-Council-2024-Output-Based-Budget.pdf|budget|2024|both|2|table|"007 | Rentals/lease of Council’s properties | 90,000 |  |  | 96,570 |  | 103,330"
Chama-Town-Council-2024-Output-Based-Budget.pdf|budget|2024|both|2|table|"008 | Non-Land Application forms fees | 28,400 |  |  | 30,473 |  | 32,606"
Chama-Town-Council-2024-Output-Based-Budget.pdf|budget|2024|both|2|table|"013 | Market fees | 109,500 |  |  | 117,494 |  | 125,718"
Chama-Town-Council-2024-Output-Based-Budget.pdf|budget|2024|both|2|table|"016 | Loading fees (buses, trucks, trains, taxies etc.) | 65,200 |  |  | 69,960 |  | 74,857"
Chama-Town-Council-2024-Output-Based-Budget.pdf|budget|2024|both|2|table|"020 | Hire of halls | 2,500 |  |  | 2,683 |  | 2,870"
Chama-Town-Council-2024-Output-Based-Budget.pdf|budget|2024|both|2|table|"033 | Refuse disposal | 121,200 |  |  | 130,048 |  | 139,151"
Chama-Town-Council-2024-Output-Based-Budget.pdf|budget|2024|both|2|table|"045 | Notice of marriage fees | 2,500 |  |  | 2,683 |  | 2,870"
Chama-Town-Council-2024-Output-Based-Budget.pdf|budget|2024|both|2|table|"051 | Farm produce Fee | 80,000 |  |  | 85,840 |  | 91,849"
Chama-Town-Council-2024-Output-Based-Budget.pdf|budget|2024|both|2|table|"059 | Land Record | 9,000 |  |  | 9,657 |  | 10,333"
Chama-Town-Council-2024-Output-Based-Budget.pdf|budget|2024|both|2|table|"063 | Billboards and banners | 22,955 |  |  | 24,631 |  | 26,355"
Chama-Town-Council-2024-Output-Based-Budget.pdf|budget|2024|both|2|table|"066 | Penalties | 4,500 |  |  | 4,829 |  | 5,167"
Chama-Town-Council-2024-Output-Based-Budget.pdf|budget|2024|both|2|table|"074 | Sale of Bid Documents | 40,000 |  |  | 42,920 |  | 45,924"
Chama-Town-Council-2024-Output-Based-Budget.pdf|budget|2024|both|2|table|"082 | Telecommunication site rentals | 24,000 |  |  | 25,752 |  | 27,555"
Chama-Town-Council-2024-Output-Based-Budget.pdf|budget|2024|both|2|table|"099 | Other fees and charges | 135,840 |  |  | 145,756 |  | 155,959"
Chama-Town-Council-2024-Output-Based-Budget.pdf|budget|2024|both|2|table|" | SubItem Total |  | 786,445 |  | 843,856 |  | 902,926"
Chama-Town-Council-2024-Output-Based-Budget.pdf|budget|2024|both|2|table|"CODE | REVENUE DESCRIPTION | APPROVED
BUDGET 2024 |  |  | REVISED
BUDGET 2025 |  | BUDGET
ESTIMATE 2026"
Chama-Town-Council-2024-Output-Based-Budget.pdf|budget|2024|both|2|table|"03 | Licenses |  |  |  |  |  | "
Chama-Town-Council-2024-Output-Based-Budget.pdf|budget|2024|both|2|table|"002 | Liquor licence | 19,800 |  |  | 21,245 |  | 22,733"
Chama-Town-Council-2024-Output-Based-Budget.pdf|budget|2024|both|2|table|"003 | Firearm and ammunition licence | 8,550 |  |  | 9,174 |  | 9,816"
Chama-Town-Council-2024-Output-Based-Budget.pdf|budget|2024|both|2|table|"005 | Dog licence | 1,500 |  |  | 1,610 |  | 1,722"
Chama-Town-Council-2024-Output-Based-Budget.pdf|budget|2024|both|2|table|"099 | Other Licences | 1,800 |  |  | 1,931 |  | 2,067"
Chama-Town-Council-2024-Output-Based-Budget.pdf|budget|2024|both|2|table|" | SubItem Total |  | 31,650 |  | 33,960 |  | 36,338"
Chama-Town-Council-2024-Output-Based-Budget.pdf|budget|2024|both|2|table|"CODE | REVENUE DESCRIPTION | APPROVED
BUDGET 2024 |  |  | REVISED
BUDGET 2025 |  | BUDGET
ESTIMATE 2026"
Chama-Town-Council-2024-Output-Based-Budget.pdf|budget|2024|both|2|table|"04 | Levies |  |  |  |  |  | "
Chama-Town-Council-2024-Output-Based-Budget.pdf|budget|2024|both|2|table|"004 | Pole levy | 568 |  |  | 609 |  | 652"
Chama-Town-Council-2024-Output-Based-Budget.pdf|budget|2024|both|2|table|"018 | Trading (Retail) Consumable groceries business | 171,000 |  |  | 183,483 |  | 196,327"
Chama-Town-Council-2024-Output-Based-Budget.pdf|budget|2024|both|2|table|"031 | Car Wash | 470 |  |  | 504 |  | 540"
Chama-Town-Council-2024-Output-Based-Budget.pdf|budget|2024|both|2|table|"032 | Hospitality | 17,220 |  |  | 18,477 |  | 19,770"
Chama-Town-Council-2024-Output-Based-Budget.pdf|budget|2024|both|2|table|"099 | Other levies | 96,350 |  |  | 103,384 |  | 110,620"
Chama-Town-Council-2024-Output-Based-Budget.pdf|budget|2024|both|2|table|" | SubItem Total |  | 285,608 |  | 306,457 |  | 327,909"
Chama-Town-Council-2024-Output-Based-Budget.pdf|budget|2024|both|3|table|"CODE | REVENUE DESCRIPTION | APPROVED
BUDGET 2024 |  | REVISED
BUDGET 2025 | BUDGET
ESTIMATE 2026"
Chama-Town-Council-2024-Output-Based-Budget.pdf|budget|2024|both|3|table|"05 | Permits |  |  |  | "
Chama-Town-Council-2024-Output-Based-Budget.pdf|budget|2024|both|3|table|"003 | Herbalist permit | 1,000 |  | 1,073 | 1,148"
Chama-Town-Council-2024-Output-Based-Budget.pdf|budget|2024|both|3|table|"010 | Extension of Business hours permits | 6,400 |  | 6,867 | 7,348"
Chama-Town-Council-2024-Output-Based-Budget.pdf|budget|2024|both|3|table|"011 | Social gathering permit | 2,000 |  | 2,146 | 2,296"
Chama-Town-Council-2024-Output-Based-Budget.pdf|budget|2024|both|3|table|"099 | Primary, Secondary and Tertiary permits | 104,500 |  | 112,129 | 119,978"
Chama-Town-Council-2024-Output-Based-Budget.pdf|budget|2024|both|3|table|" | SubItem Total |  | 113,900 | 122,215 | 130,770"
Chama-Town-Council-2024-Output-Based-Budget.pdf|budget|2024|both|3|table|"CODE | REVENUE DESCRIPTION | APPROVED
BUDGET 2024 |  | REVISED
BUDGET 2025 | BUDGET
ESTIMATE 2026"
Chama-Town-Council-2024-Output-Based-Budget.pdf|budget|2024|both|3|table|"06 | Charges |  |  |  | "
Chama-Town-Council-2024-Output-Based-Budget.pdf|budget|2024|both|3|table|"001 | Service Charges Residential plots | 380,000 |  | 407,740 | 436,282"
Chama-Town-Council-2024-Output-Based-Budget.pdf|budget|2024|both|3|table|" | SubItem Total |  | 380,000 | 407,740 | 436,282"
Chama-Town-Council-2024-Output-Based-Budget.pdf|budget|2024|both|3|table|"CODE | REVENUE DESCRIPTION | APPROVED
BUDGET 2024 |  | REVISED
BUDGET 2025 | BUDGET
ESTIMATE 2026"
Chama-Town-Council-2024-Output-Based-Budget.pdf|budget|2024|both|3|table|"07 | Other Incomes |  |  |  | "
Chama-Town-Council-2024-Output-Based-Budget.pdf|budget|2024|both|3|table|"002 | Surplus/ Deficit from Commercial Ventures | 775,000 |  | 831,575 | 889,785"
Chama-Town-Council-2024-Output-Based-Budget.pdf|budget|2024|both|3|table|"099 | Other Income | 20,000 |  | 21,460 | 22,962"
Chama-Town-Council-2024-Output-Based-Budget.pdf|budget|2024|both|3|table|" | SubItem Total |  | 795,000 | 853,035 | 912,747"
Chama-Town-Council-2024-Output-Based-Budget.pdf|budget|2024|both|3|table|"CODE | REVENUE DESCRIPTION | APPROVED
BUDGET 2024 |  | REVISED
BUDGET 2025 | BUDGET
ESTIMATE 2026"
Chama-Town-Council-2024-Output-Based-Budget.pdf|budget|2024|both|3|table|"08 | National Support (Grants) |  |  |  | "
Chama-Town-Council-2024-Output-Based-Budget.pdf|budget|2024|both|3|table|"001 | Constituency Development Fund | 61,271,284 |  | 65,744,088 | 70,346,174"
Chama-Town-Council-2024-Output-Based-Budget.pdf|budget|2024|both|3|table|"002 | Roads Grant | 3,742,847 |  | 4,016,075 | 4,297,200"
Chama-Town-Council-2024-Output-Based-Budget.pdf|budget|2024|both|3|table|"003 | Health Grant | 5,559,779 |  | 5,865,643 | 6,383,238"
Chama-Town-Council-2024-Output-Based-Budget.pdf|budget|2024|both|3|table|"004 | Local Government Equalisation Fund | 12,407,498 |  | 13,313,246 | 14,245,173"
Chama-Town-Council-2024-Output-Based-Budget.pdf|budget|2024|both|3|table|"005 | Grants in lieu of Rates | 500,000 |  | 536,500 | 574,055"
Chama-Town-Council-2024-Output-Based-Budget.pdf|budget|2024|both|3|table|"099 | Other Grants | 428,963 |  | 460,277 | 492,497"
Chama-Town-Council-2024-Output-Based-Budget.pdf|budget|2024|both|3|table|" | SubItem Total |  | 83,910,372 | 89,935,829 | 96,338,337"
Chama-Town-Council-2024-Output-Based-Budget.pdf|budget|2024|both|3|table|"Grand Total | 86,379,819 | 92,585,546 | 99,173,535"
Chama-Town-Council-2024-Output-Based-Budget.pdf|budget|2024|both|4|table|"No | ECONOMIC CLASSIFICATION | 2022
APPROVED
BUDGET (K) | 2023
APPROVED
BUDGET (K) | 2024 BUDGET
ESTIMATE (K)"
Chama-Town-Council-2024-Output-Based-Budget.pdf|budget|2024|both|4|table|"21
22
27
31
32
42 | Personal Emoluments
Goods and Services
Subsidies to Non-Financial Enterprises
Non-Financial Assets
Financial Assets
Long term Liabilities- payable for more than one year | (0)
(0)
(0)
(0)
(0)
(0) | -
-
-
-
-
- | 9,341,088
14,388,035
16,298,162
39,217,609
6,984,926
150,000"
Chama-Town-Council-2024-Output-Based-Budget.pdf|budget|2024|both|4|table|" | Head Total | (0) | - | 86,379,819"
Chama-Town-Council-2024-Output-Based-Budget.pdf|budget|2024|both|5|table|"Code | Programme | 2022
Approved
Budget(K) | 2023
Approved
Budget(K) | 2024
Budget
Estimates(K)"
Chama-Town-Council-2024-Output-Based-Budget.pdf|budget|2024|both|5|table|"1
2
3
5
6
7
8
10
11
12
13
14
15 | Constituency Development
Local Governance
Integrated Development Planning
Public Health and Environmental Protection
Housing and Community Amenities
Recreation Culture and Religion
Education and Skills Development
Public Order and Safety
Management and Support Services
Resource Mobilisation and Management
District Health servcies
Veterinary services
Transport Services | (0) | -
-
-
-
-
-
-
-
-
-
-
-
- | 61,271,284
2,765,940
1,504,591
1,122,330
1,466,351
272,621
19,241
1,294,644
4,960,908
2,262,162
5,559,799
137,101
3,742,847"
Chama-Town-Council-2024-Output-Based-Budget.pdf|budget|2024|both|5|table|" |  | (0) |  | "
Chama-Town-Council-2024-Output-Based-Budget.pdf|budget|2024|both|5|table|" |  | (0) |  | "
Chama-Town-Council-2024-Output-Based-Budget.pdf|budget|2024|both|5|table|" |  | (0) |  | "
Chama-Town-Council-2024-Output-Based-Budget.pdf|budget|2024|both|5|table|" |  | (0) |  | "
Chama-Town-Council-2024-Output-Based-Budget.pdf|budget|2024|both|5|table|" |  | (0) |  | "
Chama-Town-Council-2024-Output-Based-Budget.pdf|budget|2024|both|5|table|" |  | (0) |  | "
Chama-Town-Council-2024-Output-Based-Budget.pdf|budget|2024|both|5|table|" |  | (0) |  | "
Chama-Town-Council-2024-Output-Based-Budget.pdf|budget|2024|both|5|table|" |  | (0) |  | "
Chama-Town-Council-2024-Output-Based-Budget.pdf|budget|2024|both|5|table|" |  | (0) |  | "
Chama-Town-Council-2024-Output-Based-Budget.pdf|budget|2024|both|5|table|" |  | (0) |  | "
Chama-Town-Council-2024-Output-Based-Budget.pdf|budget|2024|both|5|table|" |  | (0) |  | "
Chama-Town-Council-2024-Output-Based-Budget.pdf|budget|2024|both|5|table|" |  | (0) |  | "
Chama-Town-Council-2024-Output-Based-Budget.pdf|budget|2024|both|5|table|" | Head Total | (0) | - | 86,379,819"
Chama-Town-Council-2024-Output-Based-Budget.pdf|budget|2024|both|6|table|"PROGRAMME/SUB-PROGRAMME | 2022 BUDGET |  | 2023 BUDGET |  | 2024 BUDGET"
Chama-Town-Council-2024-Output-Based-Budget.pdf|budget|2024|both|6|table|" | Approved | Expendit
ure | Approved | Expendit
ure* | Estimate"
Chama-Town-Council-2024-Output-Based-Budget.pdf|budget|2024|both|7|table|"002 District Veterinary Services Coordination
15 Transport Services
001 Road Transport |  | (0)
(0)
(0) | (0)
(0)
(0) | -
-
- | (0)
(0)
(0) | "
Chama-Town-Council-2024-Output-Based-Budget.pdf|budget|2024|both|7|table|"Head Total |  | (0) | (0) | - | (0) | 86,379,819"
Chama-Town-Council-2024-Output-Based-Budget.pdf|budget|2024|both|8|text_fallback|Page 8 OUTPUT BASED ANNUAL BUDGET
Chama-Town-Council-2024-Output-Based-Budget.pdf|budget|2024|both|8|text_fallback|HEA 9509 CHAMA TOWN COUNCIL
Chama-Town-Council-2024-Output-Based-Budget.pdf|budget|2024|both|8|text_fallback|D
Chama-Town-Council-2024-Output-Based-Budget.pdf|budget|2024|both|8|text_fallback|The allocation per subprogramme is as follows; community policing K782,833, fire protection services
Chama-Town-Council-2024-Output-Based-Budget.pdf|budget|2024|both|8|text_fallback|K341,256 and buliding regulation K170,553.92
Chama-Town-Council-2024-Output-Based-Budget.pdf|budget|2024|both|8|text_fallback|Management and Support Services program has been allocated a total of K 4.9 million to facilitate for
Chama-Town-Council-2024-Output-Based-Budget.pdf|budget|2024|both|8|text_fallback|the smooth operations of the institution. An allocation of K2.6 million will go towards human resources
Chama-Town-Council-2024-Output-Based-Budget.pdf|budget|2024|both|8|text_fallback|and administration to cater for general operations of the Local Authority (LA). Executive management
Chama-Town-Council-2024-Output-Based-Budget.pdf|budget|2024|both|8|text_fallback|has an allocation of K642,419 to provide an oversight role at the LA. Audit has an allocation of K432,500
Chama-Town-Council-2024-Output-Based-Budget.pdf|budget|2024|both|8|text_fallback|to ensure that internal controls in the institution are upheld. Procurement has an allocation of K407,722
Chama-Town-Council-2024-Output-Based-Budget.pdf|budget|2024|both|8|text_fallback|to ensure that procurement of goods and services is done according to set laws and regulations. ICT has
Chama-Town-Council-2024-Output-Based-Budget.pdf|budget|2024|both|8|text_fallback|been allocated K402,850 to cater for software installation and to ensure that ICT policies are adhered to.
Chama-Town-Council-2024-Output-Based-Budget.pdf|budget|2024|both|8|text_fallback|Accounting management has been allocated an amount of K211,592 to cater for dismatling of debt owed
Chama-Town-Council-2024-Output-Based-Budget.pdf|budget|2024|both|8|text_fallback|to various institutions and individuals. The allocation will further enhance proper inventory of all Council
Chama-Town-Council-2024-Output-Based-Budget.pdf|budget|2024|both|8|text_fallback|property. Lastly Public Relation has been allocated an amount of K168,145 to cater for information
Chama-Town-Council-2024-Output-Based-Budget.pdf|budget|2024|both|8|text_fallback|dissemination and publication of the progress and happenings at the LA in order to bring the information
Chama-Town-Council-2024-Output-Based-Budget.pdf|budget|2024|both|8|text_fallback|to the general public.
Chama-Town-Council-2024-Output-Based-Budget.pdf|budget|2024|both|8|text_fallback|Resource Mobilsation programme has been allocated a total amount of K2.2 million which will be
Chama-Town-Council-2024-Output-Based-Budget.pdf|budget|2024|both|8|text_fallback|channelled towards the procurement of two motorbikes for revenue collection especially in the outskirts
Chama-Town-Council-2024-Output-Based-Budget.pdf|budget|2024|both|8|text_fallback|of the district, construction of checkpoint houses and construction of a parking bay at Munada area and
Chama-Town-Council-2024-Output-Based-Budget.pdf|budget|2024|both|8|text_fallback|construction of a fence around North Luangwa lodge to enhance security. It will also cover salaries for all
Chama-Town-Council-2024-Output-Based-Budget.pdf|budget|2024|both|8|text_fallback|accounting staff
Chama-Town-Council-2024-Output-Based-Budget.pdf|budget|2024|both|8|text_fallback|District Health Services which is yet another devolved function has been allocted an amount of K5.3
Chama-Town-Council-2024-Output-Based-Budget.pdf|budget|2024|both|8|text_fallback|million translating into K4.6 million for primary health services and K666,891 for district health
Chama-Town-Council-2024-Output-Based-Budget.pdf|budget|2024|both|8|text_fallback|coordination. This will enhance health service provision in the district.
Chama-Town-Council-2024-Output-Based-Budget.pdf|budget|2024|both|8|text_fallback|Veterinary Services has been allocated an amount of K137,101 to ensure animal health in the district is
Chama-Town-Council-2024-Output-Based-Budget.pdf|budget|2024|both|8|text_fallback|improved and also reduce animal disease prevelance. This too is a devoved programme.
Chama-Town-Council-2024-Output-Based-Budget.pdf|budget|2024|both|8|text_fallback|Lastly, Transport Services Programme has been allocateed an amount of K3.7 million to cater for road
Chama-Town-Council-2024-Output-Based-Budget.pdf|budget|2024|both|8|text_fallback|maintanance in the district.
Chama-Town-Council-2024-Output-Based-Budget.pdf|budget|2024|both|9|table|"ECONOMIC CLASSIFICATION | 2022 BUDGET |  |  |  | 2023 BUDGET |  | 2024 BUDGET"
Chama-Town-Council-2024-Output-Based-Budget.pdf|budget|2024|both|9|table|" | Approved | Expendit
ure |  |  | Approved | Expendit
ure* | Estimates"
Chama-Town-Council-2024-Output-Based-Budget.pdf|budget|2024|both|9|table|"02Use of Goods and Services
02General Operations
01
03Transfers
02Subsidies
01
04Assets
01Non-Financial Assets (Capital Expenditure)
02
02Financial Assets
01 | -
-
-
-
-
-
-
-
-
-
- | -
-
-
-
-
-
-
-
-
-
- |  |  | -
-
-
-
-
-
-
-
-
-
- | - | 3,063,564
3,063,564
3,063,564
16,298,162
16,298,162
16,298,162
41,909,558
34,924,632
34,924,632
6,984,926
6,984,926"
Chama-Town-Council-2024-Output-Based-Budget.pdf|budget|2024|both|9|table|" |  |  |  |  |  | - | "
Chama-Town-Council-2024-Output-Based-Budget.pdf|budget|2024|both|9|table|" |  |  |  |  |  | - | "
Chama-Town-Council-2024-Output-Based-Budget.pdf|budget|2024|both|9|table|" |  |  |  |  |  | - | "
Chama-Town-Council-2024-Output-Based-Budget.pdf|budget|2024|both|9|table|" |  |  |  |  |  | - | "
Chama-Town-Council-2024-Output-Based-Budget.pdf|budget|2024|both|9|table|" |  |  |  |  |  | - | "
Chama-Town-Council-2024-Output-Based-Budget.pdf|budget|2024|both|9|table|" |  |  |  |  |  | - | "
Chama-Town-Council-2024-Output-Based-Budget.pdf|budget|2024|both|9|table|" |  |  |  |  |  | - | "
Chama-Town-Council-2024-Output-Based-Budget.pdf|budget|2024|both|9|table|" |  |  |  |  |  | - | "
Chama-Town-Council-2024-Output-Based-Budget.pdf|budget|2024|both|9|table|" |  |  |  |  |  | - | "
Chama-Town-Council-2024-Output-Based-Budget.pdf|budget|2024|both|9|table|" |  |  |  |  |  | - | "
Chama-Town-Council-2024-Output-Based-Budget.pdf|budget|2024|both|9|table|"Programme Total | (0) | (0) |  |  | - | (0) | 61,271,284"
Chama-Town-Council-2024-Output-Based-Budget.pdf|budget|2024|both|10|table|"PROGRAMME/SUBPROGRAMME | 2022 BUDGET |  | 2023 BUDGET |  | 2024 BUDGET"
Chama-Town-Council-2024-Output-Based-Budget.pdf|budget|2024|both|10|table|" | Approved | Expendit
ure | Approved | Expendit
ure* | Estimates"
Chama-Town-Council-2024-Output-Based-Budget.pdf|budget|2024|both|10|table|"Programme Total | (0) | (0) |  |  | - (0) | 6611,2,27711,2,28844 | "
Chama-Town-Council-2024-Output-Based-Budget.pdf|budget|2024|both|11|table|"Key Output and Output Indicator | 2022 |  | 2023 |  | 2024"
Chama-Town-Council-2024-Output-Based-Budget.pdf|budget|2024|both|11|table|" | Target | Actual | Target | Actual* | Target"
Chama-Town-Council-2024-Output-Based-Budget.pdf|budget|2024|both|11|table|"Empowerement funds disbursed
01 Percentage of grant amount disbursed to organized groups
02 Percentage of loan amount disbursed to organized groups | (0)
(0) | (0)
(0) | (0)
(0) | (0)
(0) | 100
100"
Chama-Town-Council-2024-Output-Based-Budget.pdf|budget|2024|both|11|table|"Skills development students and secondary boarding school pupils sponsored
01 Number of students sponsored under skills development bursaries scheme
02 Number of pupils sponsored at secondary boarding schools | (0)
(0) | (0)
(0) | (0)
(0) | (0)
(0) | 300
568"
Chama-Town-Council-2024-Output-Based-Budget.pdf|budget|2024|both|12|text_fallback|Page 12 OUTPUT BASED ANNUAL BUDGET
Chama-Town-Council-2024-Output-Based-Budget.pdf|budget|2024|both|12|text_fallback|HEA 9509 CHAMA TOWN COUNCIL
Chama-Town-Council-2024-Output-Based-Budget.pdf|budget|2024|both|12|text_fallback|D
Chama-Town-Council-2024-Output-Based-Budget.pdf|budget|2024|both|12|text_fallback|Table 6 shows the programme output of the Constituency Development Fund (CDF). Under the Community
Chama-Town-Council-2024-Output-Based-Budget.pdf|budget|2024|both|12|text_fallback|projects component, the LA has budgeted to procure two ambulances for the two constituencies of Chama
Chama-Town-Council-2024-Output-Based-Budget.pdf|budget|2024|both|12|text_fallback|district for the District Health Office (DHO). The LA has also planned to procure seven (7) motorbikes for the
Chama-Town-Council-2024-Output-Based-Budget.pdf|budget|2024|both|12|text_fallback|Chief returners for all the seven Chiefdoms in Chama district. Further, the LA has budgeted to procure
Chama-Town-Council-2024-Output-Based-Budget.pdf|budget|2024|both|12|text_fallback|approximately 5000 more desks for Chama North which still has a desk deficit which was not planned for in
Chama-Town-Council-2024-Output-Based-Budget.pdf|budget|2024|both|12|text_fallback|the previous year (2023). It should also be noted that that the LA, has included desks for all the new Class
Chama-Town-Council-2024-Output-Based-Budget.pdf|budget|2024|both|12|text_fallback|Room Blocks (CRBs) constructions to be undertaken in 2024. Two maternity wings will be constructed in
Chama-Town-Council-2024-Output-Based-Budget.pdf|budget|2024|both|12|text_fallback|Pondo, Chipala ward and at Chibale Rural Health Centre (RHC) in Nkhankha ward. In addition, two
Chama-Town-Council-2024-Output-Based-Budget.pdf|budget|2024|both|12|text_fallback|reticulation systems will be installed within the district, one at the main police post, Kamphemba ward and
Chama-Town-Council-2024-Output-Based-Budget.pdf|budget|2024|both|12|text_fallback|another one at Kambili Health Post (HP) in Mphalausenga ward. It should be noted that the district especially
Chama-Town-Council-2024-Output-Based-Budget.pdf|budget|2024|both|12|text_fallback|for Chama South has received massive support from the World Vision projects who have been drilling
Chama-Town-Council-2024-Output-Based-Budget.pdf|budget|2024|both|12|text_fallback|boreholes, installing water reticulation systems and constructing ablution blocks at all public institution in six
Chama-Town-Council-2024-Output-Based-Budget.pdf|budget|2024|both|12|text_fallback|(6) wards of Chama South. Fifty (50) boreholes out of which twenty-eight (28) are water reticulation systems
Chama-Town-Council-2024-Output-Based-Budget.pdf|budget|2024|both|12|text_fallback|have been drilled. World Vision has finished feasibility studies in six (6) more ward of Chama North and
Chama-Town-Council-2024-Output-Based-Budget.pdf|budget|2024|both|12|text_fallback|Chama South and has indicated that they will provide water in the same ward. World Vison has further
Chama-Town-Council-2024-Output-Based-Budget.pdf|budget|2024|both|12|text_fallback|indicated that they will be in the district for fifteen (15) years.
Chama-Town-Council-2024-Output-Based-Budget.pdf|budget|2024|both|12|text_fallback|Further, the LA has planned to disburse 100 percent of the CDF loan and grant funds to organised groups
Chama-Town-Council-2024-Output-Based-Budget.pdf|budget|2024|both|12|text_fallback|within the district. The turnout of applications for the empowerment component has been massive and the
Chama-Town-Council-2024-Output-Based-Budget.pdf|budget|2024|both|12|text_fallback|LA has had no challenges in disbursing the funds. However, in terms of implementation, some of the
Chama-Town-Council-2024-Output-Based-Budget.pdf|budget|2024|both|12|text_fallback|beneficiary of the grant component have not utilised the fund as intended. Currently the implementation
Chama-Town-Council-2024-Output-Based-Budget.pdf|budget|2024|both|12|text_fallback|rate is at 54% and the LA authority intends to increase that to atleast 70% with more field monitoring and
Chama-Town-Council-2024-Output-Based-Budget.pdf|budget|2024|both|12|text_fallback|evaluation for the year 2024.
Chama-Town-Council-2024-Output-Based-Budget.pdf|budget|2024|both|12|text_fallback|Furthermore, the LA has planned to increase the number of pupils under the CDF bursaries component from
Chama-Town-Council-2024-Output-Based-Budget.pdf|budget|2024|both|12|text_fallback|the 418 to 568 pupils in 2024. For skills development, the LA plans to increase the number of sponsorships
Chama-Town-Council-2024-Output-Based-Budget.pdf|budget|2024|both|12|text_fallback|from 57 to 300 students in 2024. The current numbers of students are low due to the low interest levels by
Chama-Town-Council-2024-Output-Based-Budget.pdf|budget|2024|both|12|text_fallback|the youth within the district to apply for skills development programmes as initially perceived. However,
Chama-Town-Council-2024-Output-Based-Budget.pdf|budget|2024|both|12|text_fallback|after inviting Chipata trades institution within the district to conduct fasttracked processing of acceptance
Chama-Town-Council-2024-Output-Based-Budget.pdf|budget|2024|both|12|text_fallback|letters for students, a good number of students showed up and applied for the sponsorship to be considered
Chama-Town-Council-2024-Output-Based-Budget.pdf|budget|2024|both|12|text_fallback|in 2024. The LA will continue to sensitize and invite other reputable TEVETA accredited institutions within the
Chama-Town-Council-2024-Output-Based-Budget.pdf|budget|2024|both|12|text_fallback|district to offer fasttracked processing of acceptance letters as it appears youths cannot afford to get
Chama-Town-Council-2024-Output-Based-Budget.pdf|budget|2024|both|12|text_fallback|acceptance letters for skills courses outside the district.
Chama-Town-Council-2024-Output-Based-Budget.pdf|budget|2024|both|12|text_fallback|Lastly, under the CDF administrative component, the LA plans to conduct ten (10) CDFC meetings to facilitate
Chama-Town-Council-2024-Output-Based-Budget.pdf|budget|2024|both|12|text_fallback|for CDF project approvals, Support the WDCs technically through backstopping their meetings and providing
Chama-Town-Council-2024-Output-Based-Budget.pdf|budget|2024|both|12|text_fallback|them with stationery for them to conduct their meetings. Equipment such as two (2) laptops, two (2)
Chama-Town-Council-2024-Output-Based-Budget.pdf|budget|2024|both|12|text_fallback|printers and an ICT server to support e-GP procurement among other automation services at the LA.
Chama-Town-Council-2024-Output-Based-Budget.pdf|budget|2024|both|13|table|"ECONOMIC CLASSIFICATION | 2022 BUDGET |  |  | 2023 BUDGET |  | 2024 BUDGET"
Chama-Town-Council-2024-Output-Based-Budget.pdf|budget|2024|both|13|table|" | Approved | Expendit
ure |  | Approved | Expendit
ure* | Estimates"
Chama-Town-Council-2024-Output-Based-Budget.pdf|budget|2024|both|13|table|"01Personal Emoluments
01Salaries and Wages
03
02Use of Goods and Services
02General Operations
01
03 | -
-
-
-
-
-
- | -
-
-
-
-
-
- |  | -
-
-
-
-
-
- | - | 370,394
370,394
370,394
2,395,546
2,395,546
5,980
2,389,566"
Chama-Town-Council-2024-Output-Based-Budget.pdf|budget|2024|both|13|table|" |  |  |  |  | - | "
Chama-Town-Council-2024-Output-Based-Budget.pdf|budget|2024|both|13|table|" |  |  |  |  | - | "
Chama-Town-Council-2024-Output-Based-Budget.pdf|budget|2024|both|13|table|" |  |  |  |  | - | "
Chama-Town-Council-2024-Output-Based-Budget.pdf|budget|2024|both|13|table|" |  |  |  |  | - | "
Chama-Town-Council-2024-Output-Based-Budget.pdf|budget|2024|both|13|table|" |  |  |  |  | - | "
Chama-Town-Council-2024-Output-Based-Budget.pdf|budget|2024|both|13|table|" |  |  |  |  | - | "
Chama-Town-Council-2024-Output-Based-Budget.pdf|budget|2024|both|13|table|"Programme Total | (0) | (0) |  | - | (0) | 2,765,940"
Chama-Town-Council-2024-Output-Based-Budget.pdf|budget|2024|both|13|table|"PROGRAMME/SUBPROGRAMME | 2022 BUDGET |  | 2023 BUDGET |  |  | 2024 BUDGET | "
Chama-Town-Council-2024-Output-Based-Budget.pdf|budget|2024|both|13|table|" | Approved | Expendit
ure | Approved |  | Expendit
ure* | Estimates | "
Chama-Town-Council-2024-Output-Based-Budget.pdf|budget|2024|both|13|table|"2 Local Governance
040Local Election
044Legislative Function
045Citizen Engagement | (0)
(0)
(0)
(0) | (0)
(0)
(0) | -
-
-
- |  | (0)
(0)
(0) | 2,765,940
167,546
2,592,414
5,980 | "
Chama-Town-Council-2024-Output-Based-Budget.pdf|budget|2024|both|13|table|"Programme Total | (0) | (0) |  |  | - (0) | 2,27,6756,59,49040 | "
Chama-Town-Council-2024-Output-Based-Budget.pdf|budget|2024|both|14|table|"Key Output and Output Indicator | 2022 |  | 2023 |  | 2024"
Chama-Town-Council-2024-Output-Based-Budget.pdf|budget|2024|both|14|table|" | Target | Actual | Target | Actual* | Target"
Chama-Town-Council-2024-Output-Based-Budget.pdf|budget|2024|both|14|table|"Ward Development Committees Operationalised
01 Number of WDCs formed
02 Number of WDCs oriented on operational guidelines
03 Number of WDCs identified and trained in revenue collections | (0)
(0)
(0) | (0)
(0)
(0) | (0)
(0)
(0) | (0)
(0)
(0) | 24
24
2"
Chama-Town-Council-2024-Output-Based-Budget.pdf|budget|2024|both|14|table|"Ordinary Council Meeting Conducted.
01 Number of Ordinary Council Meeting Conducted | (0) | (0) | (0) | (0) | 4"
Chama-Town-Council-2024-Output-Based-Budget.pdf|budget|2024|both|14|table|"Special Council Meetings Held
01 No. of Special Council Meetings Held | (0) | (0) | (0) | (0) | 2"
Chama-Town-Council-2024-Output-Based-Budget.pdf|budget|2024|both|14|table|"Standing Committee Meetings Conducted
01 No. of Standing Committee Meetings Held | (0) | (0) | (0) | (0) | 16"
Chama-Town-Council-2024-Output-Based-Budget.pdf|budget|2024|both|14|table|"Special Committee Meetings Held
01 No. of Special Committee Meetings Held | (0) | (0) | (0) | (0) | 2"
Chama-Town-Council-2024-Output-Based-Budget.pdf|budget|2024|both|14|table|"Stakeholder engagement Meetings Held
01 No of stakeholders’ meetings held | (0) | (0) | (0) | (0) | 4"
Chama-Town-Council-2024-Output-Based-Budget.pdf|budget|2024|both|15|table|"ECONOMIC CLASSIFICATION | 2022 BUDGET |  |  | 2023 BUDGET |  | 2024 BUDGET"
Chama-Town-Council-2024-Output-Based-Budget.pdf|budget|2024|both|15|table|" | Approved | Expendit
ure |  | Approved | Expendit
ure* | Estimates"
Chama-Town-Council-2024-Output-Based-Budget.pdf|budget|2024|both|15|table|"01Personal Emoluments
01Salaries and Wages
01
03
02Use of Goods and Services
02General Operations
01
03
04Assets
01Non-Financial Assets (Capital Expenditure)
03 | -
-
-
-
-
-
-
-
-
-
- | -
-
-
-
-
-
-
-
-
-
- |  | -
-
-
-
-
-
-
-
-
-
- | - | 1,077,576
1,077,576
531,225
546,351
388,616
388,616
214,245
174,371
38,400
38,400
38,400"
Chama-Town-Council-2024-Output-Based-Budget.pdf|budget|2024|both|15|table|" |  |  |  |  | - | "
Chama-Town-Council-2024-Output-Based-Budget.pdf|budget|2024|both|15|table|" |  |  |  |  | - | "
Chama-Town-Council-2024-Output-Based-Budget.pdf|budget|2024|both|15|table|" |  |  |  |  | - | "
Chama-Town-Council-2024-Output-Based-Budget.pdf|budget|2024|both|15|table|" |  |  |  |  | - | "
Chama-Town-Council-2024-Output-Based-Budget.pdf|budget|2024|both|15|table|" |  |  |  |  | - | "
Chama-Town-Council-2024-Output-Based-Budget.pdf|budget|2024|both|15|table|" |  |  |  |  | - | "
Chama-Town-Council-2024-Output-Based-Budget.pdf|budget|2024|both|15|table|" |  |  |  |  | - | "
Chama-Town-Council-2024-Output-Based-Budget.pdf|budget|2024|both|15|table|" |  |  |  |  | - | "
Chama-Town-Council-2024-Output-Based-Budget.pdf|budget|2024|both|15|table|" |  |  |  |  | - | "
Chama-Town-Council-2024-Output-Based-Budget.pdf|budget|2024|both|15|table|" |  |  |  |  | - | "
Chama-Town-Council-2024-Output-Based-Budget.pdf|budget|2024|both|15|table|"Programme Total | (0) | (0) |  | - | (0) | 1,504,591"
Chama-Town-Council-2024-Output-Based-Budget.pdf|budget|2024|both|15|table|"PROGRAMME/SUBPROGRAMME | 2022 BUDGET |  | 2023 BUDGET |  |  | 2024 BUDGET | "
Chama-Town-Council-2024-Output-Based-Budget.pdf|budget|2024|both|15|table|" | Approved | Expendit
ure | Approved |  | Expendit
ure* | Estimates | "
Chama-Town-Council-2024-Output-Based-Budget.pdf|budget|2024|both|15|table|"3 Integrated Development Planning
006Environmental Planning
021Spatial Planning
033Socio Economic Planning | (0)
(0)
(0)
(0) | (0)
(0)
(0) | -
-
-
- |  | (0)
(0)
(0) | 1,504,591
312,181
759,122
433,289 | "
Chama-Town-Council-2024-Output-Based-Budget.pdf|budget|2024|both|15|table|"Programme Total | (0) | (0) |  |  | - (0) | 1,15,0540,45,95191 | "
Chama-Town-Council-2024-Output-Based-Budget.pdf|budget|2024|both|16|table|"Key Output and Output Indicator | 2022 |  | 2023 |  | 2024"
Chama-Town-Council-2024-Output-Based-Budget.pdf|budget|2024|both|16|table|" | Target | Actual | Target | Actual* | Target"
Chama-Town-Council-2024-Output-Based-Budget.pdf|budget|2024|both|16|table|"Trees Planted in the District
01 Number of trees planted | (0) | (0) | (0) | (0) | 500"
Chama-Town-Council-2024-Output-Based-Budget.pdf|budget|2024|both|16|table|"Environmental Protection & Awareness Raised
01 Number of Environmental Project Briefs reviewed and submitted to ZEMA
02 Number of Cemetery gazzetted
03 Number of World's Environmental day celebrated | (0)
(0)
(0) | (0)
(0)
(0) | (0)
(0)
(0) | (0)
(0)
(0) | 2
1
1"
Chama-Town-Council-2024-Output-Based-Budget.pdf|budget|2024|both|16|table|"Environmental Policy Formulated
01 Number of Environmental Policy Prepared and approved | (0) | (0) | (0) | (0) | 1"
Chama-Town-Council-2024-Output-Based-Budget.pdf|budget|2024|both|16|table|"Plots created
01 Number of plots surveyed
02 Number of Building Plans scrutinised and submitted to EPPA
03 Number of plots allocated | (0)
(0)
(0) | (0)
(0)
(0) | (0)
(0)
(0) | (0)
(0)
(0) | 200
52
200"
Chama-Town-Council-2024-Output-Based-Budget.pdf|budget|2024|both|16|table|"Township general layout plan updated
01 Number of General layout plan updated | (0) | (0) | (0) | (0) | 1"
Chama-Town-Council-2024-Output-Based-Budget.pdf|budget|2024|both|16|table|"Awareness on GBV, sexual reproductive health and HIV/AIDS enhanced
01 Number of HIV/AIDS community sensitization meetings
02 Number of sensitization meetings on HIV/AIDS Policy (Inhouse)
03 Number of GESI community sensitization meetings held
04 Number of World HIV/AIDS Day commemorated | (0)
(0)
(0)
(0) | (0)
(0)
(0)
(0) | (0)
(0)
(0)
(0) | (0)
(0)
(0)
(0) | 10
4
10
1"
Chama-Town-Council-2024-Output-Based-Budget.pdf|budget|2024|both|16|table|"Strategic Development Plan Updated
01 Number of Council Strategic Development Plan Updated | (0) | (0) | (0) | (0) | 1"
Chama-Town-Council-2024-Output-Based-Budget.pdf|budget|2024|both|17|table|"ECONOMIC CLASSIFICATION | 2022 BUDGET |  |  | 2023 BUDGET |  | 2024 BUDGET"
Chama-Town-Council-2024-Output-Based-Budget.pdf|budget|2024|both|17|table|" | Approved | Expendit
ure |  | Approved | Expendit
ure* | Estimates"
Chama-Town-Council-2024-Output-Based-Budget.pdf|budget|2024|both|17|table|"01Personal Emoluments
01Salaries and Wages
01
02
02Use of Goods and Services
02General Operations
01
02
04Assets
01Non-Financial Assets (Capital Expenditure)
02 | -
-
-
-
-
-
-
-
-
-
- | -
-
-
-
-
-
-
-
-
-
- |  | -
-
-
-
-
-
-
-
-
-
- | - | 729,242
729,242
279,102
450,140
373,088
373,088
115,632
257,456
20,000
20,000
20,000"
Chama-Town-Council-2024-Output-Based-Budget.pdf|budget|2024|both|17|table|" |  |  |  |  | - | "
Chama-Town-Council-2024-Output-Based-Budget.pdf|budget|2024|both|17|table|" |  |  |  |  | - | "
Chama-Town-Council-2024-Output-Based-Budget.pdf|budget|2024|both|17|table|" |  |  |  |  | - | "
Chama-Town-Council-2024-Output-Based-Budget.pdf|budget|2024|both|17|table|" |  |  |  |  | - | "
Chama-Town-Council-2024-Output-Based-Budget.pdf|budget|2024|both|17|table|" |  |  |  |  | - | "
Chama-Town-Council-2024-Output-Based-Budget.pdf|budget|2024|both|17|table|" |  |  |  |  | - | "
Chama-Town-Council-2024-Output-Based-Budget.pdf|budget|2024|both|17|table|" |  |  |  |  | - | "
Chama-Town-Council-2024-Output-Based-Budget.pdf|budget|2024|both|17|table|" |  |  |  |  | - | "
Chama-Town-Council-2024-Output-Based-Budget.pdf|budget|2024|both|17|table|" |  |  |  |  | - | "
Chama-Town-Council-2024-Output-Based-Budget.pdf|budget|2024|both|17|table|" |  |  |  |  | - | "
Chama-Town-Council-2024-Output-Based-Budget.pdf|budget|2024|both|17|table|"Programme Total | (0) | (0) |  | - | (0) | 1,122,330"
Chama-Town-Council-2024-Output-Based-Budget.pdf|budget|2024|both|17|table|"PROGRAMME/SUBPROGRAMME | 2022 BUDGET |  | 2023 BUDGET |  |  | 2024 BUDGET | "
Chama-Town-Council-2024-Output-Based-Budget.pdf|budget|2024|both|17|table|" | Approved | Expendit
ure | Approved |  | Expendit
ure* | Estimates | "
Chama-Town-Council-2024-Output-Based-Budget.pdf|budget|2024|both|17|table|"5 Public Health and Environmental Protection
015Cemetery and Funeral Services
019Health Inspections
023Pest Control
027Solid Waste Management
034Water Supply and Sanitation Services | (0)
(0)
(0)
(0)
(0)
(0) | (0)
(0)
(0)
(0)
(0) | -
-
-
-
-
- |  | (0)
(0)
(0)
(0)
(0) | 1,122,330
25,000
160,436
37,860
504,300
394,734 | "
Chama-Town-Council-2024-Output-Based-Budget.pdf|budget|2024|both|17|table|"Programme Total | (0) | (0) |  |  | - (0) | 1,11,2122,23,33030 | "
Chama-Town-Council-2024-Output-Based-Budget.pdf|budget|2024|both|18|table|"Key Output and Output Indicator | 2022 |  | 2023 |  | 2024"
Chama-Town-Council-2024-Output-Based-Budget.pdf|budget|2024|both|18|table|" | Target | Actual | Target | Actual* | Target"
Chama-Town-Council-2024-Output-Based-Budget.pdf|budget|2024|both|18|table|"Unclaimed bodies buried
01 Number of unclaimed bodies buried | (0) | (0) | (0) | (0) | 4"
Chama-Town-Council-2024-Output-Based-Budget.pdf|budget|2024|both|18|table|"Cemetery Gazzetted
01 Number of Cemeteries Gazzetted | (0) | (0) | (0) | (0) | 1"
Chama-Town-Council-2024-Output-Based-Budget.pdf|budget|2024|both|18|table|"Public premises & households sprayed
01 Number of pest control activites conducted in public premises & households | (0) | (0) | (0) | (0) | 12"
Chama-Town-Council-2024-Output-Based-Budget.pdf|budget|2024|both|18|table|"Dogs in the district registered
01 Number of dogs registered | (0) | (0) | (0) | (0) | 60"
Chama-Town-Council-2024-Output-Based-Budget.pdf|budget|2024|both|18|table|"Garbage Collected
01 Tonnage of solid waste collected and disposed off
02 Number of keep Zambia clean exercises conducted | (0)
(0) | (0)
(0) | (0)
(0) | (0)
(0) | 1,440
52"
Chama-Town-Council-2024-Output-Based-Budget.pdf|budget|2024|both|18|table|"Dumpsite Maintained
01 Number of refuse bays constructed | (0) | (0) | (0) | (0) | 1"
Chama-Town-Council-2024-Output-Based-Budget.pdf|budget|2024|both|19|table|"ECONOMIC CLASSIFICATION | 2022 BUDGET |  |  | 2023 BUDGET |  | 2024 BUDGET"
Chama-Town-Council-2024-Output-Based-Budget.pdf|budget|2024|both|19|table|" | Approved | Expendit
ure |  | Approved | Expendit
ure* | Estimates"
Chama-Town-Council-2024-Output-Based-Budget.pdf|budget|2024|both|19|table|"01Personal Emoluments
01Salaries and Wages
01
02Use of Goods and Services
02General Operations
01
04Assets
01Non-Financial Assets (Capital Expenditure)
01 | -
-
-
-
-
-
-
-
- | -
-
-
-
-
-
-
-
- |  | -
-
-
-
-
-
-
-
- | - | 913,851
913,851
913,851
287,500
287,500
287,500
265,000
265,000
265,000"
Chama-Town-Council-2024-Output-Based-Budget.pdf|budget|2024|both|19|table|" |  |  |  |  | - | "
Chama-Town-Council-2024-Output-Based-Budget.pdf|budget|2024|both|19|table|" |  |  |  |  | - | "
Chama-Town-Council-2024-Output-Based-Budget.pdf|budget|2024|both|19|table|" |  |  |  |  | - | "
Chama-Town-Council-2024-Output-Based-Budget.pdf|budget|2024|both|19|table|" |  |  |  |  | - | "
Chama-Town-Council-2024-Output-Based-Budget.pdf|budget|2024|both|19|table|" |  |  |  |  | - | "
Chama-Town-Council-2024-Output-Based-Budget.pdf|budget|2024|both|19|table|" |  |  |  |  | - | "
Chama-Town-Council-2024-Output-Based-Budget.pdf|budget|2024|both|19|table|" |  |  |  |  | - | "
Chama-Town-Council-2024-Output-Based-Budget.pdf|budget|2024|both|19|table|" |  |  |  |  | - | "
Chama-Town-Council-2024-Output-Based-Budget.pdf|budget|2024|both|19|table|"Programme Total | (0) | (0) |  | - | (0) | 1,466,351"
Chama-Town-Council-2024-Output-Based-Budget.pdf|budget|2024|both|19|table|"PROGRAMME/SUBPROGRAMME | 2022 BUDGET |  | 2023 BUDGET |  |  | 2024 BUDGET | "
Chama-Town-Council-2024-Output-Based-Budget.pdf|budget|2024|both|19|table|" | Approved | Expendit
ure | Approved |  | Expendit
ure* | Estimates | "
Chama-Town-Council-2024-Output-Based-Budget.pdf|budget|2024|both|19|table|"6 Housing and Community Amenities
029Roads and Drainages
031Street Lighting | (0)
(0)
(0) | (0)
(0) | -
-
- |  | (0)
(0) | 1,466,351
874,687
591,664 | "
Chama-Town-Council-2024-Output-Based-Budget.pdf|budget|2024|both|19|table|"Programme Total | (0) | (0) |  |  | - (0) | 1,14,6466,63,53151 | "
Chama-Town-Council-2024-Output-Based-Budget.pdf|budget|2024|both|20|table|"Key Output and Output Indicator | 2022 |  | 2023 |  | 2024"
Chama-Town-Council-2024-Output-Based-Budget.pdf|budget|2024|both|20|table|" | Target | Actual | Target | Actual* | Target"
Chama-Town-Council-2024-Output-Based-Budget.pdf|budget|2024|both|20|table|"Roads Maintained
01 Number of roads named
02 Number of access roads created
03 Number of township roads rehabilitated | (0)
(0)
(0) | (0)
(0)
(0) | (0)
(0)
(0) | (0)
(0)
(0) | 20
10
10"
Chama-Town-Council-2024-Output-Based-Budget.pdf|budget|2024|both|20|table|"Street lights installed within the CBD
01 Number of Solar street lights installed within the CBD
02 Number of Solar street lights repaired | (0)
(0) | (0)
(0) | (0)
(0) | (0)
(0) | 10
10"
Chama-Town-Council-2024-Output-Based-Budget.pdf|budget|2024|both|21|table|"ECONOMIC CLASSIFICATION | 2022 BUDGET |  |  | 2023 BUDGET |  | 2024 BUDGET"
Chama-Town-Council-2024-Output-Based-Budget.pdf|budget|2024|both|21|table|" | Approved | Expendit
ure |  | Approved | Expendit
ure* | Estimates"
Chama-Town-Council-2024-Output-Based-Budget.pdf|budget|2024|both|21|table|"01Personal Emoluments
02Other Emoluments
01
02Use of Goods and Services
02General Operations
01 | -
-
-
-
-
- | -
-
-
-
-
- |  | -
-
-
-
-
- | - | 18,000
18,000
18,000
254,621
254,621
254,621"
Chama-Town-Council-2024-Output-Based-Budget.pdf|budget|2024|both|21|table|" |  |  |  |  | - | "
Chama-Town-Council-2024-Output-Based-Budget.pdf|budget|2024|both|21|table|" |  |  |  |  | - | "
Chama-Town-Council-2024-Output-Based-Budget.pdf|budget|2024|both|21|table|" |  |  |  |  | - | "
Chama-Town-Council-2024-Output-Based-Budget.pdf|budget|2024|both|21|table|" |  |  |  |  | - | "
Chama-Town-Council-2024-Output-Based-Budget.pdf|budget|2024|both|21|table|" |  |  |  |  | - | "
Chama-Town-Council-2024-Output-Based-Budget.pdf|budget|2024|both|21|table|"Programme Total | (0) | (0) |  | - | (0) | 272,621"
Chama-Town-Council-2024-Output-Based-Budget.pdf|budget|2024|both|21|table|"PROGRAMME/SUBPROGRAMME | 2022 BUDGET |  | 2023 BUDGET |  |  | 2024 BUDGET | "
Chama-Town-Council-2024-Output-Based-Budget.pdf|budget|2024|both|21|table|" | Approved | Expendit
ure | Approved |  | Expendit
ure* | Estimates | "
Chama-Town-Council-2024-Output-Based-Budget.pdf|budget|2024|both|21|table|"7 Recreation Culture and Religion
001Cultural Affairs
042Sports Promotion | (0)
(0)
(0) | (0)
(0) | -
-
- |  | (0)
(0) | 272,621
14,000
258,621 | "
Chama-Town-Council-2024-Output-Based-Budget.pdf|budget|2024|both|21|table|"Programme Total | (0) | (0) |  |  | - (0) | 2722,7622,1621 | "
Chama-Town-Council-2024-Output-Based-Budget.pdf|budget|2024|both|22|table|"Key Output and Output Indicator | 2022 |  | 2023 |  | 2024"
Chama-Town-Council-2024-Output-Based-Budget.pdf|budget|2024|both|22|table|" | Target | Actual | Target | Actual* | Target"
Chama-Town-Council-2024-Output-Based-Budget.pdf|budget|2024|both|22|table|"Recreation Culture and Religion Promoted
01 Number of creative and cultiural industrial products marketed
05 Number of traditional ceremonies held
06 Number of traditonal practioners registered | (0)
(0)
(0) | (0)
(0)
(0) | (0)
(0)
(0) | (0)
(0)
(0) | 1
3
1"
Chama-Town-Council-2024-Output-Based-Budget.pdf|budget|2024|both|22|table|"Increased participation in community sports activities
01 Number of community safe spaces created and parks identified
02 Number of community coaches identified and trained | (0)
(0) | (0)
(0) | (0)
(0) | (0)
(0) | 1
4"
Chama-Town-Council-2024-Output-Based-Budget.pdf|budget|2024|both|22|table|"Health & fitness promoted through sports
01 Number of sports activities conducted | (0) | (0) | (0) | (0) | 5"
Chama-Town-Council-2024-Output-Based-Budget.pdf|budget|2024|both|23|table|"ECONOMIC CLASSIFICATION | 2022 BUDGET |  | 2023 BUDGET |  | 2024 BUDGET"
Chama-Town-Council-2024-Output-Based-Budget.pdf|budget|2024|both|23|table|" | Approved | Expendi
ure | t Approved | Expendit
ure* | Estimates"
Chama-Town-Council-2024-Output-Based-Budget.pdf|budget|2024|both|23|table|"02Use of Goods and Services
02General Operations
02 | -
-
- | -
-
- | -
-
- | - | 19,241
19,241
19,241"
Chama-Town-Council-2024-Output-Based-Budget.pdf|budget|2024|both|23|table|" |  |  |  | - | "
Chama-Town-Council-2024-Output-Based-Budget.pdf|budget|2024|both|23|table|" |  |  |  | - | "
Chama-Town-Council-2024-Output-Based-Budget.pdf|budget|2024|both|23|table|"Programme Total | (0) | (0) | - | (0) | 19,241"
Chama-Town-Council-2024-Output-Based-Budget.pdf|budget|2024|both|23|table|"PROGRAMME/SUBPROGRAMME | 2022 BUDGET |  | 2023 BUDGET |  |  | 2024 BUDGET | "
Chama-Town-Council-2024-Output-Based-Budget.pdf|budget|2024|both|23|table|" | Approved | Expendit
ure | Approved |  | Expendit
ure* | Estimates | "
Chama-Town-Council-2024-Output-Based-Budget.pdf|budget|2024|both|23|table|"8 Education and Skills Development
001District archives | (0)
(0) | (0) | -
- |  | (0) | 19,241
19,241 | "
Chama-Town-Council-2024-Output-Based-Budget.pdf|budget|2024|both|23|table|"Programme Total | (0) | (0) |  |  | - (0) | 19,21491,241 | "
Chama-Town-Council-2024-Output-Based-Budget.pdf|budget|2024|both|23|table|"Key Output and Output Indicator | 2022 |  | 2023 |  | 2024"
Chama-Town-Council-2024-Output-Based-Budget.pdf|budget|2024|both|23|table|" | Target | Actual | Target | Actual* | Target"
Chama-Town-Council-2024-Output-Based-Budget.pdf|budget|2024|both|23|table|"District Records Surveyed
01 Number of record suveys conducted annually | (0) | (0) | (0) | (0) | 1"
Chama-Town-Council-2024-Output-Based-Budget.pdf|budget|2024|both|23|table|"District Records Preserved
01 Number of records preserved | (0) | (0) | (0) | (0) | 10"
Chama-Town-Council-2024-Output-Based-Budget.pdf|budget|2024|both|24|table|"ECONOMIC CLASSIFICATION | 2022 BUDGET |  |  | 2023 BUDGET |  | 2024 BUDGET"
Chama-Town-Council-2024-Output-Based-Budget.pdf|budget|2024|both|24|table|" | Approved | Expendit
ure |  | Approved | Expendit
ure* | Estimates"
Chama-Town-Council-2024-Output-Based-Budget.pdf|budget|2024|both|24|table|"01Personal Emoluments
01Salaries and Wages
01
02
02Use of Goods and Services
02General Operations
01
02
04Assets
01Non-Financial Assets (Capital Expenditure)
01 | -
-
-
-
-
-
-
-
-
-
- | -
-
-
-
-
-
-
-
-
-
- |  | -
-
-
-
-
-
-
-
-
-
- | - | 1,105,378
1,105,378
389,755
715,623
184,066
184,066
116,856
67,210
5,200
5,200
5,200"
Chama-Town-Council-2024-Output-Based-Budget.pdf|budget|2024|both|24|table|" |  |  |  |  | - | "
Chama-Town-Council-2024-Output-Based-Budget.pdf|budget|2024|both|24|table|" |  |  |  |  | - | "
Chama-Town-Council-2024-Output-Based-Budget.pdf|budget|2024|both|24|table|" |  |  |  |  | - | "
Chama-Town-Council-2024-Output-Based-Budget.pdf|budget|2024|both|24|table|" |  |  |  |  | - | "
Chama-Town-Council-2024-Output-Based-Budget.pdf|budget|2024|both|24|table|" |  |  |  |  | - | "
Chama-Town-Council-2024-Output-Based-Budget.pdf|budget|2024|both|24|table|" |  |  |  |  | - | "
Chama-Town-Council-2024-Output-Based-Budget.pdf|budget|2024|both|24|table|" |  |  |  |  | - | "
Chama-Town-Council-2024-Output-Based-Budget.pdf|budget|2024|both|24|table|" |  |  |  |  | - | "
Chama-Town-Council-2024-Output-Based-Budget.pdf|budget|2024|both|24|table|" |  |  |  |  | - | "
Chama-Town-Council-2024-Output-Based-Budget.pdf|budget|2024|both|24|table|" |  |  |  |  | - | "
Chama-Town-Council-2024-Output-Based-Budget.pdf|budget|2024|both|24|table|"Programme Total | (0) | (0) |  | - | (0) | 1,294,644"
Chama-Town-Council-2024-Output-Based-Budget.pdf|budget|2024|both|24|table|"PROGRAMME/SUBPROGRAMME | 2022 BUDGET |  | 2023 BUDGET |  |  | 2024 BUDGET | "
Chama-Town-Council-2024-Output-Based-Budget.pdf|budget|2024|both|24|table|" | Approved | Expendit
ure | Approved |  | Expendit
ure* | Estimates | "
Chama-Town-Council-2024-Output-Based-Budget.pdf|budget|2024|both|24|table|"10 Public Order and Safety
018Community Policing
041Fire Protection Services
067Building Regulations | (0)
(0)
(0)
(0) | (0)
(0)
(0) | -
-
-
- |  | (0)
(0)
(0) | 1,294,644
782,833
327,657
184,154 | "
Chama-Town-Council-2024-Output-Based-Budget.pdf|budget|2024|both|24|table|"Programme Total | (0) | (0) |  |  | - (0) | 1,12,9249,46,46444 | "
Chama-Town-Council-2024-Output-Based-Budget.pdf|budget|2024|both|25|table|"Key Output and Output Indicator | 2022 |  | 2023 |  | 2024"
Chama-Town-Council-2024-Output-Based-Budget.pdf|budget|2024|both|25|table|" | Target | Actual | Target | Actual* | Target"
Chama-Town-Council-2024-Output-Based-Budget.pdf|budget|2024|both|25|table|"Public premises policed & secured
01 Number of taskforce patrols conducted
02 Number of stakeholder sensitization meetings on security conducted | (0)
(0) | (0)
(0) | (0)
(0) | (0)
(0) | 12
4"
Chama-Town-Council-2024-Output-Based-Budget.pdf|budget|2024|both|25|table|"Development controls conducted
01 Number of development controls conducted | (0) | (0) | (0) | (0) | 40"
Chama-Town-Council-2024-Output-Based-Budget.pdf|budget|2024|both|25|table|"Fire-officers trained
01 Number of Fire-officers Trained | (0) | (0) | (0) | (0) | 1"
Chama-Town-Council-2024-Output-Based-Budget.pdf|budget|2024|both|25|table|"Buildings inspected for fire safety
01 Number of fire and safety inspections conducted
02 Number of sesnitization meetings conducted | (0)
(0) | (0)
(0) | (0)
(0) | (0)
(0) | 450
8"
Chama-Town-Council-2024-Output-Based-Budget.pdf|budget|2024|both|26|table|"ECONOMIC CLASSIFICATION | 2022 BUDGET |  |  |  | 2023 BUDGET |  | 2024 BUDGET"
Chama-Town-Council-2024-Output-Based-Budget.pdf|budget|2024|both|26|table|" | Approved | Expendit
ure |  |  | Approved | Expendit
ure* | Estimates"
Chama-Town-Council-2024-Output-Based-Budget.pdf|budget|2024|both|26|table|"01Personal Emoluments
01Salaries and Wages
01
02
03
04
08
02Use of Goods and Services
02General Operations
01
02
03
04
08
04Assets
01Non-Financial Assets (Capital Expenditure)
01
03
04
05Liabilities
01 Outstanding Bills
03 | -
-
-
-
-
-
-
-
-
-
-
-
-
-
-
-
-
-
-
-
-
- | -
-
-
-
-
-
-
-
-
-
-
-
-
-
-
-
-
-
-
-
-
- |  |  | -
-
-
-
-
-
-
-
-
-
-
-
-
-
-
-
-
-
-
-
-
- | - | 3,611,107
3,611,107
2,455,120
362,860
187,063
224,547
381,517
1,098,271
1,098,271
581,282
69,640
39,174
147,273
260,902
101,530
101,530
67,000
3,500
31,030
150,000
150,000
150,000"
Chama-Town-Council-2024-Output-Based-Budget.pdf|budget|2024|both|26|table|" |  |  |  |  |  | - | "
Chama-Town-Council-2024-Output-Based-Budget.pdf|budget|2024|both|26|table|" |  |  |  |  |  | - | "
Chama-Town-Council-2024-Output-Based-Budget.pdf|budget|2024|both|26|table|" |  |  |  |  |  | - | "
Chama-Town-Council-2024-Output-Based-Budget.pdf|budget|2024|both|26|table|" |  |  |  |  |  | - | "
Chama-Town-Council-2024-Output-Based-Budget.pdf|budget|2024|both|26|table|" |  |  |  |  |  | - | "
Chama-Town-Council-2024-Output-Based-Budget.pdf|budget|2024|both|26|table|" |  |  |  |  |  | - | "
Chama-Town-Council-2024-Output-Based-Budget.pdf|budget|2024|both|26|table|" |  |  |  |  |  | - | "
Chama-Town-Council-2024-Output-Based-Budget.pdf|budget|2024|both|26|table|" |  |  |  |  |  | - | "
Chama-Town-Council-2024-Output-Based-Budget.pdf|budget|2024|both|26|table|" |  |  |  |  |  | - | "
Chama-Town-Council-2024-Output-Based-Budget.pdf|budget|2024|both|26|table|" |  |  |  |  |  | - | "
Chama-Town-Council-2024-Output-Based-Budget.pdf|budget|2024|both|26|table|" |  |  |  |  |  | - | "
Chama-Town-Council-2024-Output-Based-Budget.pdf|budget|2024|both|26|table|" |  |  |  |  |  | - | "
Chama-Town-Council-2024-Output-Based-Budget.pdf|budget|2024|both|26|table|" |  |  |  |  |  | - | "
Chama-Town-Council-2024-Output-Based-Budget.pdf|budget|2024|both|26|table|" |  |  |  |  |  | - | "
Chama-Town-Council-2024-Output-Based-Budget.pdf|budget|2024|both|26|table|" |  |  |  |  |  | - | "
Chama-Town-Council-2024-Output-Based-Budget.pdf|budget|2024|both|26|table|" |  |  |  |  |  | - | "
Chama-Town-Council-2024-Output-Based-Budget.pdf|budget|2024|both|26|table|" |  |  |  |  |  | - | "
Chama-Town-Council-2024-Output-Based-Budget.pdf|budget|2024|both|26|table|" |  |  |  |  |  | - | "
Chama-Town-Council-2024-Output-Based-Budget.pdf|budget|2024|both|26|table|" |  |  |  |  |  | - | "
Chama-Town-Council-2024-Output-Based-Budget.pdf|budget|2024|both|26|table|" |  |  |  |  |  | - | "
Chama-Town-Council-2024-Output-Based-Budget.pdf|budget|2024|both|26|table|" |  |  |  |  |  | - | "
Chama-Town-Council-2024-Output-Based-Budget.pdf|budget|2024|both|26|table|"Programme Total | (0) | (0) |  |  | - | (0) | 4,960,908"
Chama-Town-Council-2024-Output-Based-Budget.pdf|budget|2024|both|27|table|"PROGRAMME/SUBPROGRAMME | 2022 BUDGET |  | 2023 BUDGET |  |  | 2024 BUDGET | "
Chama-Town-Council-2024-Output-Based-Budget.pdf|budget|2024|both|27|table|" | Approved | Expendit
ure | Approved |  | Expendit
ure* | Estimates | "
Chama-Town-Council-2024-Output-Based-Budget.pdf|budget|2024|both|27|table|"11 Management and Support Services
001(cid:9)Human Resource and Administration
003Public Relations
009Auditing
016Procurement Management
024ICT
028Executive Management
035Accounting Management | (0)
(0)
(0)
(0)
(0)
(0)
(0)
(0) | (0)
(0)
(0)
(0)
(0)
(0)
(0) | -
-
-
-
-
-
-
- |  | (0)
(0)
(0)
(0)
(0)
(0)
(0) | 4,960,908
2,695,630
168,145
432,500
407,772
402,850
642,419
211,592 | "
Chama-Town-Council-2024-Output-Based-Budget.pdf|budget|2024|both|27|table|"Programme Total | (0) | (0) |  |  | - (0) | 4,49,6906,09,09808 | "
Chama-Town-Council-2024-Output-Based-Budget.pdf|budget|2024|both|28|table|"Key Output and Output Indicator | 2022 |  | 2023 |  | 2024"
Chama-Town-Council-2024-Output-Based-Budget.pdf|budget|2024|both|28|table|" | Target | Actual | Target | Actual* | Target"
Chama-Town-Council-2024-Output-Based-Budget.pdf|budget|2024|both|28|table|"Internal Audit reports prepared
01 Number of Internal Audit reports produced | (0) | (0) | (0) | (0) | 4"
Chama-Town-Council-2024-Output-Based-Budget.pdf|budget|2024|both|28|table|"Procurement plan prepared & approved
01 Number of Procuremement plans prepared
02 Number of procurement reports submitted to ZPPA | (0)
(0) | (0)
(0) | (0)
(0) | (0)
(0) | 1
4"
Chama-Town-Council-2024-Output-Based-Budget.pdf|budget|2024|both|28|table|"Council Resolutions Implemented
01 Number of Management meetings conducted
02 Number of monitoring and evaluation activities Conducted | (0)
(0) | (0)
(0) | (0)
(0) | (0)
(0) | 16
16"
Chama-Town-Council-2024-Output-Based-Budget.pdf|budget|2024|both|28|table|"Staff Matters handled
01 Number of HRMC meeting held
02 Number of Staff returns submitted | (0)
(0) | (0)
(0) | (0)
(0) | (0)
(0) | 12
4"
Chama-Town-Council-2024-Output-Based-Budget.pdf|budget|2024|both|28|table|"National Events Commemorated
01 Number of state functions commemorated | (0) | (0) | (0) | (0) | 4"
Chama-Town-Council-2024-Output-Based-Budget.pdf|budget|2024|both|28|table|"News letters/reports prepared
01 Number of news articles published | (0) | (0) | (0) | (0) | 48"
Chama-Town-Council-2024-Output-Based-Budget.pdf|budget|2024|both|28|table|"Annual budget prepared
01 Number of Annual budgets prepared | (0) | (0) | (0) | (0) | 1"
Chama-Town-Council-2024-Output-Based-Budget.pdf|budget|2024|both|28|table|"Quarterly Financial reports produced
01 Number of quarterly Financial reports produced | (0) | (0) | (0) | (0) | 4"
Chama-Town-Council-2024-Output-Based-Budget.pdf|budget|2024|both|28|table|"Institutional debt reduced
01 Amount of debt in Kwacha liquidated | (0) | (0) | (0) | (0) | 150,000"
Chama-Town-Council-2024-Output-Based-Budget.pdf|budget|2024|both|28|table|"Financial statements prepared
01 Number of Financial statements prepared | (0) | (0) | (0) | (0) | 1"
Chama-Town-Council-2024-Output-Based-Budget.pdf|budget|2024|both|29|table|"ECONOMIC CLASSIFICATION | 2022 BUDGET |  |  | 2023 BUDGET |  | 2024 BUDGET"
Chama-Town-Council-2024-Output-Based-Budget.pdf|budget|2024|both|29|table|" | Approved | Expendit
ure |  | Approved | Expendit
ure* | Estimates"
Chama-Town-Council-2024-Output-Based-Budget.pdf|budget|2024|both|29|table|"01Personal Emoluments
01Salaries and Wages
07
02Use of Goods and Services
02General Operations
07
04Assets
01Non-Financial Assets (Capital Expenditure)
07 | -
-
-
-
-
-
-
-
- | -
-
-
-
-
-
-
-
- |  | -
-
-
-
-
-
-
-
- | - | 1,515,540
1,515,540
1,515,540
626,622
626,622
626,622
120,000
120,000
120,000"
Chama-Town-Council-2024-Output-Based-Budget.pdf|budget|2024|both|29|table|" |  |  |  |  | - | "
Chama-Town-Council-2024-Output-Based-Budget.pdf|budget|2024|both|29|table|" |  |  |  |  | - | "
Chama-Town-Council-2024-Output-Based-Budget.pdf|budget|2024|both|29|table|" |  |  |  |  | - | "
Chama-Town-Council-2024-Output-Based-Budget.pdf|budget|2024|both|29|table|" |  |  |  |  | - | "
Chama-Town-Council-2024-Output-Based-Budget.pdf|budget|2024|both|29|table|" |  |  |  |  | - | "
Chama-Town-Council-2024-Output-Based-Budget.pdf|budget|2024|both|29|table|" |  |  |  |  | - | "
Chama-Town-Council-2024-Output-Based-Budget.pdf|budget|2024|both|29|table|" |  |  |  |  | - | "
Chama-Town-Council-2024-Output-Based-Budget.pdf|budget|2024|both|29|table|" |  |  |  |  | - | "
Chama-Town-Council-2024-Output-Based-Budget.pdf|budget|2024|both|29|table|"Programme Total | (0) | (0) |  | - | (0) | 2,262,162"
Chama-Town-Council-2024-Output-Based-Budget.pdf|budget|2024|both|29|table|"PROGRAMME/SUBPROGRAMME | 2022 BUDGET |  | 2023 BUDGET |  |  | 2024 BUDGET | "
Chama-Town-Council-2024-Output-Based-Budget.pdf|budget|2024|both|29|table|" | Approved | Expendit
ure | Approved |  | Expendit
ure* | Estimates | "
Chama-Town-Council-2024-Output-Based-Budget.pdf|budget|2024|both|29|table|"12 Resource Mobilisation and Management
067Revenue Mobilisation and Enhancement | (0)
(0) | (0) | -
- |  | (0) | 2,262,162
2,262,162 | "
Chama-Town-Council-2024-Output-Based-Budget.pdf|budget|2024|both|29|table|"Programme Total | (0) | (0) |  |  | - (0) | 2,22,6226,21,61262 | "
Chama-Town-Council-2024-Output-Based-Budget.pdf|budget|2024|both|30|table|"Key Output and Output Indicator | 2022 |  | 2023 |  | 2024"
Chama-Town-Council-2024-Output-Based-Budget.pdf|budget|2024|both|30|table|" | Target | Actual | Target | Actual* | Target"
Chama-Town-Council-2024-Output-Based-Budget.pdf|budget|2024|both|30|table|"Commercial business ventures enhanced
01 Number of market rehabilitated
02 Number of motorbike procured for revenue collection
03 Number of Barrier houses constructed
04 Number of Wall fences constructed around North Luangwa lodge | (0)
(0)
(0)
(0) | (0)
(0)
(0)
(0) | (0)
(0)
(0)
(0) | (0)
(0)
(0)
(0) | 1
2
1
1"
Chama-Town-Council-2024-Output-Based-Budget.pdf|budget|2024|both|31|table|"ECONOMIC CLASSIFICATION | 2022 BUDGET |  |  | 2023 BUDGET |  | 2024 BUDGET"
Chama-Town-Council-2024-Output-Based-Budget.pdf|budget|2024|both|31|table|" | Approved | Expendit
ure |  | Approved | Expendit
ure* | Estimates"
Chama-Town-Council-2024-Output-Based-Budget.pdf|budget|2024|both|31|table|"02Use of Goods and Services
02General Operations
01 | -
-
- | -
-
- |  | -
-
- | - | 5,559,799
5,559,799
5,559,799"
Chama-Town-Council-2024-Output-Based-Budget.pdf|budget|2024|both|31|table|" |  |  |  |  | - | "
Chama-Town-Council-2024-Output-Based-Budget.pdf|budget|2024|both|31|table|" |  |  |  |  | - | "
Chama-Town-Council-2024-Output-Based-Budget.pdf|budget|2024|both|31|table|"Programme Total | (0) | (0) |  | - | (0) | 5,559,799"
Chama-Town-Council-2024-Output-Based-Budget.pdf|budget|2024|both|31|table|"PROGRAMME/SUBPROGRAMME | 2022 BUDGET |  | 2023 BUDGET |  |  | 2024 BUDGET | "
Chama-Town-Council-2024-Output-Based-Budget.pdf|budget|2024|both|31|table|" | Approved | Expendit
ure | Approved |  | Expendit
ure* | Estimates | "
Chama-Town-Council-2024-Output-Based-Budget.pdf|budget|2024|both|31|table|"13 District Health servcies
001Primary Health Services
002District Health Coordination | (0)
(0)
(0) | (0)
(0) | -
-
- |  | (0)
(0) | 5,559,799
4,892,908
666,891 | "
Chama-Town-Council-2024-Output-Based-Budget.pdf|budget|2024|both|31|table|"Programme Total | (0) | (0) |  |  | - (0) | 5,55,5595,97,97999 | "
Chama-Town-Council-2024-Output-Based-Budget.pdf|budget|2024|both|32|table|"Key Output and Output Indicator | 2022 |  | 2023 |  | 2024"
Chama-Town-Council-2024-Output-Based-Budget.pdf|budget|2024|both|32|table|" | Target | Actual | Target | Actual* | Target"
Chama-Town-Council-2024-Output-Based-Budget.pdf|budget|2024|both|32|table|"Deliveries by skilled personnel conducted
01 Percentage of deliveries conducted by skilled personnel | (0) | (0) | (0) | (0) | 100"
Chama-Town-Council-2024-Output-Based-Budget.pdf|budget|2024|both|32|table|"Health centres with at least one qualified Health Worker
01 Percentage of Health centres with at least one qualified health worker | (0) | (0) | (0) | (0) | 100"
Chama-Town-Council-2024-Output-Based-Budget.pdf|budget|2024|both|32|table|"Outpatient Utilisation per capita provided
01 Number of Outpatient utilisation per capita | (0) | (0) | (0) | (0) | 2"
Chama-Town-Council-2024-Output-Based-Budget.pdf|budget|2024|both|32|table|"Percentage of Post operative Wound infection treated
01 Percentage post operative would infection (less 1 percent) | (0) | (0) | (0) | (0) | 1"
Chama-Town-Council-2024-Output-Based-Budget.pdf|budget|2024|both|32|table|"Quarterly performance done conducted
01 Number of Health Facilities Assessed
02 Number of Pre Performance Meetings conducted
03 Number of Desk Review Meetings Held | (0)
(0)
(0) | (0)
(0)
(0) | (0)
(0)
(0) | (0)
(0)
(0) | 46
4
4"
Chama-Town-Council-2024-Output-Based-Budget.pdf|budget|2024|both|32|table|"Technical Support and supervision provided
01 Number of health facilities that have received technical support | (0) | (0) | (0) | (0) | 46"
Chama-Town-Council-2024-Output-Based-Budget.pdf|budget|2024|both|33|table|"ECONOMIC CLASSIFICATION | 2022 BUDGET |  |  | 2023 BUDGET |  | 2024 BUDGET"
Chama-Town-Council-2024-Output-Based-Budget.pdf|budget|2024|both|33|table|" | Approved | Expendit
ure |  | Approved | Expendit
ure* | Estimates"
Chama-Town-Council-2024-Output-Based-Budget.pdf|budget|2024|both|33|table|"02Use of Goods and Services
02General Operations
01 | -
-
- | -
-
- |  | -
-
- | - | 137,101
137,101
137,101"
Chama-Town-Council-2024-Output-Based-Budget.pdf|budget|2024|both|33|table|" |  |  |  |  | - | "
Chama-Town-Council-2024-Output-Based-Budget.pdf|budget|2024|both|33|table|" |  |  |  |  | - | "
Chama-Town-Council-2024-Output-Based-Budget.pdf|budget|2024|both|33|table|"Programme Total | (0) | (0) |  | - | (0) | 137,101"
Chama-Town-Council-2024-Output-Based-Budget.pdf|budget|2024|both|33|table|"PROGRAMME/SUBPROGRAMME | 2022 BUDGET |  | 2023 BUDGET |  |  | 2024 BUDGET | "
Chama-Town-Council-2024-Output-Based-Budget.pdf|budget|2024|both|33|table|" | Approved | Expendit
ure | Approved |  | Expendit
ure* | Estimates | "
Chama-Town-Council-2024-Output-Based-Budget.pdf|budget|2024|both|33|table|"14 Veterinary services
002District Veterinary Services Coordination | (0)
(0) | (0) | -
- |  | (0) | 137,101
137,101 | "
Chama-Town-Council-2024-Output-Based-Budget.pdf|budget|2024|both|33|table|"Programme Total | (0) | (0) |  |  | - (0) | 1371,3170,1101 | "
Chama-Town-Council-2024-Output-Based-Budget.pdf|budget|2024|both|34|table|"Key Output and Output Indicator | 2022 |  | 2023 |  | 2024"
Chama-Town-Council-2024-Output-Based-Budget.pdf|budget|2024|both|34|table|" | Target | Actual | Target | Actual* | Target"
Chama-Town-Council-2024-Output-Based-Budget.pdf|budget|2024|both|34|table|"Animal Health Extension Services Conducted
01 Number of Routine Vaccinations Conducted | (0) | (0) | (0) | (0) | 12"
Chama-Town-Council-2024-Output-Based-Budget.pdf|budget|2024|both|34|table|"Animal Health Public Services Conducted
01 Number of animals and Meat Inspections Conducted | (0) | (0) | (0) | (0) | 24"
Chama-Town-Council-2024-Output-Based-Budget.pdf|budget|2024|both|34|table|"Community sensitisation conducted
01 Number of Community Sensitization Activities conducted
02 Number of Radio Sensitization programmes conducted | (0)
(0) | (0)
(0) | (0)
(0) | (0)
(0) | 4
4"
Chama-Town-Council-2024-Output-Based-Budget.pdf|budget|2024|both|34|table|"Stock Movement Permits Issued
01 Number of Stock Permits Issued | (0) | (0) | (0) | (0) | 6"
Chama-Town-Council-2024-Output-Based-Budget.pdf|budget|2024|both|34|table|"Animal identification and traceability activity conducted
01 Number of Farms Registered
02 Number of Animals Registered | (0)
(0) | (0)
(0) | (0)
(0) | (0)
(0) | 10
6"
Chama-Town-Council-2024-Output-Based-Budget.pdf|budget|2024|both|34|table|"Management and Support Services provided
01 Number of staff training conducted | (0) | (0) | (0) | (0) | 2"
Chama-Town-Council-2024-Output-Based-Budget.pdf|budget|2024|both|35|table|"ECONOMIC CLASSIFICATION | 2022 BUDGET |  | 2023 BUDGET |  | 2024 BUDGET"
Chama-Town-Council-2024-Output-Based-Budget.pdf|budget|2024|both|35|table|" | Approved | Expendi
ure | t Approved | Expendit
ure* | Estimates"
Chama-Town-Council-2024-Output-Based-Budget.pdf|budget|2024|both|35|table|"04Assets
01Non-Financial Assets (Capital Expenditure)
02 | -
-
- | -
-
- | -
-
- | - | 3,742,847
3,742,847
3,742,847"
Chama-Town-Council-2024-Output-Based-Budget.pdf|budget|2024|both|35|table|" |  |  |  | - | "
Chama-Town-Council-2024-Output-Based-Budget.pdf|budget|2024|both|35|table|" |  |  |  | - | "
Chama-Town-Council-2024-Output-Based-Budget.pdf|budget|2024|both|35|table|"Programme Total | (0) | (0) | - | (0) | 3,742,847"
Chama-Town-Council-2024-Output-Based-Budget.pdf|budget|2024|both|35|table|"PROGRAMME/SUBPROGRAMME | 2022 BUDGET |  | 2023 BUDGET |  |  | 2024 BUDGET | "
Chama-Town-Council-2024-Output-Based-Budget.pdf|budget|2024|both|35|table|" | Approved | Expendit
ure | Approved |  | Expendit
ure* | Estimates | "
Chama-Town-Council-2024-Output-Based-Budget.pdf|budget|2024|both|35|table|"15 Transport Services
001Road Transport | (0)
(0) | (0) | -
- |  | (0) | 3,742,847
3,742,847 | "
Chama-Town-Council-2024-Output-Based-Budget.pdf|budget|2024|both|35|table|"Programme Total | (0) | (0) |  |  | - (0) | 3,37,4724,28,48747 | "
Chama-Town-Council-2024-Output-Based-Budget.pdf|budget|2024|both|35|table|"Key Output and Output Indicator | 2022 |  | 2023 |  | 2024"
Chama-Town-Council-2024-Output-Based-Budget.pdf|budget|2024|both|35|table|" | Target | Actual | Target | Actual* | Target"
Chama-Town-Council-2024-Output-Based-Budget.pdf|budget|2024|both|35|table|"Acesss roads maintained
01 Kilometre of roads maintained | (0) | (0) | (0) | (0) | 100"
Chama-Town-Council-2024-Output-Based-Budget.pdf|budget|2024|both|36|table|"Geographic
Location | Key Outputs and Outputs Indicator | MTEF Output Target |  | "
Chama-Town-Council-2024-Output-Based-Budget.pdf|budget|2024|both|36|table|" |  | 2022 | 2023 | 2024"
Chama-Town-Council-2024-Output-Based-Budget.pdf|budget|2024|both|37|text_fallback|OUTPUT BASED ANNUAL BUDGET Page 37
Chama-Town-Council-2024-Output-Based-Budget.pdf|budget|2024|both|37|text_fallback|HEA 9509 CHAMA TOWN COUNCIL
Chama-Town-Council-2024-Output-Based-Budget.pdf|budget|2024|both|37|text_fallback|D
Chama-Town-Council-2024-Output-Based-Budget.pdf|budget|2024|both|37|text_fallback|1 No. of Special Committee Meetings Held 2 (0) (0)
Chama-Town-Council-2024-Output-Based-Budget.pdf|budget|2024|both|37|text_fallback|01Stakeholder engagement Meetings Held
Chama-Town-Council-2024-Output-Based-Budget.pdf|budget|2024|both|37|text_fallback|1 No of stakeholders’ meetings held 4 (0) (0)
Chama-Town-Council-2024-Output-Based-Budget.pdf|budget|2024|both|37|text_fallback|01Trees Planted in the District
Chama-Town-Council-2024-Output-Based-Budget.pdf|budget|2024|both|37|text_fallback|1 Number of trees planted 500 (0) (0)
Chama-Town-Council-2024-Output-Based-Budget.pdf|budget|2024|both|37|text_fallback|02Environmental Protection & Awareness Raised
Chama-Town-Council-2024-Output-Based-Budget.pdf|budget|2024|both|37|text_fallback|1 Number of Environmental Project Briefs reviewed and submitted to ZEMA 2 (0) (0)
Chama-Town-Council-2024-Output-Based-Budget.pdf|budget|2024|both|37|text_fallback|2 Number of Cemetery gazzetted 1 (0) (0)
Chama-Town-Council-2024-Output-Based-Budget.pdf|budget|2024|both|37|text_fallback|3 Number of World's Environmental day celebrated 1 (0) (0)
Chama-Town-Council-2024-Output-Based-Budget.pdf|budget|2024|both|37|text_fallback|03Environmental Policy Formulated
Chama-Town-Council-2024-Output-Based-Budget.pdf|budget|2024|both|37|text_fallback|1 Number of Environmental Policy Prepared and approved 1 (0) (0)
Chama-Town-Council-2024-Output-Based-Budget.pdf|budget|2024|both|37|text_fallback|01Plots created
Chama-Town-Council-2024-Output-Based-Budget.pdf|budget|2024|both|37|text_fallback|1 Number of plots surveyed 200 (0) (0)
Chama-Town-Council-2024-Output-Based-Budget.pdf|budget|2024|both|37|text_fallback|2 Number of Building Plans scrutinised and submitted to EPPA 52 (0) (0)
Chama-Town-Council-2024-Output-Based-Budget.pdf|budget|2024|both|37|text_fallback|3 Number of plots allocated 200 (0) (0)
Chama-Town-Council-2024-Output-Based-Budget.pdf|budget|2024|both|37|text_fallback|02Township general layout plan updated
Chama-Town-Council-2024-Output-Based-Budget.pdf|budget|2024|both|37|text_fallback|1 Number of General layout plan updated 1 (0) (0)
Chama-Town-Council-2024-Output-Based-Budget.pdf|budget|2024|both|37|text_fallback|01Awareness on GBV, sexual reproductive health and HIV/AIDS enhanced
Chama-Town-Council-2024-Output-Based-Budget.pdf|budget|2024|both|37|text_fallback|1 Number of HIV/AIDS community sensitization meetings 10 (0) (0)
Chama-Town-Council-2024-Output-Based-Budget.pdf|budget|2024|both|37|text_fallback|2 Number of sensitization meetings on HIV/AIDS Policy (Inhouse) 4 (0) (0)
Chama-Town-Council-2024-Output-Based-Budget.pdf|budget|2024|both|37|text_fallback|3 Number of GESI community sensitization meetings held 10 (0) (0)
Chama-Town-Council-2024-Output-Based-Budget.pdf|budget|2024|both|37|text_fallback|4 Number of World HIV/AIDS Day commemorated 1 (0) (0)
Chama-Town-Council-2024-Output-Based-Budget.pdf|budget|2024|both|37|text_fallback|05Strategic Development Plan Updated
Chama-Town-Council-2024-Output-Based-Budget.pdf|budget|2024|both|37|text_fallback|1 Number of Council Strategic Development Plan Updated 1 (0) (0)
Chama-Town-Council-2024-Output-Based-Budget.pdf|budget|2024|both|37|text_fallback|01Unclaimed bodies buried
Chama-Town-Council-2024-Output-Based-Budget.pdf|budget|2024|both|37|text_fallback|1 Number of unclaimed bodies buried 4 (0) (0)
Chama-Town-Council-2024-Output-Based-Budget.pdf|budget|2024|both|37|text_fallback|02Cemetery Gazzetted
Chama-Town-Council-2024-Output-Based-Budget.pdf|budget|2024|both|37|text_fallback|1 Number of Cemeteries Gazzetted 1 (0) (0)
Chama-Town-Council-2024-Output-Based-Budget.pdf|budget|2024|both|37|text_fallback|01Routine inspections of trading & public premises conducted
Chama-Town-Council-2024-Output-Based-Budget.pdf|budget|2024|both|37|text_fallback|1 Number of Health Inspections conducted in trading places and public Instituions 50 (0) (0)
Chama-Town-Council-2024-Output-Based-Budget.pdf|budget|2024|both|37|text_fallback|01Public premises & households sprayed
Chama-Town-Council-2024-Output-Based-Budget.pdf|budget|2024|both|37|text_fallback|1 Number of pest control activites conducted in public premises & households 12 (0) (0)
Chama-Town-Council-2024-Output-Based-Budget.pdf|budget|2024|both|37|text_fallback|02Dogs in the district registered
Chama-Town-Council-2024-Output-Based-Budget.pdf|budget|2024|both|37|text_fallback|1 Number of dogs registered 60 (0) (0)
Chama-Town-Council-2024-Output-Based-Budget.pdf|budget|2024|both|37|text_fallback|01Garbage Collected
Chama-Town-Council-2024-Output-Based-Budget.pdf|budget|2024|both|37|text_fallback|1 Tonnage of solid waste collected and disposed off 1,440 (0) (0)
Chama-Town-Council-2024-Output-Based-Budget.pdf|budget|2024|both|38|text_fallback|Page 38 OUTPUT BASED ANNUAL BUDGET
Chama-Town-Council-2024-Output-Based-Budget.pdf|budget|2024|both|38|text_fallback|HEA 9509 CHAMA TOWN COUNCIL
Chama-Town-Council-2024-Output-Based-Budget.pdf|budget|2024|both|38|text_fallback|D
Chama-Town-Council-2024-Output-Based-Budget.pdf|budget|2024|both|38|text_fallback|2 Number of keep Zambia clean exercises conducted 52 (0) (0)
Chama-Town-Council-2024-Output-Based-Budget.pdf|budget|2024|both|38|text_fallback|02Dumpsite Maintained
Chama-Town-Council-2024-Output-Based-Budget.pdf|budget|2024|both|38|text_fallback|1 Number of refuse bays constructed 1 (0) (0)
Chama-Town-Council-2024-Output-Based-Budget.pdf|budget|2024|both|38|text_fallback|01Roads Maintained
Chama-Town-Council-2024-Output-Based-Budget.pdf|budget|2024|both|38|text_fallback|1 Number of roads named 20 (0) (0)
Chama-Town-Council-2024-Output-Based-Budget.pdf|budget|2024|both|38|text_fallback|2 Number of access roads created 10 (0) (0)
Chama-Town-Council-2024-Output-Based-Budget.pdf|budget|2024|both|38|text_fallback|3 Number of township roads rehabilitated 10 (0) (0)
Chama-Town-Council-2024-Output-Based-Budget.pdf|budget|2024|both|38|text_fallback|01Street lights installed within the CBD
Chama-Town-Council-2024-Output-Based-Budget.pdf|budget|2024|both|38|text_fallback|1 Number of Solar street lights installed within the CBD 10 (0) (0)
Chama-Town-Council-2024-Output-Based-Budget.pdf|budget|2024|both|38|text_fallback|2 Number of Solar street lights repaired 10 (0) (0)
Chama-Town-Council-2024-Output-Based-Budget.pdf|budget|2024|both|38|text_fallback|01Recreation Culture and Religion Promoted
Chama-Town-Council-2024-Output-Based-Budget.pdf|budget|2024|both|38|text_fallback|1 Number of creative and cultiural industrial products marketed 1 (0) (0)
Chama-Town-Council-2024-Output-Based-Budget.pdf|budget|2024|both|38|text_fallback|5 Number of traditional ceremonies held 3 (0) (0)
Chama-Town-Council-2024-Output-Based-Budget.pdf|budget|2024|both|38|text_fallback|6 Number of traditonal practioners registered 1 (0) (0)
Chama-Town-Council-2024-Output-Based-Budget.pdf|budget|2024|both|38|text_fallback|01Increased participation in community sports activities
Chama-Town-Council-2024-Output-Based-Budget.pdf|budget|2024|both|38|text_fallback|1 Number of community safe spaces created and parks identified 1 (0) (0)
Chama-Town-Council-2024-Output-Based-Budget.pdf|budget|2024|both|38|text_fallback|2 Number of community coaches identified and trained 4 (0) (0)
Chama-Town-Council-2024-Output-Based-Budget.pdf|budget|2024|both|38|text_fallback|02Health & fitness promoted through sports
Chama-Town-Council-2024-Output-Based-Budget.pdf|budget|2024|both|38|text_fallback|1 Number of sports activities conducted 5 (0) (0)
Chama-Town-Council-2024-Output-Based-Budget.pdf|budget|2024|both|38|text_fallback|01District Records Surveyed
Chama-Town-Council-2024-Output-Based-Budget.pdf|budget|2024|both|38|text_fallback|1 Number of record suveys conducted annually 1 (0) (0)
Chama-Town-Council-2024-Output-Based-Budget.pdf|budget|2024|both|38|text_fallback|02District Records Preserved
Chama-Town-Council-2024-Output-Based-Budget.pdf|budget|2024|both|38|text_fallback|1 Number of records preserved 10 (0) (0)
Chama-Town-Council-2024-Output-Based-Budget.pdf|budget|2024|both|38|text_fallback|01Public premises policed & secured
Chama-Town-Council-2024-Output-Based-Budget.pdf|budget|2024|both|38|text_fallback|1 Number of taskforce patrols conducted 12 (0) (0)
Chama-Town-Council-2024-Output-Based-Budget.pdf|budget|2024|both|38|text_fallback|2 Number of stakeholder sensitization meetings on security conducted 4 (0) (0)
Chama-Town-Council-2024-Output-Based-Budget.pdf|budget|2024|both|38|text_fallback|01Fire-officers trained
Chama-Town-Council-2024-Output-Based-Budget.pdf|budget|2024|both|38|text_fallback|1 Number of Fire-officers Trained 1 (0) (0)
Chama-Town-Council-2024-Output-Based-Budget.pdf|budget|2024|both|38|text_fallback|02Buildings inspected for fire safety
Chama-Town-Council-2024-Output-Based-Budget.pdf|budget|2024|both|38|text_fallback|1 Number of fire and safety inspections conducted 450 (0) (0)
Chama-Town-Council-2024-Output-Based-Budget.pdf|budget|2024|both|38|text_fallback|2 Number of sesnitization meetings conducted 8 (0) (0)
Chama-Town-Council-2024-Output-Based-Budget.pdf|budget|2024|both|38|text_fallback|01Development controls conducted
Chama-Town-Council-2024-Output-Based-Budget.pdf|budget|2024|both|38|text_fallback|1 Number of development controls conducted 40 (0) (0)
Chama-Town-Council-2024-Output-Based-Budget.pdf|budget|2024|both|38|text_fallback|01Staff Matters handled
Chama-Town-Council-2024-Output-Based-Budget.pdf|budget|2024|both|38|text_fallback|1 Number of HRMC meeting held 12 (0) (0)
Chama-Town-Council-2024-Output-Based-Budget.pdf|budget|2024|both|38|text_fallback|2 Number of Staff returns submitted 4 (0) (0)
Chama-Town-Council-2024-Output-Based-Budget.pdf|budget|2024|both|39|text_fallback|OUTPUT BASED ANNUAL BUDGET Page 39
Chama-Town-Council-2024-Output-Based-Budget.pdf|budget|2024|both|39|text_fallback|HEA 9509 CHAMA TOWN COUNCIL
Chama-Town-Council-2024-Output-Based-Budget.pdf|budget|2024|both|39|text_fallback|D
Chama-Town-Council-2024-Output-Based-Budget.pdf|budget|2024|both|39|text_fallback|02National Events Commemorated
Chama-Town-Council-2024-Output-Based-Budget.pdf|budget|2024|both|39|text_fallback|1 Number of state functions commemorated 4 (0) (0)
Chama-Town-Council-2024-Output-Based-Budget.pdf|budget|2024|both|39|text_fallback|01News letters/reports prepared
Chama-Town-Council-2024-Output-Based-Budget.pdf|budget|2024|both|39|text_fallback|1 Number of news articles published 48 (0) (0)
Chama-Town-Council-2024-Output-Based-Budget.pdf|budget|2024|both|39|text_fallback|01Internal Audit reports prepared
Chama-Town-Council-2024-Output-Based-Budget.pdf|budget|2024|both|39|text_fallback|1 Number of Internal Audit reports produced 4 4 4
Chama-Town-Council-2024-Output-Based-Budget.pdf|budget|2024|both|39|text_fallback|01Procurement plan prepared & approved
Chama-Town-Council-2024-Output-Based-Budget.pdf|budget|2024|both|39|text_fallback|1 Number of Procuremement plans prepared 1 (0) (0)
Chama-Town-Council-2024-Output-Based-Budget.pdf|budget|2024|both|39|text_fallback|2 Number of procurement reports submitted to ZPPA 4 (0) (0)
Chama-Town-Council-2024-Output-Based-Budget.pdf|budget|2024|both|39|text_fallback|01Council Resolutions Implemented
Chama-Town-Council-2024-Output-Based-Budget.pdf|budget|2024|both|39|text_fallback|1 Number of Management meetings conducted 16 (0) (0)
Chama-Town-Council-2024-Output-Based-Budget.pdf|budget|2024|both|39|text_fallback|2 Number of monitoring and evaluation activities Conducted 16 (0) (0)
Chama-Town-Council-2024-Output-Based-Budget.pdf|budget|2024|both|39|text_fallback|01Annual budget prepared
Chama-Town-Council-2024-Output-Based-Budget.pdf|budget|2024|both|39|text_fallback|1 Number of Annual budgets prepared 1 (0) (0)
Chama-Town-Council-2024-Output-Based-Budget.pdf|budget|2024|both|39|text_fallback|02Quarterly Financial reports produced
Chama-Town-Council-2024-Output-Based-Budget.pdf|budget|2024|both|39|text_fallback|1 Number of quarterly Financial reports produced 4 (0) (0)
Chama-Town-Council-2024-Output-Based-Budget.pdf|budget|2024|both|39|text_fallback|03Institutional debt reduced
Chama-Town-Council-2024-Output-Based-Budget.pdf|budget|2024|both|39|text_fallback|1 Amount of debt in Kwacha liquidated 150,000 (0) (0)
Chama-Town-Council-2024-Output-Based-Budget.pdf|budget|2024|both|39|text_fallback|04Financial statements prepared
Chama-Town-Council-2024-Output-Based-Budget.pdf|budget|2024|both|39|text_fallback|1 Number of Financial statements prepared 1 (0) (0)
Chama-Town-Council-2024-Output-Based-Budget.pdf|budget|2024|both|39|text_fallback|01Commercial business ventures enhanced
Chama-Town-Council-2024-Output-Based-Budget.pdf|budget|2024|both|39|text_fallback|1 Number of market rehabilitated 1 (0) (0)
Chama-Town-Council-2024-Output-Based-Budget.pdf|budget|2024|both|39|text_fallback|2 Number of motorbike procured for revenue collection 2 (0) (0)
Chama-Town-Council-2024-Output-Based-Budget.pdf|budget|2024|both|39|text_fallback|3 Number of Barrier houses constructed 1 (0) (0)
Chama-Town-Council-2024-Output-Based-Budget.pdf|budget|2024|both|39|text_fallback|4 Number of Wall fences constructed around North Luangwa lodge 1 (0) (0)
Chama-Town-Council-2024-Output-Based-Budget.pdf|budget|2024|both|39|text_fallback|01Clinical care activities implemented
Chama-Town-Council-2024-Output-Based-Budget.pdf|budget|2024|both|39|text_fallback|1 Percentage availability of emergency drugs and suppliers 100 (0) (0)
Chama-Town-Council-2024-Output-Based-Budget.pdf|budget|2024|both|39|text_fallback|2 Number of Institutional meetings held 12 (0) (0)
Chama-Town-Council-2024-Output-Based-Budget.pdf|budget|2024|both|39|text_fallback|3 Percentage of Cases Reffered to first Level Hospital 100 (0) (0)
Chama-Town-Council-2024-Output-Based-Budget.pdf|budget|2024|both|39|text_fallback|4 Number of Facilities Managing Cases According to Standard Treatment Guidance 44 (0) (0)
Chama-Town-Council-2024-Output-Based-Budget.pdf|budget|2024|both|39|text_fallback|5 Percentage of Health Facilities with Functional Adolescent health 44 (0) (0)
Chama-Town-Council-2024-Output-Based-Budget.pdf|budget|2024|both|39|text_fallback|6 ART retention at 12 months 95 (0) (0)
Chama-Town-Council-2024-Output-Based-Budget.pdf|budget|2024|both|39|text_fallback|7 TB Treatment access rate 90 (0) (0)
Chama-Town-Council-2024-Output-Based-Budget.pdf|budget|2024|both|39|text_fallback|02Deliveries by skilled personnel conducted
Chama-Town-Council-2024-Output-Based-Budget.pdf|budget|2024|both|39|text_fallback|1 Percentage of deliveries conducted by skilled personnel 100 (0) (0)
Chama-Town-Council-2024-Output-Based-Budget.pdf|budget|2024|both|39|text_fallback|03Health centres with at least one qualified Health Worker
Chama-Town-Council-2024-Output-Based-Budget.pdf|budget|2024|both|40|text_fallback|Page 40 OUTPUT BASED ANNUAL BUDGET
Chama-Town-Council-2024-Output-Based-Budget.pdf|budget|2024|both|40|text_fallback|HEA 9509 CHAMA TOWN COUNCIL
Chama-Town-Council-2024-Output-Based-Budget.pdf|budget|2024|both|40|text_fallback|D
Chama-Town-Council-2024-Output-Based-Budget.pdf|budget|2024|both|40|text_fallback|1 Percentage of Health centres with at least one qualified health worker 100 (0) (0)
Chama-Town-Council-2024-Output-Based-Budget.pdf|budget|2024|both|40|text_fallback|04Malaria Incidence (per 1,000 population)
Chama-Town-Council-2024-Output-Based-Budget.pdf|budget|2024|both|40|text_fallback|1 Malaria Confirmed and Clinically diagnosed cases as a proportion of total population 275 (0) (0)
Chama-Town-Council-2024-Output-Based-Budget.pdf|budget|2024|both|40|text_fallback|05Schedurable Outreach Services Conducted
Chama-Town-Council-2024-Output-Based-Budget.pdf|budget|2024|both|40|text_fallback|1 Number of Facilities Conducted Integrated Outreach and Met Indicator Target 49 (0) (0)
Chama-Town-Council-2024-Output-Based-Budget.pdf|budget|2024|both|40|text_fallback|2 Percentage Children Supplimented with Vitamin A and Mebendazole 100 (0) (0)
Chama-Town-Council-2024-Output-Based-Budget.pdf|budget|2024|both|40|text_fallback|3 Percentage Women Attending Antinental Care 80 (0) (0)
Chama-Town-Council-2024-Output-Based-Budget.pdf|budget|2024|both|40|text_fallback|4 Percentage of Women Attending Postnatal Care 100 (0) (0)
Chama-Town-Council-2024-Output-Based-Budget.pdf|budget|2024|both|40|text_fallback|5 Percentage of Women Screened for Cervical Cancer 100 (0) (0)
Chama-Town-Council-2024-Output-Based-Budget.pdf|budget|2024|both|40|text_fallback|6 Percentage HIV+ Clients on treatment 96 (0) (0)
Chama-Town-Council-2024-Output-Based-Budget.pdf|budget|2024|both|40|text_fallback|7 Proportion of Population living within 5km of Health Facilities 100 (0) (0)
Chama-Town-Council-2024-Output-Based-Budget.pdf|budget|2024|both|40|text_fallback|8 Number of Food in compliance against number of food sample 100 (0) (0)
Chama-Town-Council-2024-Output-Based-Budget.pdf|budget|2024|both|40|text_fallback|06Outpatient Utilisation per capita provided
Chama-Town-Council-2024-Output-Based-Budget.pdf|budget|2024|both|40|text_fallback|1 Number of Outpatient utilisation per capita 2 (0) (0)
Chama-Town-Council-2024-Output-Based-Budget.pdf|budget|2024|both|40|text_fallback|07Percentage of Post operative Wound infection treated
Chama-Town-Council-2024-Output-Based-Budget.pdf|budget|2024|both|40|text_fallback|1 Percentage post operative would infection (less 1 percent) 1 (0) (0)
Chama-Town-Council-2024-Output-Based-Budget.pdf|budget|2024|both|40|text_fallback|01Quarterly performance done conducted
Chama-Town-Council-2024-Output-Based-Budget.pdf|budget|2024|both|40|text_fallback|1 Number of Health Facilities Assessed 46 (0) (0)
Chama-Town-Council-2024-Output-Based-Budget.pdf|budget|2024|both|40|text_fallback|2 Number of Pre Performance Meetings conducted 4 (0) (0)
Chama-Town-Council-2024-Output-Based-Budget.pdf|budget|2024|both|40|text_fallback|3 Number of Desk Review Meetings Held 4 (0) (0)
Chama-Town-Council-2024-Output-Based-Budget.pdf|budget|2024|both|40|text_fallback|02Technical Support and supervision provided
Chama-Town-Council-2024-Output-Based-Budget.pdf|budget|2024|both|40|text_fallback|1 Number of health facilities that have received technical support 46 (0) (0)
Chama-Town-Council-2024-Output-Based-Budget.pdf|budget|2024|both|40|text_fallback|01Animal Health Extension Services Conducted
Chama-Town-Council-2024-Output-Based-Budget.pdf|budget|2024|both|40|text_fallback|1 Number of Routine Vaccinations Conducted 12 (0) (0)
Chama-Town-Council-2024-Output-Based-Budget.pdf|budget|2024|both|40|text_fallback|02Animal Health Public Services Conducted
Chama-Town-Council-2024-Output-Based-Budget.pdf|budget|2024|both|40|text_fallback|1 Number of animals and Meat Inspections Conducted 24 (0) (0)
Chama-Town-Council-2024-Output-Based-Budget.pdf|budget|2024|both|40|text_fallback|03Surveillance and Enforcement Undetaken
Chama-Town-Council-2024-Output-Based-Budget.pdf|budget|2024|both|40|text_fallback|1 Number of Disease Surveillance programmes undertaken 12 (0) (0)
Chama-Town-Council-2024-Output-Based-Budget.pdf|budget|2024|both|40|text_fallback|2 Number of Animal and Animal Product Movement Control Activities undertaken 12 (0) (0)
Chama-Town-Council-2024-Output-Based-Budget.pdf|budget|2024|both|40|text_fallback|04Community sensitisation conducted
Chama-Town-Council-2024-Output-Based-Budget.pdf|budget|2024|both|40|text_fallback|1 Number of Community Sensitization Activities conducted 4 (0) (0)
Chama-Town-Council-2024-Output-Based-Budget.pdf|budget|2024|both|40|text_fallback|2 Number of Radio Sensitization programmes conducted 4 (0) (0)
Chama-Town-Council-2024-Output-Based-Budget.pdf|budget|2024|both|40|text_fallback|05Stock Movement Permits Issued
Chama-Town-Council-2024-Output-Based-Budget.pdf|budget|2024|both|40|text_fallback|1 Number of Stock Permits Issued 6 (0) (0)
Chama-Town-Council-2024-Output-Based-Budget.pdf|budget|2024|both|40|text_fallback|06Animal identification and traceability activity conducted
Chama-Town-Council-2024-Output-Based-Budget.pdf|budget|2024|both|41|table|" | 1 Number of Farms Registered
2 Number of Animals Registered
07Management and Support Services provided
1 Number of staff training conducted
01Acesss roads maintained
1 Kilometre of roads maintained | 10
6
2
100 | (0)
(0)
(0)
(0)"
Chama-Town-Council-2023-Budget.pdf|budget|2023|both|1|text_fallback|OUTPUT BASED ANNUAL BUDGET Page 1
Chama-Town-Council-2023-Budget.pdf|budget|2023|both|1|text_fallback|HEAD 8801CHAMA TOWN COUNCIL
Chama-Town-Council-2023-Budget.pdf|budget|2023|both|1|text_fallback|1.1 MANDATE
Chama-Town-Council-2023-Budget.pdf|budget|2023|both|1|text_fallback|To provide operational and service excellence, innovation, community engagement and
Chama-Town-Council-2023-Budget.pdf|budget|2023|both|1|text_fallback|observance of good financial management and accountability. This is in agreement with the
Chama-Town-Council-2023-Budget.pdf|budget|2023|both|1|text_fallback|Republican Constitution (Amendment) Act No.2 of 2016 Part IX on the System of Devolved
Chama-Town-Council-2023-Budget.pdf|budget|2023|both|1|text_fallback|Governance [Article 147 (2)] and Part XI on the System of Local Government.
Chama-Town-Council-2023-Budget.pdf|budget|2023|both|1|text_fallback|1.2 CLUSTER /SECTOR
Chama-Town-Council-2023-Budget.pdf|budget|2023|both|1|text_fallback|01 Economic Transformation and Job creation;
Chama-Town-Council-2023-Budget.pdf|budget|2023|both|1|text_fallback|02 Human and Social Development;
Chama-Town-Council-2023-Budget.pdf|budget|2023|both|1|text_fallback|03 Environmental Sustainability; and
Chama-Town-Council-2023-Budget.pdf|budget|2023|both|1|text_fallback|04 Good Governance Environment
Chama-Town-Council-2023-Budget.pdf|budget|2023|both|1|text_fallback|1.3 CLUSTER /SECTOR POLICY OBJECTIVES
Chama-Town-Council-2023-Budget.pdf|budget|2023|both|1|text_fallback|01 To transform the economy and create jobs
Chama-Town-Council-2023-Budget.pdf|budget|2023|both|1|text_fallback|02 To enhance human and social development
Chama-Town-Council-2023-Budget.pdf|budget|2023|both|1|text_fallback|03 To improve environmental sustainability
Chama-Town-Council-2023-Budget.pdf|budget|2023|both|1|text_fallback|04 To enhance good governance
Chama-Town-Council-2023-Budget.pdf|budget|2023|both|1|text_fallback|1.4 CLUSTER /SECTOR POLICY OUTCOMES
Chama-Town-Council-2023-Budget.pdf|budget|2023|both|1|text_fallback|01 An Industrialized Economy
Chama-Town-Council-2023-Budget.pdf|budget|2023|both|1|text_fallback|02 A Diversified Economy
Chama-Town-Council-2023-Budget.pdf|budget|2023|both|1|text_fallback|03 Enhanced Citizenry Participation in the Economy
Chama-Town-Council-2023-Budget.pdf|budget|2023|both|1|text_fallback|04 A competitive Private Sector
Chama-Town-Council-2023-Budget.pdf|budget|2023|both|1|text_fallback|05 Reduced Poverty and Inequalities
Chama-Town-Council-2023-Budget.pdf|budget|2023|both|1|text_fallback|06 Improved Human Capital
Chama-Town-Council-2023-Budget.pdf|budget|2023|both|1|text_fallback|07 Enhanced Resilience and Mitigation to Climate
Chama-Town-Council-2023-Budget.pdf|budget|2023|both|1|text_fallback|08 Sustainable Management of Natural Resources
Chama-Town-Council-2023-Budget.pdf|budget|2023|both|1|text_fallback|09 Improved Environmental Management
Chama-Town-Council-2023-Budget.pdf|budget|2023|both|1|text_fallback|10 Improved Policy Governance
Chama-Town-Council-2023-Budget.pdf|budget|2023|both|1|text_fallback|11 An Enabling Macroeconomic Environment
Chama-Town-Council-2023-Budget.pdf|budget|2023|both|1|text_fallback|12 A Value Centred and Principled Citizenry
Chama-Town-Council-2023-Budget.pdf|budget|2023|both|1|text_fallback|1.5 STRATEGY
Chama-Town-Council-2023-Budget.pdf|budget|2023|both|1|text_fallback|Chama Town Council will strive to provide efficient and affordable municpal services in an
Chama-Town-Council-2023-Budget.pdf|budget|2023|both|1|text_fallback|equitable and sustainable manner through upgrading of infrastructure,stakeholder
Chama-Town-Council-2023-Budget.pdf|budget|2023|both|1|text_fallback|engagement,and maximizing of the economic potential of the district.
Chama-Town-Council-2023-Budget.pdf|budget|2023|both|2|table|"CODE | REVENUE DESCRIPTION | APPROVED
BUDGET 2023 |  |  | REVISED
BUDGET 2024 |  | BUDGET
ESTIMATE 2025"
Chama-Town-Council-2023-Budget.pdf|budget|2023|both|2|table|"01 | Local taxes/rates |  |  |  |  |  | "
Chama-Town-Council-2023-Budget.pdf|budget|2023|both|2|table|"001 | Residential | 25,200 |  |  | 27,266 |  | "
Chama-Town-Council-2023-Budget.pdf|budget|2023|both|2|table|"002 | Industrial/Commercial | 7,650 |  |  | 8,277 |  | "
Chama-Town-Council-2023-Budget.pdf|budget|2023|both|2|table|" | SubItem Total |  | 32,850 |  | 35,543 |  | 38,139"
Chama-Town-Council-2023-Budget.pdf|budget|2023|both|2|table|"001 | Personal levy | 43,995 |  |  | 43,995 |  | "
Chama-Town-Council-2023-Budget.pdf|budget|2023|both|2|table|" | SubItem Total |  | 43,995 |  | 43,995 |  | 43,995"
Chama-Town-Council-2023-Budget.pdf|budget|2023|both|2|table|"CODE | REVENUE DESCRIPTION | APPROVED
BUDGET 2023 |  |  | REVISED
BUDGET 2024 |  | BUDGET
ESTIMATE 2025"
Chama-Town-Council-2023-Budget.pdf|budget|2023|both|2|table|"02 | Fees and Charges |  |  |  |  |  | "
Chama-Town-Council-2023-Budget.pdf|budget|2023|both|2|table|"004 | Plan scrutiny fee | 66,700 |  |  | 69,580 |  | "
Chama-Town-Council-2023-Budget.pdf|budget|2023|both|2|table|"007 | Rentals/lease of Council’s properties | 106,800 |  |  | 115,558 |  | "
Chama-Town-Council-2023-Budget.pdf|budget|2023|both|2|table|"008 | Application forms fees | 25,750 |  |  | 27,862 |  | "
Chama-Town-Council-2023-Budget.pdf|budget|2023|both|2|table|"013 | Market fees | 58,400 |  |  | 63,189 |  | "
Chama-Town-Council-2023-Budget.pdf|budget|2023|both|2|table|"016 | Bus station fees | 57,300 |  |  | 58,452 |  | "
Chama-Town-Council-2023-Budget.pdf|budget|2023|both|2|table|"019 | Registration of suppliers | 7,500 |  |  | 8,115 |  | "
Chama-Town-Council-2023-Budget.pdf|budget|2023|both|2|table|"020 | Hire of halls | 500 |  |  | 541 |  | "
Chama-Town-Council-2023-Budget.pdf|budget|2023|both|2|table|"033 | Refuse disposal | 13,200 |  |  | 14,282 |  | "
Chama-Town-Council-2023-Budget.pdf|budget|2023|both|2|table|"045 | Notice of marriage fees | 1,000 |  |  | 1,250 |  | "
Chama-Town-Council-2023-Budget.pdf|budget|2023|both|2|table|"050 | Farm produce Fee | 120,000 |  |  | 129,840 |  | "
Chama-Town-Council-2023-Budget.pdf|budget|2023|both|2|table|"053 | Communication mast levy | 110,000 |  |  | 119,020 |  | "
Chama-Town-Council-2023-Budget.pdf|budget|2023|both|2|table|"061 | Billboards and banners | 62,314 |  |  | 63,254 |  | "
Chama-Town-Council-2023-Budget.pdf|budget|2023|both|2|table|"064 | Penalties | 450 |  |  | 520 |  | "
Chama-Town-Council-2023-Budget.pdf|budget|2023|both|2|table|"066 | Ground Rent | 12,000 |  |  | 12,648 |  | "
Chama-Town-Council-2023-Budget.pdf|budget|2023|both|2|table|"069 | Change of ownership of plot | 9,000 |  |  | 9,738 |  | "
Chama-Town-Council-2023-Budget.pdf|budget|2023|both|2|table|"099 | Other fees and charges | 5,840 |  |  | 6,155 |  | "
Chama-Town-Council-2023-Budget.pdf|budget|2023|both|2|table|" | SubItem Total |  | 656,754 |  | 700,004 |  | 744,163"
Chama-Town-Council-2023-Budget.pdf|budget|2023|both|2|table|"CODE | REVENUE DESCRIPTION | APPROVED
BUDGET 2023 |  |  | REVISED
BUDGET 2024 |  | BUDGET
ESTIMATE 2025"
Chama-Town-Council-2023-Budget.pdf|budget|2023|both|2|table|"03 | Licenses |  |  |  |  |  | "
Chama-Town-Council-2023-Budget.pdf|budget|2023|both|2|table|"001 | Liquor licence | 11,200 |  |  | 12,118 |  | "
Chama-Town-Council-2023-Budget.pdf|budget|2023|both|2|table|"002 | Firearm and ammunition licence | 18,000 |  |  | 19,476 |  | "
Chama-Town-Council-2023-Budget.pdf|budget|2023|both|2|table|"003 | Dog licence | 625 |  |  | 676 |  | "
Chama-Town-Council-2023-Budget.pdf|budget|2023|both|2|table|"099 | Other licences | 1,800 |  |  | 1,897 |  | "
Chama-Town-Council-2023-Budget.pdf|budget|2023|both|2|table|" | SubItem Total |  | 31,625 |  | 34,167 |  | 36,625"
Chama-Town-Council-2023-Budget.pdf|budget|2023|both|2|table|"CODE | REVENUE DESCRIPTION | APPROVED
BUDGET 2023 |  |  | REVISED
BUDGET 2024 |  | BUDGET
ESTIMATE 2025"
Chama-Town-Council-2023-Budget.pdf|budget|2023|both|2|table|"04 | Levies |  |  |  |  |  | "
Chama-Town-Council-2023-Budget.pdf|budget|2023|both|2|table|"004 | Pole levy | 280 |  |  | 295 |  | "
Chama-Town-Council-2023-Budget.pdf|budget|2023|both|2|table|"010 | Business Levy | 354,460 |  |  | 358,150 |  | "
Chama-Town-Council-2023-Budget.pdf|budget|2023|both|2|table|" | SubItem Total |  | 354,740 |  | 358,445 |  | 362,810"
Chama-Town-Council-2023-Budget.pdf|budget|2023|both|3|table|"CODE | REVENUE DESCRIPTION | APPROVED
BUDGET 2023 |  | REVISED
BUDGET 2024 | BUDGET
ESTIMATE 2025"
Chama-Town-Council-2023-Budget.pdf|budget|2023|both|3|table|"05 | Permits |  |  |  | "
Chama-Town-Council-2023-Budget.pdf|budget|2023|both|3|table|"003 | Herbalist permit | 1,000 |  | 1,054 | "
Chama-Town-Council-2023-Budget.pdf|budget|2023|both|3|table|"007 | Nursery , pre school permits | 3,000 |  | 3,162 | "
Chama-Town-Council-2023-Budget.pdf|budget|2023|both|3|table|"010 | Extension of business hours permits | 2,400 |  | 2,530 | "
Chama-Town-Council-2023-Budget.pdf|budget|2023|both|3|table|"011 | Public permits (social gatherings, etc.) | 1,000 |  | 1,054 | "
Chama-Town-Council-2023-Budget.pdf|budget|2023|both|3|table|"099 | Other permits | 91,200 |  | 96,125 | "
Chama-Town-Council-2023-Budget.pdf|budget|2023|both|3|table|" | SubItem Total |  | 98,600 | 103,924 | 109,249"
Chama-Town-Council-2023-Budget.pdf|budget|2023|both|3|table|"CODE | REVENUE DESCRIPTION | APPROVED
BUDGET 2023 |  | REVISED
BUDGET 2024 | BUDGET
ESTIMATE 2025"
Chama-Town-Council-2023-Budget.pdf|budget|2023|both|3|table|"06 | Charges |  |  |  | "
Chama-Town-Council-2023-Budget.pdf|budget|2023|both|3|table|"003 | Premium Plot- Residential | 350,000 |  | 368,900 | "
Chama-Town-Council-2023-Budget.pdf|budget|2023|both|3|table|" | SubItem Total |  | 350,000 | 368,900 | 387,800"
Chama-Town-Council-2023-Budget.pdf|budget|2023|both|3|table|"CODE | REVENUE DESCRIPTION | APPROVED
BUDGET 2023 |  | REVISED
BUDGET 2024 | BUDGET
ESTIMATE 2025"
Chama-Town-Council-2023-Budget.pdf|budget|2023|both|3|table|"07 | Other Incomes |  |  |  | "
Chama-Town-Council-2023-Budget.pdf|budget|2023|both|3|table|"002 | Profit from council ventures | 451,518 |  | 462,786 | "
Chama-Town-Council-2023-Budget.pdf|budget|2023|both|3|table|" | SubItem Total |  | 451,518 | 462,786 | 478,210"
Chama-Town-Council-2023-Budget.pdf|budget|2023|both|3|table|"CODE | REVENUE DESCRIPTION | APPROVED
BUDGET 2023 |  | REVISED
BUDGET 2024 | BUDGET
ESTIMATE 2025"
Chama-Town-Council-2023-Budget.pdf|budget|2023|both|3|table|"08 | National Support (Grants) |  |  |  | "
Chama-Town-Council-2023-Budget.pdf|budget|2023|both|3|table|"001 | Grant in lieu or Rates | 500,000 |  | 527,000 | "
Chama-Town-Council-2023-Budget.pdf|budget|2023|both|3|table|" | SubItem Total |  | 500,000 | 527,000 | 554,000"
Chama-Town-Council-2023-Budget.pdf|budget|2023|both|3|table|"CODE | REVENUE DESCRIPTION | APPROVED
BUDGET 2023 |  | REVISED
BUDGET 2024 | BUDGET
ESTIMATE 2025"
Chama-Town-Council-2023-Budget.pdf|budget|2023|both|3|table|"09 | Local Development Fund |  |  |  | "
Chama-Town-Council-2023-Budget.pdf|budget|2023|both|3|table|"001 | Constituency Development Fund | 56,729,124 |  | 57,126,025 | "
Chama-Town-Council-2023-Budget.pdf|budget|2023|both|3|table|"002 | LGEF | 11,567,498 |  | 12,192,143 | "
Chama-Town-Council-2023-Budget.pdf|budget|2023|both|3|table|" | SubItem Total |  | 68,296,622 | 69,318,168 | 71,072,920"
Chama-Town-Council-2023-Budget.pdf|budget|2023|both|3|table|"Grand Total | 70,816,705 | 71,952,933 | 73,827,911"
Chama-Town-Council-2023-Budget.pdf|budget|2023|both|4|table|"Code | Programme | 2021 Approved
Budget(K) | 2022 Approved
Budget(K) | 2023 Budget(K)
Estimates"
Chama-Town-Council-2023-Budget.pdf|budget|2023|both|4|table|"1
2
3
4
5
6
7
10
11
12 | Constituency Development
Local Governance
Integrated Development Planning
Economic and Business Development
Public Health and Environmental Protection
Housing and Community Amenities
Recreation Culture and Religion
Public Order and Safety
Management and Support Services
Resource Mobilisation and Management | -
-
-
-
-
-
-
-
-
- | 51,776,500
912,340
1,055,590
18,000
25,310
-
-
-
-
- | 56,728,124
1,627,910
1,277,209
750,000
864,724
1,393,520
48,494
1,350,024
4,520,111
2,256,590"
Chama-Town-Council-2023-Budget.pdf|budget|2023|both|4|table|" | Head Total | - | 53,787,740 | 70,816,705"
Chama-Town-Council-2023-Budget.pdf|budget|2023|both|5|text_fallback|OUTPUT BASED ANNUAL BUDGET Page 5
Chama-Town-Council-2023-Budget.pdf|budget|2023|both|5|text_fallback|HEAD 8801CHAMA TOWN COUNCIL
Chama-Town-Council-2023-Budget.pdf|budget|2023|both|5|text_fallback|3%
Chama-Town-Council-2023-Budget.pdf|budget|2023|both|5|text_fallback|0%
Chama-Town-Council-2023-Budget.pdf|budget|2023|both|5|text_fallback|2%
Chama-Town-Council-2023-Budget.pdf|budget|2023|both|5|text_fallback|Constituency Development
Chama-Town-Council-2023-Budget.pdf|budget|2023|both|5|text_fallback|2% 1%
Chama-Town-Council-2023-Budget.pdf|budget|2023|both|5|text_fallback|6% Economic and Business
Chama-Town-Council-2023-Budget.pdf|budget|2023|both|5|text_fallback|2%
Chama-Town-Council-2023-Budget.pdf|budget|2023|both|5|text_fallback|Development
Chama-Town-Council-2023-Budget.pdf|budget|2023|both|5|text_fallback|2% Housing and Community
Chama-Town-Council-2023-Budget.pdf|budget|2023|both|5|text_fallback|Amenities
Chama-Town-Council-2023-Budget.pdf|budget|2023|both|5|text_fallback|Integrated Development Planning
Chama-Town-Council-2023-Budget.pdf|budget|2023|both|5|text_fallback|1%
Chama-Town-Council-2023-Budget.pdf|budget|2023|both|5|text_fallback|Local Governance
Chama-Town-Council-2023-Budget.pdf|budget|2023|both|5|text_fallback|Management and Support
Chama-Town-Council-2023-Budget.pdf|budget|2023|both|5|text_fallback|Services
Chama-Town-Council-2023-Budget.pdf|budget|2023|both|5|text_fallback|Public Health and Environmental
Chama-Town-Council-2023-Budget.pdf|budget|2023|both|5|text_fallback|Protection
Chama-Town-Council-2023-Budget.pdf|budget|2023|both|5|text_fallback|Public Order and Safety
Chama-Town-Council-2023-Budget.pdf|budget|2023|both|5|text_fallback|81%
Chama-Town-Council-2023-Budget.pdf|budget|2023|both|5|text_fallback|Recreation Culture and Religion
Chama-Town-Council-2023-Budget.pdf|budget|2023|both|5|text_fallback|Resource Mobilisation and
Chama-Town-Council-2023-Budget.pdf|budget|2023|both|5|text_fallback|Management
Chama-Town-Council-2023-Budget.pdf|budget|2023|both|5|text_fallback|The budget allocation by programme shows that 56.7Million representing 81 percent has been
Chama-Town-Council-2023-Budget.pdf|budget|2023|both|5|text_fallback|allocated to the Constituency Development Fund programme. This programme is focused on
Chama-Town-Council-2023-Budget.pdf|budget|2023|both|5|text_fallback|community infrastructure development which includes water points, schools, health facilities,
Chama-Town-Council-2023-Budget.pdf|budget|2023|both|5|text_fallback|police posts, feeder road network, market shelters and crossing points to address the
Chama-Town-Council-2023-Budget.pdf|budget|2023|both|5|text_fallback|challenges of inadequate infrastructure.
Chama-Town-Council-2023-Budget.pdf|budget|2023|both|5|text_fallback|Further, the programme will facilitate for Women and Youth empowerment to foster economic
Chama-Town-Council-2023-Budget.pdf|budget|2023|both|5|text_fallback|development. And lastly it will facilitate for the education and skills development through
Chama-Town-Council-2023-Budget.pdf|budget|2023|both|5|text_fallback|bursaries for Secondary schools and tertiary institutions respectively.
Chama-Town-Council-2023-Budget.pdf|budget|2023|both|5|text_fallback|K4.5 million accounting for 6 percent has been allocated towards Management and Support
Chama-Town-Council-2023-Budget.pdf|budget|2023|both|5|text_fallback|programme
Chama-Town-Council-2023-Budget.pdf|budget|2023|both|5|text_fallback|aimed at improving the staff welfare, the integrity of the institution through credible audits and
Chama-Town-Council-2023-Budget.pdf|budget|2023|both|5|text_fallback|integrating other
Chama-Town-Council-2023-Budget.pdf|budget|2023|both|5|text_fallback|support services such as efficient procurement of goods and service as well as salaries for
Chama-Town-Council-2023-Budget.pdf|budget|2023|both|5|text_fallback|some senior members of staff. K2.3 million has been allocated to Resource Mobilization and
Chama-Town-Council-2023-Budget.pdf|budget|2023|both|5|text_fallback|Management accounting for 3.3 percent to ensure the Council improves in own source revenue.
Chama-Town-Council-2023-Budget.pdf|budget|2023|both|5|text_fallback|In this budget programme, the Council has envisaged to complete the North Luangwa Lodge to
Chama-Town-Council-2023-Budget.pdf|budget|2023|both|5|text_fallback|enhance revenue. Further, the Council plans to ramp up production of blocks to boost revenue.
Chama-Town-Council-2023-Budget.pdf|budget|2023|both|5|text_fallback|It is also envisaged that three Barrier houses shall be constructed to improve the barrier
Chama-Town-Council-2023-Budget.pdf|budget|2023|both|5|text_fallback|infrastucture. All these are aimed at increasing own source revenue.
Chama-Town-Council-2023-Budget.pdf|budget|2023|both|6|table|"No | ECONOMIC CLASSIFICATION | 2021
APPROVED
BUDGET (K) | 2022
APPROVED
BUDGET (K) | 2023
BUDGET
ESTIMATE (K)"
Chama-Town-Council-2023-Budget.pdf|budget|2023|both|6|table|"21
22
26
31
32 | Personal Emoluments
Goods and Services
Transfers and Subsidies
Assets
Financial Assets | -
-
-
-
- | 267,350
1,733,390
15,532,000
32,255,000
4,000,000 | 9,497,441
5,168,937
12,395,095
32,976,889
10,778,344"
Chama-Town-Council-2023-Budget.pdf|budget|2023|both|6|table|" | Head Total | - | 53,787,740 | 70,816,705"
Chama-Town-Council-2023-Budget.pdf|budget|2023|both|7|table|"PROGRAMME/SUB-PROGRAMME | 2021 BUDGET |  | 2022 BUDGET |  | 2023 BUDGET
ESTIMATE"
Chama-Town-Council-2023-Budget.pdf|budget|2023|both|7|table|" | APPROVED | EXPENDITURE | APPROVED | EXPENDITURE* | "
Chama-Town-Council-2023-Budget.pdf|budget|2023|both|7|table|" |  | - |  | - | "
Chama-Town-Council-2023-Budget.pdf|budget|2023|both|7|table|" |  | - |  | - | "
Chama-Town-Council-2023-Budget.pdf|budget|2023|both|7|table|" |  | - |  | - | "
Chama-Town-Council-2023-Budget.pdf|budget|2023|both|7|table|" |  | - |  | - | "
Chama-Town-Council-2023-Budget.pdf|budget|2023|both|7|table|" |  | - |  | - | "
Chama-Town-Council-2023-Budget.pdf|budget|2023|both|7|table|" |  | - |  | - | "
Chama-Town-Council-2023-Budget.pdf|budget|2023|both|7|table|" |  | - |  | - | "
Chama-Town-Council-2023-Budget.pdf|budget|2023|both|7|table|" |  | - |  | - | "
Chama-Town-Council-2023-Budget.pdf|budget|2023|both|7|table|" |  | - |  | - | "
Chama-Town-Council-2023-Budget.pdf|budget|2023|both|7|table|" |  | - |  | - | "
Chama-Town-Council-2023-Budget.pdf|budget|2023|both|7|table|" |  | - |  | - | "
Chama-Town-Council-2023-Budget.pdf|budget|2023|both|7|table|" |  | - |  | - | "
Chama-Town-Council-2023-Budget.pdf|budget|2023|both|7|table|" |  | - |  | - | "
Chama-Town-Council-2023-Budget.pdf|budget|2023|both|7|table|" |  | - |  | - | "
Chama-Town-Council-2023-Budget.pdf|budget|2023|both|7|table|" |  | - |  | - | "
Chama-Town-Council-2023-Budget.pdf|budget|2023|both|7|table|" |  | - |  | - | "
Chama-Town-Council-2023-Budget.pdf|budget|2023|both|7|table|" |  | - |  | - | "
Chama-Town-Council-2023-Budget.pdf|budget|2023|both|7|table|" |  | - |  | - | "
Chama-Town-Council-2023-Budget.pdf|budget|2023|both|7|table|" |  | - |  | - | "
Chama-Town-Council-2023-Budget.pdf|budget|2023|both|7|table|" |  | - |  | - | "
Chama-Town-Council-2023-Budget.pdf|budget|2023|both|7|table|" |  | - |  | - | "
Chama-Town-Council-2023-Budget.pdf|budget|2023|both|7|table|" |  | - |  | - | "
Chama-Town-Council-2023-Budget.pdf|budget|2023|both|7|table|" |  | - |  | - | "
Chama-Town-Council-2023-Budget.pdf|budget|2023|both|7|table|" |  | - |  | - | "
Chama-Town-Council-2023-Budget.pdf|budget|2023|both|7|table|" |  | - |  | - | "
Chama-Town-Council-2023-Budget.pdf|budget|2023|both|7|table|" |  | - |  | - | "
Chama-Town-Council-2023-Budget.pdf|budget|2023|both|7|table|" |  | - |  | - | "
Chama-Town-Council-2023-Budget.pdf|budget|2023|both|8|table|"7 Recreation Culture and Religion
020 Sports Promotion
10 Public Order and Safety
026 Fire Protection Services
11 Management and Support Services
001 Executive Management
002 Procurement Management
003 Auditing Management
005 (cid:9)Human Resource and Administration
065 Accounting Magemement
12 Resource Mobilisation and Management
067 Revenue Mobilisation
068 Revenue Enhancement
069 Revenue Management | -
-
-
-
-
-
-
-
-
-
-
-
-
- | - | -
-
-
-
-
-
-
-
-
-
-
-
-
- | - |  | 48,494
48,494
1,350,024
1,350,024
4,520,111
696,044
280,696
314,154
2,774,788
454,428
2,256,590
571,898
899,353
785,339"
Chama-Town-Council-2023-Budget.pdf|budget|2023|both|8|table|" |  | - |  | - |  | "
Chama-Town-Council-2023-Budget.pdf|budget|2023|both|8|table|" |  | - |  | - |  | "
Chama-Town-Council-2023-Budget.pdf|budget|2023|both|8|table|" |  | - |  | - |  | "
Chama-Town-Council-2023-Budget.pdf|budget|2023|both|8|table|" |  | - |  | - |  | "
Chama-Town-Council-2023-Budget.pdf|budget|2023|both|8|table|" |  | - |  | - |  | "
Chama-Town-Council-2023-Budget.pdf|budget|2023|both|8|table|" |  | - |  | - |  | "
Chama-Town-Council-2023-Budget.pdf|budget|2023|both|8|table|" |  | - |  | - |  | "
Chama-Town-Council-2023-Budget.pdf|budget|2023|both|8|table|" |  | - |  | - |  | "
Chama-Town-Council-2023-Budget.pdf|budget|2023|both|8|table|" |  | - |  | - |  | "
Chama-Town-Council-2023-Budget.pdf|budget|2023|both|8|table|" |  | - |  | - |  | "
Chama-Town-Council-2023-Budget.pdf|budget|2023|both|8|table|" |  | (0) |  | (0) |  | "
Chama-Town-Council-2023-Budget.pdf|budget|2023|both|8|table|" |  | - |  | - |  | "
Chama-Town-Council-2023-Budget.pdf|budget|2023|both|8|table|" |  | (0) |  | (0) |  | "
Chama-Town-Council-2023-Budget.pdf|budget|2023|both|8|table|"Head Total | - | - | 53,787,740 | - |  | 70,816,705"
Chama-Town-Council-2023-Budget.pdf|budget|2023|both|9|text_fallback|OUTPUT BASED ANNUAL BUDGET Page 9
Chama-Town-Council-2023-Budget.pdf|budget|2023|both|9|text_fallback|HEAD 8801CHAMA TOWN COUNCIL
Chama-Town-Council-2023-Budget.pdf|budget|2023|both|9|text_fallback|sub-programmes namely; Public Housing (K949,690), Roads and Drainages (K184,839), and
Chama-Town-Council-2023-Budget.pdf|budget|2023|both|9|text_fallback|Street lighting (K258,991). The sub programmes will ensure that the Council delivers quality
Chama-Town-Council-2023-Budget.pdf|budget|2023|both|9|text_fallback|services in developing and maintaining a pristine environment. The Council will rehabilitate an
Chama-Town-Council-2023-Budget.pdf|budget|2023|both|9|text_fallback|existing structure to be used as a SOMAP shop for the sale of borehole spares. To enhance
Chama-Town-Council-2023-Budget.pdf|budget|2023|both|9|text_fallback|safety, the Council will repair 30 solar street lights which have been vandalised by the public.
Chama-Town-Council-2023-Budget.pdf|budget|2023|both|9|text_fallback|The Recreation Culture and Religion programme has been allocated K48,494 in the following
Chama-Town-Council-2023-Budget.pdf|budget|2023|both|9|text_fallback|sub programmes; namely Sports Promotion (K48, 494), . The programme will ensure the
Chama-Town-Council-2023-Budget.pdf|budget|2023|both|9|text_fallback|implementation of various disciplines of sports are promoted and talent harnessed for further
Chama-Town-Council-2023-Budget.pdf|budget|2023|both|9|text_fallback|promotion and development.
Chama-Town-Council-2023-Budget.pdf|budget|2023|both|9|text_fallback|Public Order and Safety programme has been given an allocation of K1,3 Million with the
Chama-Town-Council-2023-Budget.pdf|budget|2023|both|9|text_fallback|allocations being distributed in two sub-programmes namely; Fire Protection services
Chama-Town-Council-2023-Budget.pdf|budget|2023|both|9|text_fallback|(K621,775) and Community Policing (K728,248). It is envisaged that the programme will
Chama-Town-Council-2023-Budget.pdf|budget|2023|both|9|text_fallback|enhance the safety and improve public order making the district a haven of investment.
Chama-Town-Council-2023-Budget.pdf|budget|2023|both|9|text_fallback|Management and Support Services has been allocated an amount of K4.5 million which is
Chama-Town-Council-2023-Budget.pdf|budget|2023|both|9|text_fallback|spread among the
Chama-Town-Council-2023-Budget.pdf|budget|2023|both|9|text_fallback|following sub-programmes; Human Resource and Administration (K2.7 million), Executive
Chama-Town-Council-2023-Budget.pdf|budget|2023|both|9|text_fallback|management (K 696,044) Procurement (K280,696) ,Auditing (K314,154) and Accounting
Chama-Town-Council-2023-Budget.pdf|budget|2023|both|9|text_fallback|Management (454,428). This will support the overall management and administration of the
Chama-Town-Council-2023-Budget.pdf|budget|2023|both|9|text_fallback|Council and ensure all operations are in place.
Chama-Town-Council-2023-Budget.pdf|budget|2023|both|9|text_fallback|The last programme is Resource Mobilization and Revenue Management which has been
Chama-Town-Council-2023-Budget.pdf|budget|2023|both|9|text_fallback|allocated a total of K2.3 million which is spread among the following sub-programmes; Revenue
Chama-Town-Council-2023-Budget.pdf|budget|2023|both|9|text_fallback|Mobilization (K571,898), Revenue Enhancement (K899,353), and Revenue Management
Chama-Town-Council-2023-Budget.pdf|budget|2023|both|9|text_fallback|(K785,334).
Chama-Town-Council-2023-Budget.pdf|budget|2023|both|9|text_fallback|This programmes is aimed at maximizing the revenue collection of own source revenue and
Chama-Town-Council-2023-Budget.pdf|budget|2023|both|9|text_fallback|enhancement and innovation of new own source revenue avenues.
Chama-Town-Council-2023-Budget.pdf|budget|2023|both|10|table|"Key Output(s) |  |  |  |  | "
Chama-Town-Council-2023-Budget.pdf|budget|2023|both|10|table|"Output Indicator: | 2021 |  | 2022 |  | 2023"
Chama-Town-Council-2023-Budget.pdf|budget|2023|both|10|table|" | Target | Actual | Target | Actual* | Target"
Chama-Town-Council-2023-Budget.pdf|budget|2023|both|10|table|"01 Number of Community infrastructure projects
implemented
02 Number of bursaries disbursed
03 Number of Women of accessing empowerment funds
04 Number of youths groups accessing empowerment funds
05 Number of youths accessing empowerment funds
06 Number of women groups accessing emporwement funds
07 Number of Administrative Activities being implemented
08 Number of Youths and Women accessing Loan funds | -
-
-
-
-
-
-
- | -
-
-
-
-
-
-
- | 20
24
3
12
-
-
-
- | -
-
-
-
-
-
-
- | 100
240
120
130
140
150
200
180"
Chama-Town-Council-2023-Budget.pdf|budget|2023|both|11|table|"ECONOMIC CLASSIFICATION |  | 2021 BUDGET |  |  | 2022 BUDGET |  | 2023 BUDGET"
Chama-Town-Council-2023-Budget.pdf|budget|2023|both|11|table|" |  | Approved | Expenditure | Approved |  | Expenditure* | Estimates"
Chama-Town-Council-2023-Budget.pdf|budget|2023|both|11|table|"02Use of Goods and Services
01General Budget Item
03Transfers and Subsidies
01 Tranfers
01Women Empowerment
05Secondary School Bursaries
06Skills Development Bursaries
04Assets
01 Non-Financial Assets (Capital Expenditure)
01General Budget Item
02Community Projects
02 Financial Assets
03Women Empowerment
04Youth Empowerment | Use of Goods and Services | - | - | -
-
15,532,000
15,532,000
5,766,000
4,883,000
4,883,000
36,244,500
32,244,500
2,946,500
29,298,000
4,000,000
2,000,000
2,000,000 |  | -
-
- | 2,836,406
2,836,406
12,395,095
12,395,095
-
5,389,172
5,389,172
41,496,623
30,718,279
-
30,718,279
10,778,344
8,622,675
-"
Chama-Town-Council-2023-Budget.pdf|budget|2023|both|11|table|" |  | - | - |  |  |  | "
Chama-Town-Council-2023-Budget.pdf|budget|2023|both|11|table|" | Transfers and Subsidies | -
- | - |  |  |  | "
Chama-Town-Council-2023-Budget.pdf|budget|2023|both|11|table|" |  |  | - |  |  | - | "
Chama-Town-Council-2023-Budget.pdf|budget|2023|both|11|table|" |  | - | - |  |  | -
-
-
- | "
Chama-Town-Council-2023-Budget.pdf|budget|2023|both|11|table|" |  | - | - |  |  |  | "
Chama-Town-Council-2023-Budget.pdf|budget|2023|both|11|table|" |  | - | - |  |  |  | "
Chama-Town-Council-2023-Budget.pdf|budget|2023|both|11|table|" | Assets | -
- | - |  |  |  | "
Chama-Town-Council-2023-Budget.pdf|budget|2023|both|11|table|" |  |  | - |  |  | - | "
Chama-Town-Council-2023-Budget.pdf|budget|2023|both|11|table|" |  | - | - |  |  | -
- | "
Chama-Town-Council-2023-Budget.pdf|budget|2023|both|11|table|" |  | - | - |  |  |  | "
Chama-Town-Council-2023-Budget.pdf|budget|2023|both|11|table|" |  | - | - |  |  | - | "
Chama-Town-Council-2023-Budget.pdf|budget|2023|both|11|table|" |  | - | - |  |  | -
- | "
Chama-Town-Council-2023-Budget.pdf|budget|2023|both|11|table|" |  | - | - |  |  |  | "
Chama-Town-Council-2023-Budget.pdf|budget|2023|both|11|table|"Programme Total |  | - | - | 51,776,500 |  | - | 56,728,124"
Chama-Town-Council-2023-Budget.pdf|budget|2023|both|12|table|"Key Output(s) |  |  |  |  | "
Chama-Town-Council-2023-Budget.pdf|budget|2023|both|12|table|"Output Indicator: | 2021 |  | 2022 |  | 2023"
Chama-Town-Council-2023-Budget.pdf|budget|2023|both|12|table|" | Target | Actual | Target | Actual* | Target"
Chama-Town-Council-2023-Budget.pdf|budget|2023|both|12|table|"01 Number of DDCC meetings held
02 Number of PDCC meetings held
03 Number of Standing Committee meetings held
05 Number of Ordinary Council Meetings held
06 Number of Special Council meetings held
07 Number of Streets named
08 Number of Minute booklet produced
09 Number of WDCs Oriented
10 Number of National Events Commemorated | -
-
-
-
-
-
-
-
- | -
-
-
-
-
-
-
-
- | -
-
-
-
-
-
-
-
- | -
-
-
-
-
-
-
-
- | 4
4
16
4
2
5
5
24
5"
Chama-Town-Council-2023-Budget.pdf|budget|2023|both|13|table|"ECONOMIC CLASSIFICATION |  | 2021 BUDGET |  |  | 2022 BUDGET |  | 2023 BUDGET"
Chama-Town-Council-2023-Budget.pdf|budget|2023|both|13|table|" |  | Approved | Expenditure | Approved |  | Expenditure* | Estimates"
Chama-Town-Council-2023-Budget.pdf|budget|2023|both|13|table|"01Personal Emoluments
01 Salaries and Wages
02 Other Emoluments
02Use of Goods and Services
00General Operation | Personal Emoluments | -
-
-
- | - | 103,960
81,960
22,000
808,380
808,380 |  | - | 1,327,145
355,145
972,000
300,765
300,765"
Chama-Town-Council-2023-Budget.pdf|budget|2023|both|13|table|" |  |  | -
- |  |  | - | "
Chama-Town-Council-2023-Budget.pdf|budget|2023|both|13|table|" |  |  |  |  |  | - | "
Chama-Town-Council-2023-Budget.pdf|budget|2023|both|13|table|" | Use of Goods and Services |  | - |  |  | -
- | "
Chama-Town-Council-2023-Budget.pdf|budget|2023|both|13|table|" |  | - | - |  |  |  | "
Chama-Town-Council-2023-Budget.pdf|budget|2023|both|13|table|"Programme Total |  | - | - | 912,340 |  | - | 1,627,910"
Chama-Town-Council-2023-Budget.pdf|budget|2023|both|14|table|"Key Output(s) |  |  |  |  | "
Chama-Town-Council-2023-Budget.pdf|budget|2023|both|14|table|"Output Indicator: | 2021 |  | 2022 |  | 2023"
Chama-Town-Council-2023-Budget.pdf|budget|2023|both|14|table|" | Target | Actual | Target | Actual* | Target"
Chama-Town-Council-2023-Budget.pdf|budget|2023|both|14|table|"01 Number of Plots Surveyed
02 Number of Environmental Project Briefs Reviewed and
Submitted
03 Number of Building Plans scrutinised and submitted
04 Number of Plots allocated
05 Number of HIV/AIDS work policy formulated
06 Number of Strategic plan formuated
07 District Profile formulated
08 Gender Policy formulated
09 Number of Council Environmental Projects Briefs
formulated and submitted
10 Number of Environmental Compliance Inspections
Conducted
11 Number of Gender Sensitive Climate Risk Assessments
conducted | -
-
-
-
-
-
-
-
-
-
- | -
-
-
-
-
-
-
-
-
-
- | -
-
-
8
-
-
-
-
-
-
- | -
-
-
-
-
-
-
-
-
-
- | 210
2
52
-
1
1
1
1
2
8
8"
Chama-Town-Council-2023-Budget.pdf|budget|2023|both|15|table|"ECONOMIC CLASSIFICATION |  | 2021 BUDGET |  |  | 2022 BUDGET |  | 2023 BUDGET"
Chama-Town-Council-2023-Budget.pdf|budget|2023|both|15|table|" |  | Approved | Expenditure | Approved |  | Expenditure* | Estimates"
Chama-Town-Council-2023-Budget.pdf|budget|2023|both|15|table|"01Personal Emoluments
01 Salaries and Wages
02Use of Goods and Services
00General Operation
04Assets
01 Non-Financial Assets (Capital Expenditure) | Personal Emoluments | -
-
- | - | 163,390
163,390
882,200
882,200
10,000
10,000 |  | - | 739,399
739,399
187,810
187,810
350,000
350,000"
Chama-Town-Council-2023-Budget.pdf|budget|2023|both|15|table|" |  |  | - |  |  | - | "
Chama-Town-Council-2023-Budget.pdf|budget|2023|both|15|table|" | Use of Goods and Services |  | - |  |  | -
-
- | "
Chama-Town-Council-2023-Budget.pdf|budget|2023|both|15|table|" |  | - | - |  |  |  | "
Chama-Town-Council-2023-Budget.pdf|budget|2023|both|15|table|" | Assets | -
- | - |  |  |  | "
Chama-Town-Council-2023-Budget.pdf|budget|2023|both|15|table|" |  |  | - |  |  | - | "
Chama-Town-Council-2023-Budget.pdf|budget|2023|both|15|table|"Programme Total |  | - | - | 1,055,590 |  | - | 1,277,209"
Chama-Town-Council-2023-Budget.pdf|budget|2023|both|16|table|"Key Output(s) |  |  |  |  | "
Chama-Town-Council-2023-Budget.pdf|budget|2023|both|16|table|"Output Indicator: | 2021 |  | 2022 |  | 2023"
Chama-Town-Council-2023-Budget.pdf|budget|2023|both|16|table|" | Target | Actual | Target | Actual* | Target"
Chama-Town-Council-2023-Budget.pdf|budget|2023|both|16|table|"01 North Luangwa Lodges Completed
02 SOMAP Shop Constructed
03 Number of plotters procured
04 Number of solar and tanks stand Reticulation systems
installed | -
-
-
- | -
-
-
- | -
-
-
- | -
-
-
- | 1
1
1
1"
Chama-Town-Council-2023-Budget.pdf|budget|2023|both|16|table|"ECONOMIC CLASSIFICATION |  | 2021 BUDGET |  |  | 2022 BUDGET |  | 2023 BUDGET"
Chama-Town-Council-2023-Budget.pdf|budget|2023|both|16|table|" |  | Approved | Expenditure | Approved |  | Expenditure* | Estimates"
Chama-Town-Council-2023-Budget.pdf|budget|2023|both|16|table|"02Use of Goods and Services
00General Operation
04Assets
01 Non-Financial Assets (Capital Expenditure) | Use of Goods and Services | - | - | 17,500
17,500
500
500 |  | -
-
- | -
-
750,000
750,000"
Chama-Town-Council-2023-Budget.pdf|budget|2023|both|16|table|" |  | - | - |  |  |  | "
Chama-Town-Council-2023-Budget.pdf|budget|2023|both|16|table|" | Assets | -
- | - |  |  |  | "
Chama-Town-Council-2023-Budget.pdf|budget|2023|both|16|table|" |  |  | - |  |  | - | "
Chama-Town-Council-2023-Budget.pdf|budget|2023|both|16|table|"Programme Total |  | - | - | 18,000 |  | - | 750,000"
Chama-Town-Council-2023-Budget.pdf|budget|2023|both|17|table|"Key Output(s) |  |  |  |  | "
Chama-Town-Council-2023-Budget.pdf|budget|2023|both|17|table|"Output Indicator: | 2021 |  | 2022 |  | 2023"
Chama-Town-Council-2023-Budget.pdf|budget|2023|both|17|table|" | Target | Actual | Target | Actual* | Target"
Chama-Town-Council-2023-Budget.pdf|budget|2023|both|17|table|"01 Number of inspections of premises conducted
02 Approval of Cemetery by ZEMA Conducted
03 Number of public health safety and enforcements
conducted
04 Number of carcass inspections conducted
05 Number of Dogs registered and tagged
06 Number of unclaimed bodies buried
07 Number of abattoirs constructed
08 Garbage collection efficiency
09 Percentage of pest control | -
-
-
-
-
-
-
-
- | -
-
-
-
-
-
-
-
- | -
-
-
-
-
-
-
-
- | -
-
-
-
-
-
-
-
- | 270
1
20
24
150
2
1
100
90"
Chama-Town-Council-2023-Budget.pdf|budget|2023|both|18|table|"ECONOMIC CLASSIFICATION |  | 2021 BUDGET |  |  | 2022 BUDGET |  | 2023 BUDGET"
Chama-Town-Council-2023-Budget.pdf|budget|2023|both|18|table|" |  | Approved | Expenditure | Approved |  | Expenditure* | Estimates"
Chama-Town-Council-2023-Budget.pdf|budget|2023|both|18|table|"01Personal Emoluments
01 Salaries and Wages
02Use of Goods and Services
00General Operation
04Assets
01 Non-Financial Assets (Capital Expenditure) | Personal Emoluments | -
-
- | - | -
-
25,310
25,310
-
- |  | - | 416,794
416,794
147,930
147,930
300,000
300,000"
Chama-Town-Council-2023-Budget.pdf|budget|2023|both|18|table|" |  |  | - |  |  | - | "
Chama-Town-Council-2023-Budget.pdf|budget|2023|both|18|table|" | Use of Goods and Services |  | - |  |  | -
-
- | "
Chama-Town-Council-2023-Budget.pdf|budget|2023|both|18|table|" |  | - | - |  |  |  | "
Chama-Town-Council-2023-Budget.pdf|budget|2023|both|18|table|" | Assets | -
- | - |  |  |  | "
Chama-Town-Council-2023-Budget.pdf|budget|2023|both|18|table|" |  |  | - |  |  | - | "
Chama-Town-Council-2023-Budget.pdf|budget|2023|both|18|table|"Programme Total |  | - | - | 25,310 |  | - | 864,724"
Chama-Town-Council-2023-Budget.pdf|budget|2023|both|19|table|"Key Output(s) |  |  |  |  | "
Chama-Town-Council-2023-Budget.pdf|budget|2023|both|19|table|"Output Indicator: | 2021 |  | 2022 |  | 2023"
Chama-Town-Council-2023-Budget.pdf|budget|2023|both|19|table|" | Target | Actual | Target | Actual* | Target"
Chama-Town-Council-2023-Budget.pdf|budget|2023|both|19|table|"01 Number of VIP toilets constructed
02 Number of Bridges and Culverts rehabilitated
03 Number of Council buildings maintained
04 Number of council Vehicles maintained
06 SOMAP Shop constructed
07 Number of Street lights maintained
08 Barrier shelters constructed
09 Number of V-Wash formed
10 Number of APMs trained | -
-
-
-
-
-
-
-
- | -
-
-
-
-
-
-
-
- | 1
-
-
-
-
-
-
-
- | -
-
-
-
-
-
-
-
- | -
1
9
9
1
30
2
25
10"
Chama-Town-Council-2023-Budget.pdf|budget|2023|both|20|table|"ECONOMIC CLASSIFICATION |  | 2021 BUDGET |  |  | 2022 BUDGET |  | 2023 BUDGET"
Chama-Town-Council-2023-Budget.pdf|budget|2023|both|20|table|" |  | Approved | Expenditure | Approved |  | Expenditure* | Estimates"
Chama-Town-Council-2023-Budget.pdf|budget|2023|both|20|table|"01Personal Emoluments
01 Salaries and Wages
02Use of Goods and Services
00General Operation
04Assets
01 Non-Financial Assets (Capital Expenditure) | Personal Emoluments | -
-
- | - | -
-
-
-
-
- |  | - | 986,620
986,620
136,900
136,900
270,000
270,000"
Chama-Town-Council-2023-Budget.pdf|budget|2023|both|20|table|" |  |  | - |  |  | - | "
Chama-Town-Council-2023-Budget.pdf|budget|2023|both|20|table|" | Use of Goods and Services |  | - |  |  | -
-
- | "
Chama-Town-Council-2023-Budget.pdf|budget|2023|both|20|table|" |  | - | - |  |  |  | "
Chama-Town-Council-2023-Budget.pdf|budget|2023|both|20|table|" | Assets | -
- | - |  |  |  | "
Chama-Town-Council-2023-Budget.pdf|budget|2023|both|20|table|" |  |  | - |  |  | - | "
Chama-Town-Council-2023-Budget.pdf|budget|2023|both|20|table|"Programme Total |  | - | - | - |  | - | 1,393,520"
Chama-Town-Council-2023-Budget.pdf|budget|2023|both|21|table|"Key Output(s) |  |  |  |  | "
Chama-Town-Council-2023-Budget.pdf|budget|2023|both|21|table|"Output Indicator: | 2021 |  | 2022 |  | 2023"
Chama-Town-Council-2023-Budget.pdf|budget|2023|both|21|table|" | Target | Actual | Target | Actual* | Target"
Chama-Town-Council-2023-Budget.pdf|budget|2023|both|21|table|"01 Number of Sport activities conducted
02 Number of traditional Ceremonies attended
03 Number of Recreation facilities established | -
-
- | -
-
- | -
-
- | -
-
- | 48
3
1"
Chama-Town-Council-2023-Budget.pdf|budget|2023|both|21|table|"ECONOMIC CLASSIFICATION |  | 2021 BUDGET |  |  | 2022 BUDGET |  | 2023 BUDGET"
Chama-Town-Council-2023-Budget.pdf|budget|2023|both|21|table|" |  | Approved | Expenditure | Approved |  | Expenditure* | Estimates"
Chama-Town-Council-2023-Budget.pdf|budget|2023|both|21|table|"02Use of Goods and Services
00General Operation | Use of Goods and Services | - | - | -
- |  | -
- | 48,494
48,494"
Chama-Town-Council-2023-Budget.pdf|budget|2023|both|21|table|" |  | - | - |  |  |  | "
Chama-Town-Council-2023-Budget.pdf|budget|2023|both|21|table|"Programme Total |  | - | - | - |  | - | 48,494"
Chama-Town-Council-2023-Budget.pdf|budget|2023|both|22|table|"Key Output(s) |  |  |  |  | "
Chama-Town-Council-2023-Budget.pdf|budget|2023|both|22|table|"Output Indicator: | 2021 |  | 2022 |  | 2023"
Chama-Town-Council-2023-Budget.pdf|budget|2023|both|22|table|" | Target | Actual | Target | Actual* | Target"
Chama-Town-Council-2023-Budget.pdf|budget|2023|both|22|table|"01 Number of Fire sensitisation meetings conducted
02 Number of Fire Safety inspections conducted
03 Number of Fire Fighters trained
04 Number of reported public nuisance cases resolved
05 Number of Task force patrol conducted
06 Number of stake holder sensitization meetings conducted | -
-
-
-
-
- | -
-
-
-
-
- | -
-
-
-
-
- | -
-
-
-
-
- | 8
270
2
3
12
4"
Chama-Town-Council-2023-Budget.pdf|budget|2023|both|23|table|"ECONOMIC CLASSIFICATION |  | 2021 BUDGET |  |  | 2022 BUDGET |  | 2023 BUDGET"
Chama-Town-Council-2023-Budget.pdf|budget|2023|both|23|table|" |  | Approved | Expenditure | Approved |  | Expenditure* | Estimates"
Chama-Town-Council-2023-Budget.pdf|budget|2023|both|23|table|"01Personal Emoluments
01 Salaries and Wages
02Use of Goods and Services
00General Operation | Personal Emoluments | -
-
- | - | -
-
-
- |  | - | 1,252,714
1,252,714
97,310
97,310"
Chama-Town-Council-2023-Budget.pdf|budget|2023|both|23|table|" |  |  | - |  |  | - | "
Chama-Town-Council-2023-Budget.pdf|budget|2023|both|23|table|" | Use of Goods and Services |  | - |  |  | -
- | "
Chama-Town-Council-2023-Budget.pdf|budget|2023|both|23|table|" |  | - | - |  |  |  | "
Chama-Town-Council-2023-Budget.pdf|budget|2023|both|23|table|"Programme Total |  | - | - | - |  | - | 1,350,024"
Chama-Town-Council-2023-Budget.pdf|budget|2023|both|24|text_fallback|Page 24 OUTPUT BASED ANNUAL BUDGET
Chama-Town-Council-2023-Budget.pdf|budget|2023|both|24|text_fallback|HEAD 8801CHAMA TOWN COUNCIL
Chama-Town-Council-2023-Budget.pdf|budget|2023|both|24|text_fallback|BUDGET PROGRAMMES
Chama-Town-Council-2023-Budget.pdf|budget|2023|both|25|table|"Key Output(s) |  |  |  |  | "
Chama-Town-Council-2023-Budget.pdf|budget|2023|both|25|table|"Output Indicator: | 2021 |  | 2022 |  | 2023"
Chama-Town-Council-2023-Budget.pdf|budget|2023|both|25|table|" | Target | Actual | Target | Actual* | Target"
Chama-Town-Council-2023-Budget.pdf|budget|2023|both|25|table|"01 Number of Management meetings held
02 Number of Procurement Plans produced
03 Number of Audit Reports produced
04 Number Staff Returns Submitted
05 Number of News articles published
06 Number of Financial statements produced
09 Number of Human Resource Committee meetings held
10 Percentage of Record Management improved
11 Number of Council Budgets Approved
12 Number of Council Assets Insured
13 Number of National Events Commemorated
14 Number of Receipts and Payments Reports Prepared | -
-
-
-
-
-
-
-
-
-
-
- | -
-
-
-
-
-
-
-
-
-
-
- | -
-
-
4
4
-
-
-
-
-
-
- | -
-
-
-
-
-
-
-
-
-
-
- | 16
1
4
4
24
1
6
85
1
9
4
12"
Chama-Town-Council-2023-Budget.pdf|budget|2023|both|26|text_fallback|Page 26 OUTPUT BASED ANNUAL BUDGET
Chama-Town-Council-2023-Budget.pdf|budget|2023|both|26|text_fallback|HEAD 8801CHAMA TOWN COUNCIL
Chama-Town-Council-2023-Budget.pdf|budget|2023|both|26|text_fallback|The programme will ensure that oversight and support are rendered for effective operation of
Chama-Town-Council-2023-Budget.pdf|budget|2023|both|26|text_fallback|the Council. It is envisaged that 16 Senior Management meetings will be conducted for effective
Chama-Town-Council-2023-Budget.pdf|budget|2023|both|26|text_fallback|running of the Council. It is also planned that 4 Quarterly Staff returns will be submitted to the
Chama-Town-Council-2023-Budget.pdf|budget|2023|both|26|text_fallback|Local Government Service Commission for continued staff appraisals and other related matters.
Chama-Town-Council-2023-Budget.pdf|budget|2023|both|26|text_fallback|Further, 6 Human Resource Committee meetings are planned to be held during the year for
Chama-Town-Council-2023-Budget.pdf|budget|2023|both|26|text_fallback|staff matters. This is a delegated function by the Local Government Service Commission to the
Chama-Town-Council-2023-Budget.pdf|budget|2023|both|26|text_fallback|HRC to preside over staff matters accordingly. The Council also plans to conduct 4 In house
Chama-Town-Council-2023-Budget.pdf|budget|2023|both|26|text_fallback|trainings on the new Conditions of Service. The Council will also commemorate 4 National
Chama-Town-Council-2023-Budget.pdf|budget|2023|both|26|text_fallback|events. It is also planned that 3 Traditional Ceremonies will be attended during the year. To
Chama-Town-Council-2023-Budget.pdf|budget|2023|both|26|text_fallback|enhance communication, the Council plans to publish 24 News articles on its Face book page.
Chama-Town-Council-2023-Budget.pdf|budget|2023|both|26|text_fallback|Under the Auditing Sub programme, the Council plans to produce 4 Audit reports to ensure that
Chama-Town-Council-2023-Budget.pdf|budget|2023|both|26|text_fallback|the Council is adhering to the internal controls as well as other relevant financial laws and
Chama-Town-Council-2023-Budget.pdf|budget|2023|both|26|text_fallback|regulations. The Council also plans to produce a Procurement plan for the year to ensure that
Chama-Town-Council-2023-Budget.pdf|budget|2023|both|26|text_fallback|goods and services are procured timely and orderly.
Chama-Town-Council-2023-Budget.pdf|budget|2023|both|26|text_fallback|Further, the Council will ensure a Financial statement is produced for the year end. It is also
Chama-Town-Council-2023-Budget.pdf|budget|2023|both|26|text_fallback|planned that 12 Receipts and Payment reports will be produced including quarterly financial
Chama-Town-Council-2023-Budget.pdf|budget|2023|both|26|text_fallback|reports. It is also planned that one Council budget will be approved. The Council will further
Chama-Town-Council-2023-Budget.pdf|budget|2023|both|26|text_fallback|ensure that 9 assets are insured to avert the risk of losses to properties. The Council also hopes
Chama-Town-Council-2023-Budget.pdf|budget|2023|both|26|text_fallback|to attain 85% levels in terms of record management. Further, in a bid to reduce the debt burden,
Chama-Town-Council-2023-Budget.pdf|budget|2023|both|26|text_fallback|the Council plans to pay a substancial part payment to one retiree.
Chama-Town-Council-2023-Budget.pdf|budget|2023|both|27|table|"ECONOMIC CLASSIFICATION |  | 2021 BUDGET |  |  | 2022 BUDGET |  | 2023 BUDGET"
Chama-Town-Council-2023-Budget.pdf|budget|2023|both|27|table|" |  | Approved | Expenditure | Approved |  | Expenditure* | Estimates"
Chama-Town-Council-2023-Budget.pdf|budget|2023|both|27|table|"01Personal Emoluments
01 Salaries and Wages
02Use of Goods and Services
00General Operation
04Assets
01 Non-Financial Assets (Capital Expenditure)
05Liabilities
01 Outstanding Bills | Personal Emoluments | -
-
- | - | -
-
-
-
-
-
-
- |  | - | 3,146,777
3,146,777
1,056,474
1,056,474
138,610
138,610
178,251
178,251"
Chama-Town-Council-2023-Budget.pdf|budget|2023|both|27|table|" |  |  | - |  |  | - | "
Chama-Town-Council-2023-Budget.pdf|budget|2023|both|27|table|" | Use of Goods and Services |  | - |  |  | -
-
- | "
Chama-Town-Council-2023-Budget.pdf|budget|2023|both|27|table|" |  | - | - |  |  |  | "
Chama-Town-Council-2023-Budget.pdf|budget|2023|both|27|table|" | Assets | -
-
-
- | - |  |  |  | "
Chama-Town-Council-2023-Budget.pdf|budget|2023|both|27|table|" |  |  | - |  |  | - | "
Chama-Town-Council-2023-Budget.pdf|budget|2023|both|27|table|" |  |  | - |  |  | - | "
Chama-Town-Council-2023-Budget.pdf|budget|2023|both|27|table|" |  |  | - |  |  | - | "
Chama-Town-Council-2023-Budget.pdf|budget|2023|both|27|table|"Programme Total |  | - | - | - |  | - | 4,520,111"
Chama-Town-Council-2023-Budget.pdf|budget|2023|both|28|table|"Key Output(s) |  |  |  |  | "
Chama-Town-Council-2023-Budget.pdf|budget|2023|both|28|table|"Output Indicator: | 2021 |  | 2022 |  | 2023"
Chama-Town-Council-2023-Budget.pdf|budget|2023|both|28|table|" | Target | Actual | Target | Actual* | Target"
Chama-Town-Council-2023-Budget.pdf|budget|2023|both|28|table|"01 Percentage Increase in Revenue Collected
02 Revenue reports produced
03 Number of blocks produced
04 Number of field visits conducted
05 Barrier Houses/VIP toilets constructed | -
-
-
-
- | -
-
-
-
- | -
-
-
-
- | -
-
-
-
- | 75
12
20,000
4
3"
Chama-Town-Council-2023-Budget.pdf|budget|2023|both|29|table|"ECONOMIC CLASSIFICATION |  | 2021 BUDGET |  |  | 2022 BUDGET |  | 2023 BUDGET"
Chama-Town-Council-2023-Budget.pdf|budget|2023|both|29|table|" |  | Approved | Expenditure | Approved |  | Expenditure* | Estimates"
Chama-Town-Council-2023-Budget.pdf|budget|2023|both|29|table|"01Personal Emoluments
01 Salaries and Wages
02Use of Goods and Services
00General Operation
04Assets
01 Non-Financial Assets (Capital Expenditure) | Personal Emoluments | -
-
- | - | -
-
-
-
-
- |  | - | 1,627,993
1,627,993
178,597
178,597
450,000
450,000"
Chama-Town-Council-2023-Budget.pdf|budget|2023|both|29|table|" |  |  | - |  |  | - | "
Chama-Town-Council-2023-Budget.pdf|budget|2023|both|29|table|" | Use of Goods and Services |  | - |  |  | -
-
- | "
Chama-Town-Council-2023-Budget.pdf|budget|2023|both|29|table|" |  | - | - |  |  |  | "
Chama-Town-Council-2023-Budget.pdf|budget|2023|both|29|table|" | Assets | -
- | - |  |  |  | "
Chama-Town-Council-2023-Budget.pdf|budget|2023|both|29|table|" |  |  | - |  |  | - | "
Chama-Town-Council-2023-Budget.pdf|budget|2023|both|29|table|"Programme Total |  | - | - | - |  | - | 2,256,590"
CHAMA-DISTRICT-INTEGRATED-DEVELOPMENT-PLAN-28_02_2025.pdf|idp|2025|both|1|text_fallback|i
CHAMA-DISTRICT-INTEGRATED-DEVELOPMENT-PLAN-28_02_2025.pdf|idp|2025|both|2|text_fallback|i
CHAMA-DISTRICT-INTEGRATED-DEVELOPMENT-PLAN-28_02_2025.pdf|idp|2025|both|3|text_fallback|FOREWORD
CHAMA-DISTRICT-INTEGRATED-DEVELOPMENT-PLAN-28_02_2025.pdf|idp|2025|both|3|text_fallback|Chama district Integrated Development Plan (IDP) is a developmental framework
CHAMA-DISTRICT-INTEGRATED-DEVELOPMENT-PLAN-28_02_2025.pdf|idp|2025|both|3|text_fallback|premeditated to run from 2025 to 2035 with the theme to have an Interlinked,
CHAMA-DISTRICT-INTEGRATED-DEVELOPMENT-PLAN-28_02_2025.pdf|idp|2025|both|3|text_fallback|socio-economically sound and environmentally sustainable district by 2040 for the
CHAMA-DISTRICT-INTEGRATED-DEVELOPMENT-PLAN-28_02_2025.pdf|idp|2025|both|3|text_fallback|sole purpose of poverty reduction.
CHAMA-DISTRICT-INTEGRATED-DEVELOPMENT-PLAN-28_02_2025.pdf|idp|2025|both|3|text_fallback|I would like to express special gratitude to His Excellence, the President of the
CHAMA-DISTRICT-INTEGRATED-DEVELOPMENT-PLAN-28_02_2025.pdf|idp|2025|both|3|text_fallback|Republic of Zambia Mr. Hakainde Hichilema for the support by allowing us to use
CHAMA-DISTRICT-INTEGRATED-DEVELOPMENT-PLAN-28_02_2025.pdf|idp|2025|both|3|text_fallback|part of the administrative component under CDF for the formation of the
CHAMA-DISTRICT-INTEGRATED-DEVELOPMENT-PLAN-28_02_2025.pdf|idp|2025|both|3|text_fallback|Integrated Development Plan (IDP). This in itself is one of the indicators that he has
CHAMA-DISTRICT-INTEGRATED-DEVELOPMENT-PLAN-28_02_2025.pdf|idp|2025|both|3|text_fallback|continuously shown to ensure that the district becomes a prosperous district by
CHAMA-DISTRICT-INTEGRATED-DEVELOPMENT-PLAN-28_02_2025.pdf|idp|2025|both|3|text_fallback|2030 through social and economic empowerment of all the sectors of
CHAMA-DISTRICT-INTEGRATED-DEVELOPMENT-PLAN-28_02_2025.pdf|idp|2025|both|3|text_fallback|development.
CHAMA-DISTRICT-INTEGRATED-DEVELOPMENT-PLAN-28_02_2025.pdf|idp|2025|both|3|text_fallback|We are more than delighted as a district to be beneficiaries of the support
CHAMA-DISTRICT-INTEGRATED-DEVELOPMENT-PLAN-28_02_2025.pdf|idp|2025|both|3|text_fallback|rendered in Eastern Province by USAID Local Impact Governance Project, World
CHAMA-DISTRICT-INTEGRATED-DEVELOPMENT-PLAN-28_02_2025.pdf|idp|2025|both|3|text_fallback|Bank through the Transforming Landscapes for Resilience and Development
CHAMA-DISTRICT-INTEGRATED-DEVELOPMENT-PLAN-28_02_2025.pdf|idp|2025|both|3|text_fallback|Project (TRALARD) during the Preparation of this important document.
CHAMA-DISTRICT-INTEGRATED-DEVELOPMENT-PLAN-28_02_2025.pdf|idp|2025|both|3|text_fallback|With much gratitude, I wish to thank the Ministry of Finance and National Planning
CHAMA-DISTRICT-INTEGRATED-DEVELOPMENT-PLAN-28_02_2025.pdf|idp|2025|both|3|text_fallback|as well as the Ministry of Local Government and Rural Development for the
CHAMA-DISTRICT-INTEGRATED-DEVELOPMENT-PLAN-28_02_2025.pdf|idp|2025|both|3|text_fallback|tremendous technical and financial support rendered throughout the draft
CHAMA-DISTRICT-INTEGRATED-DEVELOPMENT-PLAN-28_02_2025.pdf|idp|2025|both|3|text_fallback|process. I would also like to thank the Honorable Members of Parliament,
CHAMA-DISTRICT-INTEGRATED-DEVELOPMENT-PLAN-28_02_2025.pdf|idp|2025|both|3|text_fallback|Councilors, the District Commissioner and the Heads of Government
CHAMA-DISTRICT-INTEGRATED-DEVELOPMENT-PLAN-28_02_2025.pdf|idp|2025|both|3|text_fallback|Departments, the Council Secretary and the entire IDP team for working diligently
CHAMA-DISTRICT-INTEGRATED-DEVELOPMENT-PLAN-28_02_2025.pdf|idp|2025|both|3|text_fallback|in the preparation of the district Integrated Development Plan which will be used
CHAMA-DISTRICT-INTEGRATED-DEVELOPMENT-PLAN-28_02_2025.pdf|idp|2025|both|3|text_fallback|as a tool to improve the livelihoods of the community. In addition, I wish to thank
CHAMA-DISTRICT-INTEGRATED-DEVELOPMENT-PLAN-28_02_2025.pdf|idp|2025|both|3|text_fallback|i
CHAMA-DISTRICT-INTEGRATED-DEVELOPMENT-PLAN-28_02_2025.pdf|idp|2025|both|4|text_fallback|all seven traditional leaders for playing an active role in the development of this
CHAMA-DISTRICT-INTEGRATED-DEVELOPMENT-PLAN-28_02_2025.pdf|idp|2025|both|4|text_fallback|document.
CHAMA-DISTRICT-INTEGRATED-DEVELOPMENT-PLAN-28_02_2025.pdf|idp|2025|both|4|text_fallback|The document describes the historical perspective of the district and the
CHAMA-DISTRICT-INTEGRATED-DEVELOPMENT-PLAN-28_02_2025.pdf|idp|2025|both|4|text_fallback|governance structure: central government, local government and traditional
CHAMA-DISTRICT-INTEGRATED-DEVELOPMENT-PLAN-28_02_2025.pdf|idp|2025|both|4|text_fallback|leadership. Various issues have been captured during the consultative process in
CHAMA-DISTRICT-INTEGRATED-DEVELOPMENT-PLAN-28_02_2025.pdf|idp|2025|both|4|text_fallback|the Planning Survey and Issues Report that culminated into the Development
CHAMA-DISTRICT-INTEGRATED-DEVELOPMENT-PLAN-28_02_2025.pdf|idp|2025|both|4|text_fallback|Framework where the development agenda has been set. Therefore, the various
CHAMA-DISTRICT-INTEGRATED-DEVELOPMENT-PLAN-28_02_2025.pdf|idp|2025|both|4|text_fallback|outlined interventions, strategies and priorities are set targets to help chart a
CHAMA-DISTRICT-INTEGRATED-DEVELOPMENT-PLAN-28_02_2025.pdf|idp|2025|both|4|text_fallback|course and guide the district to the much-needed development. I therefore
CHAMA-DISTRICT-INTEGRATED-DEVELOPMENT-PLAN-28_02_2025.pdf|idp|2025|both|4|text_fallback|encourage all Departments, Line Ministries, traditional leaders and other
CHAMA-DISTRICT-INTEGRATED-DEVELOPMENT-PLAN-28_02_2025.pdf|idp|2025|both|4|text_fallback|stakeholders to help us market the set agenda as outlined in this document and
CHAMA-DISTRICT-INTEGRATED-DEVELOPMENT-PLAN-28_02_2025.pdf|idp|2025|both|4|text_fallback|support each other for the betterment of the people of Chama.
CHAMA-DISTRICT-INTEGRATED-DEVELOPMENT-PLAN-28_02_2025.pdf|idp|2025|both|4|text_fallback|I am pleased to invite all Chama residents, elected leaders, development
CHAMA-DISTRICT-INTEGRATED-DEVELOPMENT-PLAN-28_02_2025.pdf|idp|2025|both|4|text_fallback|partners and employees of the Government to work together towards timely
CHAMA-DISTRICT-INTEGRATED-DEVELOPMENT-PLAN-28_02_2025.pdf|idp|2025|both|4|text_fallback|realization of the targets we have set for ourselves in this Plan, so that we can
CHAMA-DISTRICT-INTEGRATED-DEVELOPMENT-PLAN-28_02_2025.pdf|idp|2025|both|4|text_fallback|achieve development and growth as a district.
CHAMA-DISTRICT-INTEGRATED-DEVELOPMENT-PLAN-28_02_2025.pdf|idp|2025|both|4|text_fallback|I therefore call upon everyone to passionately own the document and continue
CHAMA-DISTRICT-INTEGRATED-DEVELOPMENT-PLAN-28_02_2025.pdf|idp|2025|both|4|text_fallback|to contribute positively toward the attainment and realization of vital
CHAMA-DISTRICT-INTEGRATED-DEVELOPMENT-PLAN-28_02_2025.pdf|idp|2025|both|4|text_fallback|developmental indicators for sustainable development. This will only be done
CHAMA-DISTRICT-INTEGRATED-DEVELOPMENT-PLAN-28_02_2025.pdf|idp|2025|both|4|text_fallback|through heavily capitalizing on our natural resources, farmers, youths and women
CHAMA-DISTRICT-INTEGRATED-DEVELOPMENT-PLAN-28_02_2025.pdf|idp|2025|both|4|text_fallback|as well as promoting good and participatory governance.
CHAMA-DISTRICT-INTEGRATED-DEVELOPMENT-PLAN-28_02_2025.pdf|idp|2025|both|4|text_fallback|Cllr. Gift Kumwenda
CHAMA-DISTRICT-INTEGRATED-DEVELOPMENT-PLAN-28_02_2025.pdf|idp|2025|both|4|text_fallback|Council Chairperson
CHAMA-DISTRICT-INTEGRATED-DEVELOPMENT-PLAN-28_02_2025.pdf|idp|2025|both|4|text_fallback|Chama Town Council
CHAMA-DISTRICT-INTEGRATED-DEVELOPMENT-PLAN-28_02_2025.pdf|idp|2025|both|4|text_fallback|ii
CHAMA-DISTRICT-INTEGRATED-DEVELOPMENT-PLAN-28_02_2025.pdf|idp|2025|both|5|text_fallback|ACKNOWLEDGEMENT
CHAMA-DISTRICT-INTEGRATED-DEVELOPMENT-PLAN-28_02_2025.pdf|idp|2025|both|5|text_fallback|It is with great pleasure that I present the Integrated Development Plan (IDP) for
CHAMA-DISTRICT-INTEGRATED-DEVELOPMENT-PLAN-28_02_2025.pdf|idp|2025|both|5|text_fallback|Chama District, prepared in accordance with the Zambian Urban and Regional
CHAMA-DISTRICT-INTEGRATED-DEVELOPMENT-PLAN-28_02_2025.pdf|idp|2025|both|5|text_fallback|Planning Act of 2015. This plan represents a vital roadmap for the sustainable
CHAMA-DISTRICT-INTEGRATED-DEVELOPMENT-PLAN-28_02_2025.pdf|idp|2025|both|5|text_fallback|development of the district, focusing on inclusive growth, effective land use, and
CHAMA-DISTRICT-INTEGRATED-DEVELOPMENT-PLAN-28_02_2025.pdf|idp|2025|both|5|text_fallback|coordinated development across all sectors. As guided by the aforementioned
CHAMA-DISTRICT-INTEGRATED-DEVELOPMENT-PLAN-28_02_2025.pdf|idp|2025|both|5|text_fallback|Act of Parliament, this vital development document is to be a guide for the
CHAMA-DISTRICT-INTEGRATED-DEVELOPMENT-PLAN-28_02_2025.pdf|idp|2025|both|5|text_fallback|district’s development over the course of the next ten years and will be subject to
CHAMA-DISTRICT-INTEGRATED-DEVELOPMENT-PLAN-28_02_2025.pdf|idp|2025|both|5|text_fallback|review after five.
CHAMA-DISTRICT-INTEGRATED-DEVELOPMENT-PLAN-28_02_2025.pdf|idp|2025|both|5|text_fallback|Located in a game management area, Chama District is rich in both natural and
CHAMA-DISTRICT-INTEGRATED-DEVELOPMENT-PLAN-28_02_2025.pdf|idp|2025|both|5|text_fallback|human resources, but it faces unique challenges, including infrastructural
CHAMA-DISTRICT-INTEGRATED-DEVELOPMENT-PLAN-28_02_2025.pdf|idp|2025|both|5|text_fallback|limitations and service delivery gaps. The IDP has been developed through a
CHAMA-DISTRICT-INTEGRATED-DEVELOPMENT-PLAN-28_02_2025.pdf|idp|2025|both|5|text_fallback|collaborative process involving key stakeholders from government, the private
CHAMA-DISTRICT-INTEGRATED-DEVELOPMENT-PLAN-28_02_2025.pdf|idp|2025|both|5|text_fallback|sector, and the community, ensuring that it reflects the collective vision of the
CHAMA-DISTRICT-INTEGRATED-DEVELOPMENT-PLAN-28_02_2025.pdf|idp|2025|both|5|text_fallback|people of Chama. Not only does this document highlight the challenges faced,
CHAMA-DISTRICT-INTEGRATED-DEVELOPMENT-PLAN-28_02_2025.pdf|idp|2025|both|5|text_fallback|it also incorporates the opportunities that Chama possesses to become an
CHAMA-DISTRICT-INTEGRATED-DEVELOPMENT-PLAN-28_02_2025.pdf|idp|2025|both|5|text_fallback|Interlinked, Socio-Economically sound and environmentally sustainable district by
CHAMA-DISTRICT-INTEGRATED-DEVELOPMENT-PLAN-28_02_2025.pdf|idp|2025|both|5|text_fallback|2040.
CHAMA-DISTRICT-INTEGRATED-DEVELOPMENT-PLAN-28_02_2025.pdf|idp|2025|both|5|text_fallback|This plan provides a comprehensive framework for addressing issues related to
CHAMA-DISTRICT-INTEGRATED-DEVELOPMENT-PLAN-28_02_2025.pdf|idp|2025|both|5|text_fallback|housing, transportation, environmental management, and socio-economic
CHAMA-DISTRICT-INTEGRATED-DEVELOPMENT-PLAN-28_02_2025.pdf|idp|2025|both|5|text_fallback|development, while aligning with national goals and policies. It emphasizes the
CHAMA-DISTRICT-INTEGRATED-DEVELOPMENT-PLAN-28_02_2025.pdf|idp|2025|both|5|text_fallback|importance of sustainable practices that preserve the environment for future
CHAMA-DISTRICT-INTEGRATED-DEVELOPMENT-PLAN-28_02_2025.pdf|idp|2025|both|5|text_fallback|generations and recognizes the need to foster equitable development that
CHAMA-DISTRICT-INTEGRATED-DEVELOPMENT-PLAN-28_02_2025.pdf|idp|2025|both|5|text_fallback|benefits all residents of the district.
CHAMA-DISTRICT-INTEGRATED-DEVELOPMENT-PLAN-28_02_2025.pdf|idp|2025|both|5|text_fallback|iii
CHAMA-DISTRICT-INTEGRATED-DEVELOPMENT-PLAN-28_02_2025.pdf|idp|2025|both|6|text_fallback|The successful implementation of this IDP will require the continued commitment
CHAMA-DISTRICT-INTEGRATED-DEVELOPMENT-PLAN-28_02_2025.pdf|idp|2025|both|6|text_fallback|and cooperation of all stakeholders. Together, we can transform Chama District
CHAMA-DISTRICT-INTEGRATED-DEVELOPMENT-PLAN-28_02_2025.pdf|idp|2025|both|6|text_fallback|into a thriving, inclusive, and environmentally sustainable community.
CHAMA-DISTRICT-INTEGRATED-DEVELOPMENT-PLAN-28_02_2025.pdf|idp|2025|both|6|text_fallback|I urge all partners to embrace this plan and work diligently towards realizing its
CHAMA-DISTRICT-INTEGRATED-DEVELOPMENT-PLAN-28_02_2025.pdf|idp|2025|both|6|text_fallback|vision for the future of Chama District.
CHAMA-DISTRICT-INTEGRATED-DEVELOPMENT-PLAN-28_02_2025.pdf|idp|2025|both|6|text_fallback|Yobe Lolwe Goma
CHAMA-DISTRICT-INTEGRATED-DEVELOPMENT-PLAN-28_02_2025.pdf|idp|2025|both|6|text_fallback|District Commissioner
CHAMA-DISTRICT-INTEGRATED-DEVELOPMENT-PLAN-28_02_2025.pdf|idp|2025|both|6|text_fallback|Chama District
CHAMA-DISTRICT-INTEGRATED-DEVELOPMENT-PLAN-28_02_2025.pdf|idp|2025|both|6|text_fallback|iv
CHAMA-DISTRICT-INTEGRATED-DEVELOPMENT-PLAN-28_02_2025.pdf|idp|2025|both|7|text_fallback|EXECUTIVE SUMMARY
CHAMA-DISTRICT-INTEGRATED-DEVELOPMENT-PLAN-28_02_2025.pdf|idp|2025|both|7|text_fallback|The Chama District Integrated Development Plan (IDP) outlines a strategic vision
CHAMA-DISTRICT-INTEGRATED-DEVELOPMENT-PLAN-28_02_2025.pdf|idp|2025|both|7|text_fallback|for sustainable development over the next decade, aiming to guide the district’s
CHAMA-DISTRICT-INTEGRATED-DEVELOPMENT-PLAN-28_02_2025.pdf|idp|2025|both|7|text_fallback|development toward an interlinked, socio-economically sound and
CHAMA-DISTRICT-INTEGRATED-DEVELOPMENT-PLAN-28_02_2025.pdf|idp|2025|both|7|text_fallback|environmentally sustainable district by 2045. As prescribed by Urban and Regional
CHAMA-DISTRICT-INTEGRATED-DEVELOPMENT-PLAN-28_02_2025.pdf|idp|2025|both|7|text_fallback|Planning Act, Chama District’s IDP is comprised of planning survey and issues
CHAMA-DISTRICT-INTEGRATED-DEVELOPMENT-PLAN-28_02_2025.pdf|idp|2025|both|7|text_fallback|report, a development framework, an implementation programme, a report on
CHAMA-DISTRICT-INTEGRATED-DEVELOPMENT-PLAN-28_02_2025.pdf|idp|2025|both|7|text_fallback|public consultation, as well as appropriate diagrams and plans.
CHAMA-DISTRICT-INTEGRATED-DEVELOPMENT-PLAN-28_02_2025.pdf|idp|2025|both|7|text_fallback|As the foundation of the document, the planning survey and issues report
CHAMA-DISTRICT-INTEGRATED-DEVELOPMENT-PLAN-28_02_2025.pdf|idp|2025|both|7|text_fallback|comprises of the description of Chama as a district; it speaks to matters of the
CHAMA-DISTRICT-INTEGRATED-DEVELOPMENT-PLAN-28_02_2025.pdf|idp|2025|both|7|text_fallback|district’s demographic status, settlement patterns, land use, and various impact
CHAMA-DISTRICT-INTEGRATED-DEVELOPMENT-PLAN-28_02_2025.pdf|idp|2025|both|7|text_fallback|assessments. In addition, this component includes sector-based thematic
CHAMA-DISTRICT-INTEGRATED-DEVELOPMENT-PLAN-28_02_2025.pdf|idp|2025|both|7|text_fallback|analyses that help depict the district’s performance and current development
CHAMA-DISTRICT-INTEGRATED-DEVELOPMENT-PLAN-28_02_2025.pdf|idp|2025|both|7|text_fallback|status. It brings out the issues relating to the implementation of national policies
CHAMA-DISTRICT-INTEGRATED-DEVELOPMENT-PLAN-28_02_2025.pdf|idp|2025|both|7|text_fallback|and programmes, accessibility, availability, and quality of services provided in the
CHAMA-DISTRICT-INTEGRATED-DEVELOPMENT-PLAN-28_02_2025.pdf|idp|2025|both|7|text_fallback|district. Additionally, it also covers issues to do with environmental impacts and
CHAMA-DISTRICT-INTEGRATED-DEVELOPMENT-PLAN-28_02_2025.pdf|idp|2025|both|7|text_fallback|social aspects of the communities across the district. It is on this foundation that
CHAMA-DISTRICT-INTEGRATED-DEVELOPMENT-PLAN-28_02_2025.pdf|idp|2025|both|7|text_fallback|the development framework is developed.
CHAMA-DISTRICT-INTEGRATED-DEVELOPMENT-PLAN-28_02_2025.pdf|idp|2025|both|7|text_fallback|Based on the planning survey and issues report, the development framework is
CHAMA-DISTRICT-INTEGRATED-DEVELOPMENT-PLAN-28_02_2025.pdf|idp|2025|both|7|text_fallback|basically the remedies to the challenges faced by the district; This component
CHAMA-DISTRICT-INTEGRATED-DEVELOPMENT-PLAN-28_02_2025.pdf|idp|2025|both|7|text_fallback|defines the district’s goals, objectives and strategies. Following a similar structure,
CHAMA-DISTRICT-INTEGRATED-DEVELOPMENT-PLAN-28_02_2025.pdf|idp|2025|both|7|text_fallback|the development framework presents these goals and objectives in a thematic
CHAMA-DISTRICT-INTEGRATED-DEVELOPMENT-PLAN-28_02_2025.pdf|idp|2025|both|7|text_fallback|sector-based format outlining the different types of challenges faced. This is then
CHAMA-DISTRICT-INTEGRATED-DEVELOPMENT-PLAN-28_02_2025.pdf|idp|2025|both|7|text_fallback|concluded with a summary of cross-sectoral goals, objectives, strategies, and
CHAMA-DISTRICT-INTEGRATED-DEVELOPMENT-PLAN-28_02_2025.pdf|idp|2025|both|7|text_fallback|programmes to be implemented over the prescribed planning period.
CHAMA-DISTRICT-INTEGRATED-DEVELOPMENT-PLAN-28_02_2025.pdf|idp|2025|both|7|text_fallback|Furthermore, the gathered information becomes part of the key ingredient that
CHAMA-DISTRICT-INTEGRATED-DEVELOPMENT-PLAN-28_02_2025.pdf|idp|2025|both|7|text_fallback|v
CHAMA-DISTRICT-INTEGRATED-DEVELOPMENT-PLAN-28_02_2025.pdf|idp|2025|both|8|text_fallback|speaks to the depiction of spatial development on the ground in the spatial
CHAMA-DISTRICT-INTEGRATED-DEVELOPMENT-PLAN-28_02_2025.pdf|idp|2025|both|8|text_fallback|development framework. Subsequently, the spatial development framework
CHAMA-DISTRICT-INTEGRATED-DEVELOPMENT-PLAN-28_02_2025.pdf|idp|2025|both|8|text_fallback|becomes the platform for financial allocation or in other words, the
CHAMA-DISTRICT-INTEGRATED-DEVELOPMENT-PLAN-28_02_2025.pdf|idp|2025|both|8|text_fallback|implementation programme.
CHAMA-DISTRICT-INTEGRATED-DEVELOPMENT-PLAN-28_02_2025.pdf|idp|2025|both|8|text_fallback|The implementation programme helps define the roles and responsibilities of all
CHAMA-DISTRICT-INTEGRATED-DEVELOPMENT-PLAN-28_02_2025.pdf|idp|2025|both|8|text_fallback|stakeholders both internal and external to the district; In this component, the
CHAMA-DISTRICT-INTEGRATED-DEVELOPMENT-PLAN-28_02_2025.pdf|idp|2025|both|8|text_fallback|document covers the capital investment programme, the local authority’s
CHAMA-DISTRICT-INTEGRATED-DEVELOPMENT-PLAN-28_02_2025.pdf|idp|2025|both|8|text_fallback|financial plan, and lastly the monitoring and evaluation plan.
CHAMA-DISTRICT-INTEGRATED-DEVELOPMENT-PLAN-28_02_2025.pdf|idp|2025|both|8|text_fallback|Ultimately, the IDP is the collective composition of these components brought to
CHAMA-DISTRICT-INTEGRATED-DEVELOPMENT-PLAN-28_02_2025.pdf|idp|2025|both|8|text_fallback|life by the synergetic efforts of all stakeholders in the district. It is my sincere desire
CHAMA-DISTRICT-INTEGRATED-DEVELOPMENT-PLAN-28_02_2025.pdf|idp|2025|both|8|text_fallback|to witness the actualization of the district’s vision for a better Chama district come
CHAMA-DISTRICT-INTEGRATED-DEVELOPMENT-PLAN-28_02_2025.pdf|idp|2025|both|8|text_fallback|2035.
CHAMA-DISTRICT-INTEGRATED-DEVELOPMENT-PLAN-28_02_2025.pdf|idp|2025|both|8|text_fallback|Muzyani Francis
CHAMA-DISTRICT-INTEGRATED-DEVELOPMENT-PLAN-28_02_2025.pdf|idp|2025|both|8|text_fallback|Council Secretary
CHAMA-DISTRICT-INTEGRATED-DEVELOPMENT-PLAN-28_02_2025.pdf|idp|2025|both|8|text_fallback|Chama Town Council
CHAMA-DISTRICT-INTEGRATED-DEVELOPMENT-PLAN-28_02_2025.pdf|idp|2025|both|8|text_fallback|vi
CHAMA-DISTRICT-INTEGRATED-DEVELOPMENT-PLAN-28_02_2025.pdf|idp|2025|both|9|text_fallback|Contents
CHAMA-DISTRICT-INTEGRATED-DEVELOPMENT-PLAN-28_02_2025.pdf|idp|2025|both|9|text_fallback|FOREWORD ..................................................................................................................... i
CHAMA-DISTRICT-INTEGRATED-DEVELOPMENT-PLAN-28_02_2025.pdf|idp|2025|both|9|text_fallback|ACKNOWLEDGEMENT ................................................................................................... iii
CHAMA-DISTRICT-INTEGRATED-DEVELOPMENT-PLAN-28_02_2025.pdf|idp|2025|both|9|text_fallback|EXECUTIVE SUMMARY.................................................................................................... v
CHAMA-DISTRICT-INTEGRATED-DEVELOPMENT-PLAN-28_02_2025.pdf|idp|2025|both|9|text_fallback|ABBREVIATION LIST /LIST OF ACRONYMS ................................................................... xxi
CHAMA-DISTRICT-INTEGRATED-DEVELOPMENT-PLAN-28_02_2025.pdf|idp|2025|both|9|text_fallback|LIST OF TABLES .............................................................................................................xxiii
CHAMA-DISTRICT-INTEGRATED-DEVELOPMENT-PLAN-28_02_2025.pdf|idp|2025|both|9|text_fallback|LIST OF FIGURES .......................................................................................................... xxvi
CHAMA-DISTRICT-INTEGRATED-DEVELOPMENT-PLAN-28_02_2025.pdf|idp|2025|both|9|text_fallback|LIST OF MAPS ............................................................................................................. xxvii
CHAMA-DISTRICT-INTEGRATED-DEVELOPMENT-PLAN-28_02_2025.pdf|idp|2025|both|9|text_fallback|PART ONE – INTRODUCTION ......................................................................................... 1
CHAMA-DISTRICT-INTEGRATED-DEVELOPMENT-PLAN-28_02_2025.pdf|idp|2025|both|9|text_fallback|Introduction and Background .................................................................................. 1
CHAMA-DISTRICT-INTEGRATED-DEVELOPMENT-PLAN-28_02_2025.pdf|idp|2025|both|9|text_fallback|Definition of the IDP Area ......................................................................................... 3
CHAMA-DISTRICT-INTEGRATED-DEVELOPMENT-PLAN-28_02_2025.pdf|idp|2025|both|9|text_fallback|Climatic Condition .................................................................................................... 5
CHAMA-DISTRICT-INTEGRATED-DEVELOPMENT-PLAN-28_02_2025.pdf|idp|2025|both|9|text_fallback|Soils .............................................................................................................................. 6
CHAMA-DISTRICT-INTEGRATED-DEVELOPMENT-PLAN-28_02_2025.pdf|idp|2025|both|9|text_fallback|Topography ................................................................................................................ 6
CHAMA-DISTRICT-INTEGRATED-DEVELOPMENT-PLAN-28_02_2025.pdf|idp|2025|both|9|text_fallback|Hydrology ................................................................................................................... 7
CHAMA-DISTRICT-INTEGRATED-DEVELOPMENT-PLAN-28_02_2025.pdf|idp|2025|both|9|text_fallback|Vegetation ................................................................................................................. 7
CHAMA-DISTRICT-INTEGRATED-DEVELOPMENT-PLAN-28_02_2025.pdf|idp|2025|both|9|text_fallback|Flora and Fauna......................................................................................................... 8
CHAMA-DISTRICT-INTEGRATED-DEVELOPMENT-PLAN-28_02_2025.pdf|idp|2025|both|9|text_fallback|Governance and General Administration .............................................................. 9
CHAMA-DISTRICT-INTEGRATED-DEVELOPMENT-PLAN-28_02_2025.pdf|idp|2025|both|9|text_fallback|Traditional Leadership System .................................................................................. 9
CHAMA-DISTRICT-INTEGRATED-DEVELOPMENT-PLAN-28_02_2025.pdf|idp|2025|both|9|text_fallback|vii
CHAMA-DISTRICT-INTEGRATED-DEVELOPMENT-PLAN-28_02_2025.pdf|idp|2025|both|10|text_fallback|Local Government System ....................................................................................... 9
CHAMA-DISTRICT-INTEGRATED-DEVELOPMENT-PLAN-28_02_2025.pdf|idp|2025|both|10|text_fallback|District Administration .............................................................................................. 10
CHAMA-DISTRICT-INTEGRATED-DEVELOPMENT-PLAN-28_02_2025.pdf|idp|2025|both|10|text_fallback|PART TWO: PLANNING SURVEY AND ISSUES REPORT ................................................ 12
CHAMA-DISTRICT-INTEGRATED-DEVELOPMENT-PLAN-28_02_2025.pdf|idp|2025|both|10|text_fallback|Introduction .............................................................................................................. 12
CHAMA-DISTRICT-INTEGRATED-DEVELOPMENT-PLAN-28_02_2025.pdf|idp|2025|both|10|text_fallback|Demographic Analysis ............................................................................................ 12
CHAMA-DISTRICT-INTEGRATED-DEVELOPMENT-PLAN-28_02_2025.pdf|idp|2025|both|10|text_fallback|Historic Population Levels and Historic Population Growth Rates ................... 12
CHAMA-DISTRICT-INTEGRATED-DEVELOPMENT-PLAN-28_02_2025.pdf|idp|2025|both|10|text_fallback|Population Density at Ward Level....................................................................... 16
CHAMA-DISTRICT-INTEGRATED-DEVELOPMENT-PLAN-28_02_2025.pdf|idp|2025|both|10|text_fallback|Population and Population Growth Rates of Urban and Rural Areas ............ 18
CHAMA-DISTRICT-INTEGRATED-DEVELOPMENT-PLAN-28_02_2025.pdf|idp|2025|both|10|text_fallback|Population Distribution by Sex ............................................................................. 19
CHAMA-DISTRICT-INTEGRATED-DEVELOPMENT-PLAN-28_02_2025.pdf|idp|2025|both|10|text_fallback|Implications of a Large Female and Rural Population ..................................... 19
CHAMA-DISTRICT-INTEGRATED-DEVELOPMENT-PLAN-28_02_2025.pdf|idp|2025|both|10|text_fallback|Population Growth Rate ...................................................................................... 20
CHAMA-DISTRICT-INTEGRATED-DEVELOPMENT-PLAN-28_02_2025.pdf|idp|2025|both|10|text_fallback|Fertility Rate and Mortality Rate .......................................................................... 21
CHAMA-DISTRICT-INTEGRATED-DEVELOPMENT-PLAN-28_02_2025.pdf|idp|2025|both|10|text_fallback|Disability Status ..................................................................................................... 22
CHAMA-DISTRICT-INTEGRATED-DEVELOPMENT-PLAN-28_02_2025.pdf|idp|2025|both|10|text_fallback|Median Age .......................................................................................................... 22
CHAMA-DISTRICT-INTEGRATED-DEVELOPMENT-PLAN-28_02_2025.pdf|idp|2025|both|10|text_fallback|Age Dependency Ratio ...................................................................................... 23
CHAMA-DISTRICT-INTEGRATED-DEVELOPMENT-PLAN-28_02_2025.pdf|idp|2025|both|10|text_fallback|Migration and Urbanization ................................................................................. 23
CHAMA-DISTRICT-INTEGRATED-DEVELOPMENT-PLAN-28_02_2025.pdf|idp|2025|both|10|text_fallback|Population Projections ............................................................................................ 24
CHAMA-DISTRICT-INTEGRATED-DEVELOPMENT-PLAN-28_02_2025.pdf|idp|2025|both|10|text_fallback|Estimate of Future Population ............................................................................. 24
CHAMA-DISTRICT-INTEGRATED-DEVELOPMENT-PLAN-28_02_2025.pdf|idp|2025|both|10|text_fallback|Projected Population Distribution estimates for sex .......................................... 26
CHAMA-DISTRICT-INTEGRATED-DEVELOPMENT-PLAN-28_02_2025.pdf|idp|2025|both|10|text_fallback|viii
CHAMA-DISTRICT-INTEGRATED-DEVELOPMENT-PLAN-28_02_2025.pdf|idp|2025|both|11|text_fallback|Assessment of the Existing Land Use and Settlement Pattern in the District ...... 27
CHAMA-DISTRICT-INTEGRATED-DEVELOPMENT-PLAN-28_02_2025.pdf|idp|2025|both|11|text_fallback|Overall Settlement Pattern .................................................................................. 27
CHAMA-DISTRICT-INTEGRATED-DEVELOPMENT-PLAN-28_02_2025.pdf|idp|2025|both|11|text_fallback|Informal Settlements ............................................................................................. 29
CHAMA-DISTRICT-INTEGRATED-DEVELOPMENT-PLAN-28_02_2025.pdf|idp|2025|both|11|text_fallback|Land Use Planning ................................................................................................... 30
CHAMA-DISTRICT-INTEGRATED-DEVELOPMENT-PLAN-28_02_2025.pdf|idp|2025|both|11|text_fallback|Description of the Existing State of Land Use and Development .................... 30
CHAMA-DISTRICT-INTEGRATED-DEVELOPMENT-PLAN-28_02_2025.pdf|idp|2025|both|11|text_fallback|Impact of the Continuation of Population Growth on Land Use and Spatial
CHAMA-DISTRICT-INTEGRATED-DEVELOPMENT-PLAN-28_02_2025.pdf|idp|2025|both|11|text_fallback|Development Patterns ......................................................................................... 34
CHAMA-DISTRICT-INTEGRATED-DEVELOPMENT-PLAN-28_02_2025.pdf|idp|2025|both|11|text_fallback|PART TWO: SECTORAL AND THEMATIC ANALYSIS ..................................................... 37
CHAMA-DISTRICT-INTEGRATED-DEVELOPMENT-PLAN-28_02_2025.pdf|idp|2025|both|11|text_fallback|AGRICULTURAL SECTOR .......................................................................................... 37
CHAMA-DISTRICT-INTEGRATED-DEVELOPMENT-PLAN-28_02_2025.pdf|idp|2025|both|11|text_fallback|Key Government Priorities to Be Implemented at a Local Levels ................... 37
CHAMA-DISTRICT-INTEGRATED-DEVELOPMENT-PLAN-28_02_2025.pdf|idp|2025|both|11|text_fallback|Key Priorities of the Development Plans, Policies, Strategies and How They Are
CHAMA-DISTRICT-INTEGRATED-DEVELOPMENT-PLAN-28_02_2025.pdf|idp|2025|both|11|text_fallback|to Be Implements at a Local Level ..................................................................... 37
CHAMA-DISTRICT-INTEGRATED-DEVELOPMENT-PLAN-28_02_2025.pdf|idp|2025|both|11|text_fallback|Assessment of the Existing State of Development ............................................ 38
CHAMA-DISTRICT-INTEGRATED-DEVELOPMENT-PLAN-28_02_2025.pdf|idp|2025|both|11|text_fallback|Assessment of the Overall Performance of the District .................................... 38
CHAMA-DISTRICT-INTEGRATED-DEVELOPMENT-PLAN-28_02_2025.pdf|idp|2025|both|11|text_fallback|Issues from Public Participation Process ............................................................. 41
CHAMA-DISTRICT-INTEGRATED-DEVELOPMENT-PLAN-28_02_2025.pdf|idp|2025|both|11|text_fallback|Impact of Changes Anticipated on Land Use and Population Distribution
CHAMA-DISTRICT-INTEGRATED-DEVELOPMENT-PLAN-28_02_2025.pdf|idp|2025|both|11|text_fallback|Patterns Over the Next Ten Years ....................................................................... 41
CHAMA-DISTRICT-INTEGRATED-DEVELOPMENT-PLAN-28_02_2025.pdf|idp|2025|both|11|text_fallback|Impact of Environment and Climate Change .................................................. 42
CHAMA-DISTRICT-INTEGRATED-DEVELOPMENT-PLAN-28_02_2025.pdf|idp|2025|both|11|text_fallback|Issues Arising Relating to Gender Groups and Vulnerable Groups ................. 42
CHAMA-DISTRICT-INTEGRATED-DEVELOPMENT-PLAN-28_02_2025.pdf|idp|2025|both|11|text_fallback|External Factors Contributing to the Issue .......................................................... 43
CHAMA-DISTRICT-INTEGRATED-DEVELOPMENT-PLAN-28_02_2025.pdf|idp|2025|both|11|text_fallback|ix
CHAMA-DISTRICT-INTEGRATED-DEVELOPMENT-PLAN-28_02_2025.pdf|idp|2025|both|12|text_fallback|Summary of the Core Issues ................................................................................ 43
CHAMA-DISTRICT-INTEGRATED-DEVELOPMENT-PLAN-28_02_2025.pdf|idp|2025|both|12|text_fallback|LIVESTOCK AND FISHERIES ....................................................................................... 43
CHAMA-DISTRICT-INTEGRATED-DEVELOPMENT-PLAN-28_02_2025.pdf|idp|2025|both|12|text_fallback|Key government priorities to be implemented at a local level ....................... 43
CHAMA-DISTRICT-INTEGRATED-DEVELOPMENT-PLAN-28_02_2025.pdf|idp|2025|both|12|text_fallback|Livestock ................................................................................................................ 43
CHAMA-DISTRICT-INTEGRATED-DEVELOPMENT-PLAN-28_02_2025.pdf|idp|2025|both|12|text_fallback|Fisheries .................................................................................................................. 44
CHAMA-DISTRICT-INTEGRATED-DEVELOPMENT-PLAN-28_02_2025.pdf|idp|2025|both|12|text_fallback|Assessment of the Existing State of Development ............................................ 45
CHAMA-DISTRICT-INTEGRATED-DEVELOPMENT-PLAN-28_02_2025.pdf|idp|2025|both|12|text_fallback|Assessment of the Overall Performance of the District .................................... 48
CHAMA-DISTRICT-INTEGRATED-DEVELOPMENT-PLAN-28_02_2025.pdf|idp|2025|both|12|text_fallback|Issues from Public Participation Process ............................................................. 50
CHAMA-DISTRICT-INTEGRATED-DEVELOPMENT-PLAN-28_02_2025.pdf|idp|2025|both|12|text_fallback|Future Demand for Services and Facilities Based on the Estimates of
CHAMA-DISTRICT-INTEGRATED-DEVELOPMENT-PLAN-28_02_2025.pdf|idp|2025|both|12|text_fallback|Population Change ............................................................................................. 51
CHAMA-DISTRICT-INTEGRATED-DEVELOPMENT-PLAN-28_02_2025.pdf|idp|2025|both|12|text_fallback|Impact of Ongoing Development Programmes on Land Use and Population
CHAMA-DISTRICT-INTEGRATED-DEVELOPMENT-PLAN-28_02_2025.pdf|idp|2025|both|12|text_fallback|Distribution Patterns .............................................................................................. 54
CHAMA-DISTRICT-INTEGRATED-DEVELOPMENT-PLAN-28_02_2025.pdf|idp|2025|both|12|text_fallback|Impact of Environment and Climate Change .................................................. 54
CHAMA-DISTRICT-INTEGRATED-DEVELOPMENT-PLAN-28_02_2025.pdf|idp|2025|both|12|text_fallback|Issues Arising Relating to Gender Groups and Vulnerable Groups ................. 55
CHAMA-DISTRICT-INTEGRATED-DEVELOPMENT-PLAN-28_02_2025.pdf|idp|2025|both|12|text_fallback|External Factors Contributing to the Issue .......................................................... 55
CHAMA-DISTRICT-INTEGRATED-DEVELOPMENT-PLAN-28_02_2025.pdf|idp|2025|both|12|text_fallback|Core issues from the sector ................................................................................. 56
CHAMA-DISTRICT-INTEGRATED-DEVELOPMENT-PLAN-28_02_2025.pdf|idp|2025|both|12|text_fallback|COMMERCE AND TRADE......................................................................................... 56
CHAMA-DISTRICT-INTEGRATED-DEVELOPMENT-PLAN-28_02_2025.pdf|idp|2025|both|12|text_fallback|Key Government Priorities to Be Implemented at A Local Level .................... 56
CHAMA-DISTRICT-INTEGRATED-DEVELOPMENT-PLAN-28_02_2025.pdf|idp|2025|both|12|text_fallback|Key Priorities of Sector Specific National Plans/Strategies and how they are to
CHAMA-DISTRICT-INTEGRATED-DEVELOPMENT-PLAN-28_02_2025.pdf|idp|2025|both|12|text_fallback|be implemented at a Local Level ...................................................................... 56
CHAMA-DISTRICT-INTEGRATED-DEVELOPMENT-PLAN-28_02_2025.pdf|idp|2025|both|12|text_fallback|x
CHAMA-DISTRICT-INTEGRATED-DEVELOPMENT-PLAN-28_02_2025.pdf|idp|2025|both|13|text_fallback|Assessment of the Existing State of Development ............................................ 57
CHAMA-DISTRICT-INTEGRATED-DEVELOPMENT-PLAN-28_02_2025.pdf|idp|2025|both|13|text_fallback|Availability of Services Relevant to this Sector .................................................. 57
CHAMA-DISTRICT-INTEGRATED-DEVELOPMENT-PLAN-28_02_2025.pdf|idp|2025|both|13|text_fallback|Markets .................................................................................................................. 57
CHAMA-DISTRICT-INTEGRATED-DEVELOPMENT-PLAN-28_02_2025.pdf|idp|2025|both|13|text_fallback|Banking Facilities ................................................................................................... 57
CHAMA-DISTRICT-INTEGRATED-DEVELOPMENT-PLAN-28_02_2025.pdf|idp|2025|both|13|text_fallback|Trade ...................................................................................................................... 58
CHAMA-DISTRICT-INTEGRATED-DEVELOPMENT-PLAN-28_02_2025.pdf|idp|2025|both|13|text_fallback|Cooperatives ........................................................................................................ 58
CHAMA-DISTRICT-INTEGRATED-DEVELOPMENT-PLAN-28_02_2025.pdf|idp|2025|both|13|text_fallback|Gas Service Stations ............................................................................................. 58
CHAMA-DISTRICT-INTEGRATED-DEVELOPMENT-PLAN-28_02_2025.pdf|idp|2025|both|13|text_fallback|Issues from Public Participation Process ............................................................. 59
CHAMA-DISTRICT-INTEGRATED-DEVELOPMENT-PLAN-28_02_2025.pdf|idp|2025|both|13|text_fallback|Impact of Changes Anticipated Over the Next Ten Years .............................. 59
CHAMA-DISTRICT-INTEGRATED-DEVELOPMENT-PLAN-28_02_2025.pdf|idp|2025|both|13|text_fallback|Impact of Ongoing Development Programmes on Land Use and Population
CHAMA-DISTRICT-INTEGRATED-DEVELOPMENT-PLAN-28_02_2025.pdf|idp|2025|both|13|text_fallback|Distribution Patterns .............................................................................................. 60
CHAMA-DISTRICT-INTEGRATED-DEVELOPMENT-PLAN-28_02_2025.pdf|idp|2025|both|13|text_fallback|Impact of Environment and Climate Change .................................................. 60
CHAMA-DISTRICT-INTEGRATED-DEVELOPMENT-PLAN-28_02_2025.pdf|idp|2025|both|13|text_fallback|Issues Arising Relating to Gender Groups and Vulnerable Groups ................. 61
CHAMA-DISTRICT-INTEGRATED-DEVELOPMENT-PLAN-28_02_2025.pdf|idp|2025|both|13|text_fallback|External Factors Contributing to the Issue .......................................................... 62
CHAMA-DISTRICT-INTEGRATED-DEVELOPMENT-PLAN-28_02_2025.pdf|idp|2025|both|13|text_fallback|HOUSING SECTOR .................................................................................................... 62
CHAMA-DISTRICT-INTEGRATED-DEVELOPMENT-PLAN-28_02_2025.pdf|idp|2025|both|13|text_fallback|Key Government Priorities to Be Implemented at A Local Level .................... 62
CHAMA-DISTRICT-INTEGRATED-DEVELOPMENT-PLAN-28_02_2025.pdf|idp|2025|both|13|text_fallback|Description of the existing state of development ............................................. 63
CHAMA-DISTRICT-INTEGRATED-DEVELOPMENT-PLAN-28_02_2025.pdf|idp|2025|both|13|text_fallback|Availability of services .......................................................................................... 63
CHAMA-DISTRICT-INTEGRATED-DEVELOPMENT-PLAN-28_02_2025.pdf|idp|2025|both|13|text_fallback|Quality of services ................................................................................................ 66
CHAMA-DISTRICT-INTEGRATED-DEVELOPMENT-PLAN-28_02_2025.pdf|idp|2025|both|13|text_fallback|xi
CHAMA-DISTRICT-INTEGRATED-DEVELOPMENT-PLAN-28_02_2025.pdf|idp|2025|both|14|text_fallback|Issues arising from public participation process ................................................ 66
CHAMA-DISTRICT-INTEGRATED-DEVELOPMENT-PLAN-28_02_2025.pdf|idp|2025|both|14|text_fallback|Impact of Changes Anticipated Over the Next Ten Years .............................. 67
CHAMA-DISTRICT-INTEGRATED-DEVELOPMENT-PLAN-28_02_2025.pdf|idp|2025|both|14|text_fallback|Quantify Future Demand for Services and Facilities Based on the Estimates of
CHAMA-DISTRICT-INTEGRATED-DEVELOPMENT-PLAN-28_02_2025.pdf|idp|2025|both|14|text_fallback|Population Change ............................................................................................. 67
CHAMA-DISTRICT-INTEGRATED-DEVELOPMENT-PLAN-28_02_2025.pdf|idp|2025|both|14|text_fallback|Impact of Environment and Climate Change .................................................. 68
CHAMA-DISTRICT-INTEGRATED-DEVELOPMENT-PLAN-28_02_2025.pdf|idp|2025|both|14|text_fallback|Issues Arising Relating to Gender Groups and Vulnerable Groups ................. 69
CHAMA-DISTRICT-INTEGRATED-DEVELOPMENT-PLAN-28_02_2025.pdf|idp|2025|both|14|text_fallback|WATER AND SANITATION SECTOR ........................................................................... 69
CHAMA-DISTRICT-INTEGRATED-DEVELOPMENT-PLAN-28_02_2025.pdf|idp|2025|both|14|text_fallback|Key Government Priorities to Be Implemented at a Local Level ..................... 70
CHAMA-DISTRICT-INTEGRATED-DEVELOPMENT-PLAN-28_02_2025.pdf|idp|2025|both|14|text_fallback|Description of the existing state of development ............................................. 70
CHAMA-DISTRICT-INTEGRATED-DEVELOPMENT-PLAN-28_02_2025.pdf|idp|2025|both|14|text_fallback|Urban Water Supply ............................................................................................. 70
CHAMA-DISTRICT-INTEGRATED-DEVELOPMENT-PLAN-28_02_2025.pdf|idp|2025|both|14|text_fallback|Rural water Supply ................................................................................................ 73
CHAMA-DISTRICT-INTEGRATED-DEVELOPMENT-PLAN-28_02_2025.pdf|idp|2025|both|14|text_fallback|Urban Sanitation ................................................................................................... 75
CHAMA-DISTRICT-INTEGRATED-DEVELOPMENT-PLAN-28_02_2025.pdf|idp|2025|both|14|text_fallback|Rural Sanitation ..................................................................................................... 75
CHAMA-DISTRICT-INTEGRATED-DEVELOPMENT-PLAN-28_02_2025.pdf|idp|2025|both|14|text_fallback|Issues arising from public participation process ................................................ 77
CHAMA-DISTRICT-INTEGRATED-DEVELOPMENT-PLAN-28_02_2025.pdf|idp|2025|both|14|text_fallback|Impact of Changes Anticipated Over the Next Ten Years .............................. 77
CHAMA-DISTRICT-INTEGRATED-DEVELOPMENT-PLAN-28_02_2025.pdf|idp|2025|both|14|text_fallback|Impact of Ongoing Development Programmes on Land Use and Population
CHAMA-DISTRICT-INTEGRATED-DEVELOPMENT-PLAN-28_02_2025.pdf|idp|2025|both|14|text_fallback|Distribution Patterns .............................................................................................. 78
CHAMA-DISTRICT-INTEGRATED-DEVELOPMENT-PLAN-28_02_2025.pdf|idp|2025|both|14|text_fallback|Impact of Environment and Climate Change .................................................. 78
CHAMA-DISTRICT-INTEGRATED-DEVELOPMENT-PLAN-28_02_2025.pdf|idp|2025|both|14|text_fallback|Issues Arising Relating to Gender Groups and Vulnerable Groups ................. 79
CHAMA-DISTRICT-INTEGRATED-DEVELOPMENT-PLAN-28_02_2025.pdf|idp|2025|both|14|text_fallback|xii
CHAMA-DISTRICT-INTEGRATED-DEVELOPMENT-PLAN-28_02_2025.pdf|idp|2025|both|15|text_fallback|External Factors Contributing to the Issue .......................................................... 79
CHAMA-DISTRICT-INTEGRATED-DEVELOPMENT-PLAN-28_02_2025.pdf|idp|2025|both|15|text_fallback|ENVIRONMENT AND FORESTRY SECTOR ................................................................. 80
CHAMA-DISTRICT-INTEGRATED-DEVELOPMENT-PLAN-28_02_2025.pdf|idp|2025|both|15|text_fallback|Key Government Priorities to Be Implemented at A Local Level .................... 80
CHAMA-DISTRICT-INTEGRATED-DEVELOPMENT-PLAN-28_02_2025.pdf|idp|2025|both|15|text_fallback|Description of the existing state of development ............................................. 81
CHAMA-DISTRICT-INTEGRATED-DEVELOPMENT-PLAN-28_02_2025.pdf|idp|2025|both|15|text_fallback|Availability of services .......................................................................................... 88
CHAMA-DISTRICT-INTEGRATED-DEVELOPMENT-PLAN-28_02_2025.pdf|idp|2025|both|15|text_fallback|Quality of services ................................................................................................ 89
CHAMA-DISTRICT-INTEGRATED-DEVELOPMENT-PLAN-28_02_2025.pdf|idp|2025|both|15|text_fallback|Issues Arising from Community and Stakeholder Consultations ...................... 89
CHAMA-DISTRICT-INTEGRATED-DEVELOPMENT-PLAN-28_02_2025.pdf|idp|2025|both|15|text_fallback|Impact of Changes Anticipated Over the Next Ten Years .............................. 90
CHAMA-DISTRICT-INTEGRATED-DEVELOPMENT-PLAN-28_02_2025.pdf|idp|2025|both|15|text_fallback|Impact of Ongoing Development Programmes on Land Use and Population
CHAMA-DISTRICT-INTEGRATED-DEVELOPMENT-PLAN-28_02_2025.pdf|idp|2025|both|15|text_fallback|Distribution Patterns .............................................................................................. 90
CHAMA-DISTRICT-INTEGRATED-DEVELOPMENT-PLAN-28_02_2025.pdf|idp|2025|both|15|text_fallback|Impact of Environment and Climate Change .................................................. 91
CHAMA-DISTRICT-INTEGRATED-DEVELOPMENT-PLAN-28_02_2025.pdf|idp|2025|both|15|text_fallback|Issues Arising Relating to Gender Groups and Vulnerable Groups ................. 91
CHAMA-DISTRICT-INTEGRATED-DEVELOPMENT-PLAN-28_02_2025.pdf|idp|2025|both|15|text_fallback|External Factors Contributing to The Issue ......................................................... 92
CHAMA-DISTRICT-INTEGRATED-DEVELOPMENT-PLAN-28_02_2025.pdf|idp|2025|both|15|text_fallback|Climate Change and Environmental Sustainability ............................................. 92
CHAMA-DISTRICT-INTEGRATED-DEVELOPMENT-PLAN-28_02_2025.pdf|idp|2025|both|15|text_fallback|Key Government Priorities to Be Implemented at A Local Level .................... 92
CHAMA-DISTRICT-INTEGRATED-DEVELOPMENT-PLAN-28_02_2025.pdf|idp|2025|both|15|text_fallback|Description of the existing state of development and key performance
CHAMA-DISTRICT-INTEGRATED-DEVELOPMENT-PLAN-28_02_2025.pdf|idp|2025|both|15|text_fallback|indicators ............................................................................................................... 93
CHAMA-DISTRICT-INTEGRATED-DEVELOPMENT-PLAN-28_02_2025.pdf|idp|2025|both|15|text_fallback|Availability of services .......................................................................................... 94
CHAMA-DISTRICT-INTEGRATED-DEVELOPMENT-PLAN-28_02_2025.pdf|idp|2025|both|15|text_fallback|Issues from Public Participation Process ............................................................. 99
CHAMA-DISTRICT-INTEGRATED-DEVELOPMENT-PLAN-28_02_2025.pdf|idp|2025|both|15|text_fallback|xiii
CHAMA-DISTRICT-INTEGRATED-DEVELOPMENT-PLAN-28_02_2025.pdf|idp|2025|both|16|text_fallback|Impact of Changes Anticipated Over the Next Ten Years .............................. 99
CHAMA-DISTRICT-INTEGRATED-DEVELOPMENT-PLAN-28_02_2025.pdf|idp|2025|both|16|text_fallback|Impact of Environment and Climate Change ................................................ 100
CHAMA-DISTRICT-INTEGRATED-DEVELOPMENT-PLAN-28_02_2025.pdf|idp|2025|both|16|text_fallback|Issues Arising Relating to Gender Groups and Vulnerable Groups ............... 101
CHAMA-DISTRICT-INTEGRATED-DEVELOPMENT-PLAN-28_02_2025.pdf|idp|2025|both|16|text_fallback|External Factors Contributing to the Issue ........................................................ 101
CHAMA-DISTRICT-INTEGRATED-DEVELOPMENT-PLAN-28_02_2025.pdf|idp|2025|both|16|text_fallback|MINING SECTOR ..................................................................................................... 101
CHAMA-DISTRICT-INTEGRATED-DEVELOPMENT-PLAN-28_02_2025.pdf|idp|2025|both|16|text_fallback|Key Government Priorities to Be Implemented at a Local Level ................... 102
CHAMA-DISTRICT-INTEGRATED-DEVELOPMENT-PLAN-28_02_2025.pdf|idp|2025|both|16|text_fallback|Description of the Existing State of Development and key performance
CHAMA-DISTRICT-INTEGRATED-DEVELOPMENT-PLAN-28_02_2025.pdf|idp|2025|both|16|text_fallback|indicator .............................................................................................................. 103
CHAMA-DISTRICT-INTEGRATED-DEVELOPMENT-PLAN-28_02_2025.pdf|idp|2025|both|16|text_fallback|Assessment of the Quality of Services Relevant to this Sector ....................... 105
CHAMA-DISTRICT-INTEGRATED-DEVELOPMENT-PLAN-28_02_2025.pdf|idp|2025|both|16|text_fallback|Issues arising from the public participation process ....................................... 105
CHAMA-DISTRICT-INTEGRATED-DEVELOPMENT-PLAN-28_02_2025.pdf|idp|2025|both|16|text_fallback|Impact of Changes Anticipated Over the Next Ten Years ............................ 106
CHAMA-DISTRICT-INTEGRATED-DEVELOPMENT-PLAN-28_02_2025.pdf|idp|2025|both|16|text_fallback|Impact of Environment and Climate Change ................................................ 106
CHAMA-DISTRICT-INTEGRATED-DEVELOPMENT-PLAN-28_02_2025.pdf|idp|2025|both|16|text_fallback|Issues Arising Relating to Gender Groups and Vulnerable Groups ............... 106
CHAMA-DISTRICT-INTEGRATED-DEVELOPMENT-PLAN-28_02_2025.pdf|idp|2025|both|16|text_fallback|TOURISM SECTOR ................................................................................................... 107
CHAMA-DISTRICT-INTEGRATED-DEVELOPMENT-PLAN-28_02_2025.pdf|idp|2025|both|16|text_fallback|Key Government Priorities to Be Implemented at a Local Level ................... 107
CHAMA-DISTRICT-INTEGRATED-DEVELOPMENT-PLAN-28_02_2025.pdf|idp|2025|both|16|text_fallback|Description of the Existing State of Development and key performance
CHAMA-DISTRICT-INTEGRATED-DEVELOPMENT-PLAN-28_02_2025.pdf|idp|2025|both|16|text_fallback|indicator .............................................................................................................. 108
CHAMA-DISTRICT-INTEGRATED-DEVELOPMENT-PLAN-28_02_2025.pdf|idp|2025|both|16|text_fallback|Issues from Public Participation Process ........................................................... 114
CHAMA-DISTRICT-INTEGRATED-DEVELOPMENT-PLAN-28_02_2025.pdf|idp|2025|both|16|text_fallback|Impact of Changes Anticipated Over the Next Ten Years ............................ 114
CHAMA-DISTRICT-INTEGRATED-DEVELOPMENT-PLAN-28_02_2025.pdf|idp|2025|both|16|text_fallback|xiv
CHAMA-DISTRICT-INTEGRATED-DEVELOPMENT-PLAN-28_02_2025.pdf|idp|2025|both|17|text_fallback|Impact of Environment and Climate Change ................................................ 115
CHAMA-DISTRICT-INTEGRATED-DEVELOPMENT-PLAN-28_02_2025.pdf|idp|2025|both|17|text_fallback|Issues Arising Relating to Gender Groups and Vulnerable Groups ............... 115
CHAMA-DISTRICT-INTEGRATED-DEVELOPMENT-PLAN-28_02_2025.pdf|idp|2025|both|17|text_fallback|TRANSPORTATION AND COMMUNICATION SECTOR .......................................... 115
CHAMA-DISTRICT-INTEGRATED-DEVELOPMENT-PLAN-28_02_2025.pdf|idp|2025|both|17|text_fallback|Key Government Priorities to Be Implemented At a Local Level .................. 116
CHAMA-DISTRICT-INTEGRATED-DEVELOPMENT-PLAN-28_02_2025.pdf|idp|2025|both|17|text_fallback|Issues from Public Participation Process ........................................................... 121
CHAMA-DISTRICT-INTEGRATED-DEVELOPMENT-PLAN-28_02_2025.pdf|idp|2025|both|17|text_fallback|Impact of Changes Anticipated Over the Next Ten Years ............................ 121
CHAMA-DISTRICT-INTEGRATED-DEVELOPMENT-PLAN-28_02_2025.pdf|idp|2025|both|17|text_fallback|Impact of Environment and Climate Change ................................................ 122
CHAMA-DISTRICT-INTEGRATED-DEVELOPMENT-PLAN-28_02_2025.pdf|idp|2025|both|17|text_fallback|Issues Arising Relating to Gender Groups and Vulnerable Groups ............... 123
CHAMA-DISTRICT-INTEGRATED-DEVELOPMENT-PLAN-28_02_2025.pdf|idp|2025|both|17|text_fallback|External Factors Contributing to the Issue ........................................................ 123
CHAMA-DISTRICT-INTEGRATED-DEVELOPMENT-PLAN-28_02_2025.pdf|idp|2025|both|17|text_fallback|ENERGY SECTOR ..................................................................................................... 123
CHAMA-DISTRICT-INTEGRATED-DEVELOPMENT-PLAN-28_02_2025.pdf|idp|2025|both|17|text_fallback|Key Government Priorities Being and To Be Implemented at a Local Level 123
CHAMA-DISTRICT-INTEGRATED-DEVELOPMENT-PLAN-28_02_2025.pdf|idp|2025|both|17|text_fallback|Description of the state of the energy sector.................................................. 124
CHAMA-DISTRICT-INTEGRATED-DEVELOPMENT-PLAN-28_02_2025.pdf|idp|2025|both|17|text_fallback|Issues from Public Participation Process ........................................................... 127
CHAMA-DISTRICT-INTEGRATED-DEVELOPMENT-PLAN-28_02_2025.pdf|idp|2025|both|17|text_fallback|Impact of Changes Anticipated Over the Next Ten Years ............................ 127
CHAMA-DISTRICT-INTEGRATED-DEVELOPMENT-PLAN-28_02_2025.pdf|idp|2025|both|17|text_fallback|The Impact of The Continuation of Existing Trends on Land Use and Population
CHAMA-DISTRICT-INTEGRATED-DEVELOPMENT-PLAN-28_02_2025.pdf|idp|2025|both|17|text_fallback|Distribution Patterns ............................................................................................ 127
CHAMA-DISTRICT-INTEGRATED-DEVELOPMENT-PLAN-28_02_2025.pdf|idp|2025|both|17|text_fallback|Impact on Environment and Climate Change ............................................... 128
CHAMA-DISTRICT-INTEGRATED-DEVELOPMENT-PLAN-28_02_2025.pdf|idp|2025|both|17|text_fallback|Issues Arising Relating to Gender Groups and Vulnerable Groups ............... 128
CHAMA-DISTRICT-INTEGRATED-DEVELOPMENT-PLAN-28_02_2025.pdf|idp|2025|both|17|text_fallback|Summary of Core Issues ..................................................................................... 128
CHAMA-DISTRICT-INTEGRATED-DEVELOPMENT-PLAN-28_02_2025.pdf|idp|2025|both|17|text_fallback|xv
CHAMA-DISTRICT-INTEGRATED-DEVELOPMENT-PLAN-28_02_2025.pdf|idp|2025|both|18|text_fallback|HEALTH SECTOR ...................................................................................................... 129
CHAMA-DISTRICT-INTEGRATED-DEVELOPMENT-PLAN-28_02_2025.pdf|idp|2025|both|18|text_fallback|Key Government Priorities to Be Implemented at a Local Level ................... 129
CHAMA-DISTRICT-INTEGRATED-DEVELOPMENT-PLAN-28_02_2025.pdf|idp|2025|both|18|text_fallback|Assessment of the Existing State of Development .......................................... 130
CHAMA-DISTRICT-INTEGRATED-DEVELOPMENT-PLAN-28_02_2025.pdf|idp|2025|both|18|text_fallback|Availability and quality of Services Relevant to this Sector ............................ 133
CHAMA-DISTRICT-INTEGRATED-DEVELOPMENT-PLAN-28_02_2025.pdf|idp|2025|both|18|text_fallback|Availability of Facilities ....................................................................................... 133
CHAMA-DISTRICT-INTEGRATED-DEVELOPMENT-PLAN-28_02_2025.pdf|idp|2025|both|18|text_fallback|Quality of Services .............................................................................................. 133
CHAMA-DISTRICT-INTEGRATED-DEVELOPMENT-PLAN-28_02_2025.pdf|idp|2025|both|18|text_fallback|Issues from Public Participation Process ........................................................... 134
CHAMA-DISTRICT-INTEGRATED-DEVELOPMENT-PLAN-28_02_2025.pdf|idp|2025|both|18|text_fallback|Impact of Changes Anticipated Over the Next Ten Years ............................ 137
CHAMA-DISTRICT-INTEGRATED-DEVELOPMENT-PLAN-28_02_2025.pdf|idp|2025|both|18|text_fallback|Impact of Ongoing and Committed Development Programmes on Land Use
CHAMA-DISTRICT-INTEGRATED-DEVELOPMENT-PLAN-28_02_2025.pdf|idp|2025|both|18|text_fallback|and Population Distribution Patterns ................................................................ 140
CHAMA-DISTRICT-INTEGRATED-DEVELOPMENT-PLAN-28_02_2025.pdf|idp|2025|both|18|text_fallback|Impact of Environment and Climate Change ................................................ 140
CHAMA-DISTRICT-INTEGRATED-DEVELOPMENT-PLAN-28_02_2025.pdf|idp|2025|both|18|text_fallback|Issues Arising Relating to Gender Groups and Vulnerable Groups ............... 141
CHAMA-DISTRICT-INTEGRATED-DEVELOPMENT-PLAN-28_02_2025.pdf|idp|2025|both|18|text_fallback|External Factors Contributing to The Issue ....................................................... 141
CHAMA-DISTRICT-INTEGRATED-DEVELOPMENT-PLAN-28_02_2025.pdf|idp|2025|both|18|text_fallback|Summary of Core Issues ..................................................................................... 141
CHAMA-DISTRICT-INTEGRATED-DEVELOPMENT-PLAN-28_02_2025.pdf|idp|2025|both|18|text_fallback|EDUCATION SECTOR ................................................................................................. 142
CHAMA-DISTRICT-INTEGRATED-DEVELOPMENT-PLAN-28_02_2025.pdf|idp|2025|both|18|text_fallback|Key Government Priorities to Be Implemented at A Local Level .................. 142
CHAMA-DISTRICT-INTEGRATED-DEVELOPMENT-PLAN-28_02_2025.pdf|idp|2025|both|18|text_fallback|Assessment of the Existing State of Development .......................................... 142
CHAMA-DISTRICT-INTEGRATED-DEVELOPMENT-PLAN-28_02_2025.pdf|idp|2025|both|18|text_fallback|Availability and Quality of Services Relevant to this Sector ........................... 143
CHAMA-DISTRICT-INTEGRATED-DEVELOPMENT-PLAN-28_02_2025.pdf|idp|2025|both|18|text_fallback|Assessment of the Overall Performance of the District .................................. 148
CHAMA-DISTRICT-INTEGRATED-DEVELOPMENT-PLAN-28_02_2025.pdf|idp|2025|both|18|text_fallback|xvi
CHAMA-DISTRICT-INTEGRATED-DEVELOPMENT-PLAN-28_02_2025.pdf|idp|2025|both|19|text_fallback|Issues from Public Participation Process ........................................................... 150
CHAMA-DISTRICT-INTEGRATED-DEVELOPMENT-PLAN-28_02_2025.pdf|idp|2025|both|19|text_fallback|Impact of Changes Anticipated Over the Next Ten Years ............................ 151
CHAMA-DISTRICT-INTEGRATED-DEVELOPMENT-PLAN-28_02_2025.pdf|idp|2025|both|19|text_fallback|Impact of Ongoing Development Programmes on Land Use and Population
CHAMA-DISTRICT-INTEGRATED-DEVELOPMENT-PLAN-28_02_2025.pdf|idp|2025|both|19|text_fallback|Distribution Patterns ............................................................................................ 151
CHAMA-DISTRICT-INTEGRATED-DEVELOPMENT-PLAN-28_02_2025.pdf|idp|2025|both|19|text_fallback|Impact on The Environment and Climate Change ........................................ 152
CHAMA-DISTRICT-INTEGRATED-DEVELOPMENT-PLAN-28_02_2025.pdf|idp|2025|both|19|text_fallback|Issues Arising Relating to Gender Groups and Vulnerable Groups ............... 152
CHAMA-DISTRICT-INTEGRATED-DEVELOPMENT-PLAN-28_02_2025.pdf|idp|2025|both|19|text_fallback|External Factors Contributing to The Issue ....................................................... 152
CHAMA-DISTRICT-INTEGRATED-DEVELOPMENT-PLAN-28_02_2025.pdf|idp|2025|both|19|text_fallback|Summary of Core Issues ..................................................................................... 153
CHAMA-DISTRICT-INTEGRATED-DEVELOPMENT-PLAN-28_02_2025.pdf|idp|2025|both|19|text_fallback|COMMUNITY DEVELOPMENT AND SOCIAL SERVICES SECTOR ........................... 153
CHAMA-DISTRICT-INTEGRATED-DEVELOPMENT-PLAN-28_02_2025.pdf|idp|2025|both|19|text_fallback|Key Government Priorities to Be Implemented at A Local Level .................. 153
CHAMA-DISTRICT-INTEGRATED-DEVELOPMENT-PLAN-28_02_2025.pdf|idp|2025|both|19|text_fallback|Assessment of the Existing State of Development .......................................... 154
CHAMA-DISTRICT-INTEGRATED-DEVELOPMENT-PLAN-28_02_2025.pdf|idp|2025|both|19|text_fallback|Availability of Services ........................................................................................ 156
CHAMA-DISTRICT-INTEGRATED-DEVELOPMENT-PLAN-28_02_2025.pdf|idp|2025|both|19|text_fallback|Service Quality .................................................................................................... 156
CHAMA-DISTRICT-INTEGRATED-DEVELOPMENT-PLAN-28_02_2025.pdf|idp|2025|both|19|text_fallback|Community Development: ................................................................................ 156
CHAMA-DISTRICT-INTEGRATED-DEVELOPMENT-PLAN-28_02_2025.pdf|idp|2025|both|19|text_fallback|Social Welfare: .................................................................................................... 157
CHAMA-DISTRICT-INTEGRATED-DEVELOPMENT-PLAN-28_02_2025.pdf|idp|2025|both|19|text_fallback|Issues Arising from the Public Participation Process ........................................ 157
CHAMA-DISTRICT-INTEGRATED-DEVELOPMENT-PLAN-28_02_2025.pdf|idp|2025|both|19|text_fallback|Impact of Changes Anticipated Over the Next Ten Years ............................ 158
CHAMA-DISTRICT-INTEGRATED-DEVELOPMENT-PLAN-28_02_2025.pdf|idp|2025|both|19|text_fallback|Impact of Environment and Climate Change ................................................ 158
CHAMA-DISTRICT-INTEGRATED-DEVELOPMENT-PLAN-28_02_2025.pdf|idp|2025|both|19|text_fallback|Issues Arising Relating to Gender Groups and Vulnerable Groups ............... 158
CHAMA-DISTRICT-INTEGRATED-DEVELOPMENT-PLAN-28_02_2025.pdf|idp|2025|both|19|text_fallback|xvii
CHAMA-DISTRICT-INTEGRATED-DEVELOPMENT-PLAN-28_02_2025.pdf|idp|2025|both|20|text_fallback|External Factors Contributing to The Issue ....................................................... 159
CHAMA-DISTRICT-INTEGRATED-DEVELOPMENT-PLAN-28_02_2025.pdf|idp|2025|both|20|text_fallback|Summary of Core Issues ..................................................................................... 159
CHAMA-DISTRICT-INTEGRATED-DEVELOPMENT-PLAN-28_02_2025.pdf|idp|2025|both|20|text_fallback|SUMMARY OF CORE ISSUES ................................................................................... 160
CHAMA-DISTRICT-INTEGRATED-DEVELOPMENT-PLAN-28_02_2025.pdf|idp|2025|both|20|text_fallback|PART THREE: DEVELOPMENT FRAMEWORK .............................................................. 161
CHAMA-DISTRICT-INTEGRATED-DEVELOPMENT-PLAN-28_02_2025.pdf|idp|2025|both|20|text_fallback|Introduction ............................................................................................................ 161
CHAMA-DISTRICT-INTEGRATED-DEVELOPMENT-PLAN-28_02_2025.pdf|idp|2025|both|20|text_fallback|The vision for Chama District ................................................................................ 161
CHAMA-DISTRICT-INTEGRATED-DEVELOPMENT-PLAN-28_02_2025.pdf|idp|2025|both|20|text_fallback|Mission statement for Chama district .................................................................. 161
CHAMA-DISTRICT-INTEGRATED-DEVELOPMENT-PLAN-28_02_2025.pdf|idp|2025|both|20|text_fallback|Key aspects of the vision ....................................................................................... 161
CHAMA-DISTRICT-INTEGRATED-DEVELOPMENT-PLAN-28_02_2025.pdf|idp|2025|both|20|text_fallback|Planning Values for the Chama District IDP ..................................................... 162
CHAMA-DISTRICT-INTEGRATED-DEVELOPMENT-PLAN-28_02_2025.pdf|idp|2025|both|20|text_fallback|Policies to direct development of the IDP Area .............................................. 164
CHAMA-DISTRICT-INTEGRATED-DEVELOPMENT-PLAN-28_02_2025.pdf|idp|2025|both|20|text_fallback|Development objectives, programmes, and development strategies ........ 173
CHAMA-DISTRICT-INTEGRATED-DEVELOPMENT-PLAN-28_02_2025.pdf|idp|2025|both|20|text_fallback|SPATIAL DEVELOPMENT FRAMEWORK ..................................................................... 193
CHAMA-DISTRICT-INTEGRATED-DEVELOPMENT-PLAN-28_02_2025.pdf|idp|2025|both|20|text_fallback|Introduction ............................................................................................................ 193
CHAMA-DISTRICT-INTEGRATED-DEVELOPMENT-PLAN-28_02_2025.pdf|idp|2025|both|20|text_fallback|Baseline situation/trends .................................................................................... 193
CHAMA-DISTRICT-INTEGRATED-DEVELOPMENT-PLAN-28_02_2025.pdf|idp|2025|both|20|text_fallback|The ‘Do-Nothing’ Outcomes ............................................................................. 195
CHAMA-DISTRICT-INTEGRATED-DEVELOPMENT-PLAN-28_02_2025.pdf|idp|2025|both|20|text_fallback|Alternative spatial development scenarios ........................................................ 196
CHAMA-DISTRICT-INTEGRATED-DEVELOPMENT-PLAN-28_02_2025.pdf|idp|2025|both|20|text_fallback|First scenario ........................................................................................................ 196
CHAMA-DISTRICT-INTEGRATED-DEVELOPMENT-PLAN-28_02_2025.pdf|idp|2025|both|20|text_fallback|Second scenario ................................................................................................ 198
CHAMA-DISTRICT-INTEGRATED-DEVELOPMENT-PLAN-28_02_2025.pdf|idp|2025|both|20|text_fallback|Third scenario ...................................................................................................... 200
CHAMA-DISTRICT-INTEGRATED-DEVELOPMENT-PLAN-28_02_2025.pdf|idp|2025|both|20|text_fallback|xviii
CHAMA-DISTRICT-INTEGRATED-DEVELOPMENT-PLAN-28_02_2025.pdf|idp|2025|both|21|text_fallback|Chosen spatial development scenario ............................................................ 202
CHAMA-DISTRICT-INTEGRATED-DEVELOPMENT-PLAN-28_02_2025.pdf|idp|2025|both|21|text_fallback|LAND USE PLANNING OBJECTIVES AND STRATEGIES ........................................... 207
CHAMA-DISTRICT-INTEGRATED-DEVELOPMENT-PLAN-28_02_2025.pdf|idp|2025|both|21|text_fallback|Land use planning objectives and strategies for improving, maintaining, or
CHAMA-DISTRICT-INTEGRATED-DEVELOPMENT-PLAN-28_02_2025.pdf|idp|2025|both|21|text_fallback|protecting the environmental aspects of development ............................... 207
CHAMA-DISTRICT-INTEGRATED-DEVELOPMENT-PLAN-28_02_2025.pdf|idp|2025|both|21|text_fallback|Statement as to the type of development to be permitted within the identified
CHAMA-DISTRICT-INTEGRATED-DEVELOPMENT-PLAN-28_02_2025.pdf|idp|2025|both|21|text_fallback|area ..................................................................................................................... 207
CHAMA-DISTRICT-INTEGRATED-DEVELOPMENT-PLAN-28_02_2025.pdf|idp|2025|both|21|text_fallback|Identification of activities required for implementation ................................. 208
CHAMA-DISTRICT-INTEGRATED-DEVELOPMENT-PLAN-28_02_2025.pdf|idp|2025|both|21|text_fallback|Land use planning objectives and strategies for improving, maintaining or
CHAMA-DISTRICT-INTEGRATED-DEVELOPMENT-PLAN-28_02_2025.pdf|idp|2025|both|21|text_fallback|protecting the environmental, social and economic aspects of development
CHAMA-DISTRICT-INTEGRATED-DEVELOPMENT-PLAN-28_02_2025.pdf|idp|2025|both|21|text_fallback|.............................................................................................................................. 209
CHAMA-DISTRICT-INTEGRATED-DEVELOPMENT-PLAN-28_02_2025.pdf|idp|2025|both|21|text_fallback|Statement As to The Type of Development to Be Permitted ......................... 209
CHAMA-DISTRICT-INTEGRATED-DEVELOPMENT-PLAN-28_02_2025.pdf|idp|2025|both|21|text_fallback|Identification of planning activities required to implement the policy ........ 209
CHAMA-DISTRICT-INTEGRATED-DEVELOPMENT-PLAN-28_02_2025.pdf|idp|2025|both|21|text_fallback|Specific protection zones, areas of environmental sensitivity or cultural and
CHAMA-DISTRICT-INTEGRATED-DEVELOPMENT-PLAN-28_02_2025.pdf|idp|2025|both|21|text_fallback|historical importance or areas of importance for disaster management
CHAMA-DISTRICT-INTEGRATED-DEVELOPMENT-PLAN-28_02_2025.pdf|idp|2025|both|21|text_fallback|purposes .............................................................................................................. 210
CHAMA-DISTRICT-INTEGRATED-DEVELOPMENT-PLAN-28_02_2025.pdf|idp|2025|both|21|text_fallback|Statement as to the type of development to be permitted ......................... 211
CHAMA-DISTRICT-INTEGRATED-DEVELOPMENT-PLAN-28_02_2025.pdf|idp|2025|both|21|text_fallback|Identification of activities required for implementation ................................. 211
CHAMA-DISTRICT-INTEGRATED-DEVELOPMENT-PLAN-28_02_2025.pdf|idp|2025|both|21|text_fallback|Protection of national and regional interests, policies and guidelines ............ 211
CHAMA-DISTRICT-INTEGRATED-DEVELOPMENT-PLAN-28_02_2025.pdf|idp|2025|both|21|text_fallback|Statement as to the type of development to be permitted ......................... 212
CHAMA-DISTRICT-INTEGRATED-DEVELOPMENT-PLAN-28_02_2025.pdf|idp|2025|both|21|text_fallback|Informal Settlements .............................................................................................. 213
CHAMA-DISTRICT-INTEGRATED-DEVELOPMENT-PLAN-28_02_2025.pdf|idp|2025|both|21|text_fallback|Identification of the informal settlements to be upgraded. .......................... 213
CHAMA-DISTRICT-INTEGRATED-DEVELOPMENT-PLAN-28_02_2025.pdf|idp|2025|both|21|text_fallback|xix
CHAMA-DISTRICT-INTEGRATED-DEVELOPMENT-PLAN-28_02_2025.pdf|idp|2025|both|22|text_fallback|General description of improvement inputs or other management responses
CHAMA-DISTRICT-INTEGRATED-DEVELOPMENT-PLAN-28_02_2025.pdf|idp|2025|both|22|text_fallback|required. .............................................................................................................. 214
CHAMA-DISTRICT-INTEGRATED-DEVELOPMENT-PLAN-28_02_2025.pdf|idp|2025|both|22|text_fallback|General statement about the appropriate building and land use controls to
CHAMA-DISTRICT-INTEGRATED-DEVELOPMENT-PLAN-28_02_2025.pdf|idp|2025|both|22|text_fallback|be applied in those areas. ................................................................................ 214
CHAMA-DISTRICT-INTEGRATED-DEVELOPMENT-PLAN-28_02_2025.pdf|idp|2025|both|22|text_fallback|Areas under the jurisdiction of traditional authorities ..................................... 215
CHAMA-DISTRICT-INTEGRATED-DEVELOPMENT-PLAN-28_02_2025.pdf|idp|2025|both|22|text_fallback|PART FOUR - IMPLEMENTATION PROGRAMME ....................................................... 216
CHAMA-DISTRICT-INTEGRATED-DEVELOPMENT-PLAN-28_02_2025.pdf|idp|2025|both|22|text_fallback|CAPITAL INVESTMENT PROGRAMME .................................................................... 216
CHAMA-DISTRICT-INTEGRATED-DEVELOPMENT-PLAN-28_02_2025.pdf|idp|2025|both|22|text_fallback|CHAMA TOWN COUNCIL’S FINANCIAL PLAN ......................................................... 246
CHAMA-DISTRICT-INTEGRATED-DEVELOPMENT-PLAN-28_02_2025.pdf|idp|2025|both|22|text_fallback|Forecast Background ............................................................................................ 247
CHAMA-DISTRICT-INTEGRATED-DEVELOPMENT-PLAN-28_02_2025.pdf|idp|2025|both|22|text_fallback|Revenue and Expenditure forecast ..................................................................... 249
CHAMA-DISTRICT-INTEGRATED-DEVELOPMENT-PLAN-28_02_2025.pdf|idp|2025|both|22|text_fallback|Revenue Collection Efficiency of the CHAMA Town Council ........................... 255
CHAMA-DISTRICT-INTEGRATED-DEVELOPMENT-PLAN-28_02_2025.pdf|idp|2025|both|22|text_fallback|Main Factors affecting Revenue Collection and Management ...................... 256
CHAMA-DISTRICT-INTEGRATED-DEVELOPMENT-PLAN-28_02_2025.pdf|idp|2025|both|22|text_fallback|MONITORING AND EVALUATION PLAN ................................................................ 257
CHAMA-DISTRICT-INTEGRATED-DEVELOPMENT-PLAN-28_02_2025.pdf|idp|2025|both|22|text_fallback|CONCLUSION ............................................................................................................ 271
CHAMA-DISTRICT-INTEGRATED-DEVELOPMENT-PLAN-28_02_2025.pdf|idp|2025|both|22|text_fallback|xx
CHAMA-DISTRICT-INTEGRATED-DEVELOPMENT-PLAN-28_02_2025.pdf|idp|2025|both|23|text_fallback|ABBREVIATION LIST /LIST OF ACRONYMS
CHAMA-DISTRICT-INTEGRATED-DEVELOPMENT-PLAN-28_02_2025.pdf|idp|2025|both|23|text_fallback|ANC Antenatal Care
CHAMA-DISTRICT-INTEGRATED-DEVELOPMENT-PLAN-28_02_2025.pdf|idp|2025|both|23|text_fallback|BACs Block Agriculture Committees
CHAMA-DISTRICT-INTEGRATED-DEVELOPMENT-PLAN-28_02_2025.pdf|idp|2025|both|23|text_fallback|CBD Central Business District
CHAMA-DISTRICT-INTEGRATED-DEVELOPMENT-PLAN-28_02_2025.pdf|idp|2025|both|23|text_fallback|CC Climate Change
CHAMA-DISTRICT-INTEGRATED-DEVELOPMENT-PLAN-28_02_2025.pdf|idp|2025|both|23|text_fallback|CDCP Centre for Disease Control and Prevention
CHAMA-DISTRICT-INTEGRATED-DEVELOPMENT-PLAN-28_02_2025.pdf|idp|2025|both|23|text_fallback|CDF Constituency Development Fund
CHAMA-DISTRICT-INTEGRATED-DEVELOPMENT-PLAN-28_02_2025.pdf|idp|2025|both|23|text_fallback|CLTS Community Led Total Sanitation
CHAMA-DISTRICT-INTEGRATED-DEVELOPMENT-PLAN-28_02_2025.pdf|idp|2025|both|23|text_fallback|CMFG Community Management Forestry Groups
CHAMA-DISTRICT-INTEGRATED-DEVELOPMENT-PLAN-28_02_2025.pdf|idp|2025|both|23|text_fallback|COMACO Community Markets for Conservation
CHAMA-DISTRICT-INTEGRATED-DEVELOPMENT-PLAN-28_02_2025.pdf|idp|2025|both|23|text_fallback|CTC Chama Town Council
CHAMA-DISTRICT-INTEGRATED-DEVELOPMENT-PLAN-28_02_2025.pdf|idp|2025|both|23|text_fallback|DAPP Development Aid for People to People
CHAMA-DISTRICT-INTEGRATED-DEVELOPMENT-PLAN-28_02_2025.pdf|idp|2025|both|23|text_fallback|DIP Decentralization Implementation Plan
CHAMA-DISTRICT-INTEGRATED-DEVELOPMENT-PLAN-28_02_2025.pdf|idp|2025|both|23|text_fallback|DMMU Disaster Management and Mitigation Unit
CHAMA-DISTRICT-INTEGRATED-DEVELOPMENT-PLAN-28_02_2025.pdf|idp|2025|both|23|text_fallback|ESWC Eastern Water and Sewerage Company
CHAMA-DISTRICT-INTEGRATED-DEVELOPMENT-PLAN-28_02_2025.pdf|idp|2025|both|23|text_fallback|EPPA Eastern Province Planning Authority
CHAMA-DISTRICT-INTEGRATED-DEVELOPMENT-PLAN-28_02_2025.pdf|idp|2025|both|23|text_fallback|FISP Farmer Input Support Programme
CHAMA-DISTRICT-INTEGRATED-DEVELOPMENT-PLAN-28_02_2025.pdf|idp|2025|both|23|text_fallback|HGSFP Home Grown School Feeding Programme
CHAMA-DISTRICT-INTEGRATED-DEVELOPMENT-PLAN-28_02_2025.pdf|idp|2025|both|23|text_fallback|GMA Game Management Area
CHAMA-DISTRICT-INTEGRATED-DEVELOPMENT-PLAN-28_02_2025.pdf|idp|2025|both|23|text_fallback|xxi
CHAMA-DISTRICT-INTEGRATED-DEVELOPMENT-PLAN-28_02_2025.pdf|idp|2025|both|24|text_fallback|GMP Game Management Plan
CHAMA-DISTRICT-INTEGRATED-DEVELOPMENT-PLAN-28_02_2025.pdf|idp|2025|both|24|text_fallback|ICT Information Communication Technology
CHAMA-DISTRICT-INTEGRATED-DEVELOPMENT-PLAN-28_02_2025.pdf|idp|2025|both|24|text_fallback|IPCC Inter-governmental Panel on Climate Change
CHAMA-DISTRICT-INTEGRATED-DEVELOPMENT-PLAN-28_02_2025.pdf|idp|2025|both|24|text_fallback|ISWM Integrated Sustainable Waste Management
CHAMA-DISTRICT-INTEGRATED-DEVELOPMENT-PLAN-28_02_2025.pdf|idp|2025|both|24|text_fallback|MDGs Millennium Development Goals
CHAMA-DISTRICT-INTEGRATED-DEVELOPMENT-PLAN-28_02_2025.pdf|idp|2025|both|24|text_fallback|MLGRD Ministry of Local Government and Rural Development
CHAMA-DISTRICT-INTEGRATED-DEVELOPMENT-PLAN-28_02_2025.pdf|idp|2025|both|24|text_fallback|NAPSA National Pension Scheme Authority
CHAMA-DISTRICT-INTEGRATED-DEVELOPMENT-PLAN-28_02_2025.pdf|idp|2025|both|24|text_fallback|NEP National Energy Policy
CHAMA-DISTRICT-INTEGRATED-DEVELOPMENT-PLAN-28_02_2025.pdf|idp|2025|both|24|text_fallback|NFP National Forestry Policy
CHAMA-DISTRICT-INTEGRATED-DEVELOPMENT-PLAN-28_02_2025.pdf|idp|2025|both|24|text_fallback|PAMO Programme for Advancement of Malaria Outcomes
CHAMA-DISTRICT-INTEGRATED-DEVELOPMENT-PLAN-28_02_2025.pdf|idp|2025|both|24|text_fallback|PPPs Public Private Partnerships
CHAMA-DISTRICT-INTEGRATED-DEVELOPMENT-PLAN-28_02_2025.pdf|idp|2025|both|24|text_fallback|SBCPD School Based Continuing Professional Development
CHAMA-DISTRICT-INTEGRATED-DEVELOPMENT-PLAN-28_02_2025.pdf|idp|2025|both|24|text_fallback|TRALARD Transforming Landscapes for Resilience and
CHAMA-DISTRICT-INTEGRATED-DEVELOPMENT-PLAN-28_02_2025.pdf|idp|2025|both|24|text_fallback|Development
CHAMA-DISTRICT-INTEGRATED-DEVELOPMENT-PLAN-28_02_2025.pdf|idp|2025|both|24|text_fallback|VIP Ventilated Improved Pit Latrine
CHAMA-DISTRICT-INTEGRATED-DEVELOPMENT-PLAN-28_02_2025.pdf|idp|2025|both|24|text_fallback|WCBA Women of Child Bearing Age
CHAMA-DISTRICT-INTEGRATED-DEVELOPMENT-PLAN-28_02_2025.pdf|idp|2025|both|24|text_fallback|WDC Ward Development Committee
CHAMA-DISTRICT-INTEGRATED-DEVELOPMENT-PLAN-28_02_2025.pdf|idp|2025|both|24|text_fallback|ZFAP Zambia Forestry Action Plan
CHAMA-DISTRICT-INTEGRATED-DEVELOPMENT-PLAN-28_02_2025.pdf|idp|2025|both|24|text_fallback|ZNS Zambia National Service
CHAMA-DISTRICT-INTEGRATED-DEVELOPMENT-PLAN-28_02_2025.pdf|idp|2025|both|24|text_fallback|xxii
CHAMA-DISTRICT-INTEGRATED-DEVELOPMENT-PLAN-28_02_2025.pdf|idp|2025|both|25|text_fallback|LIST OF TABLES
CHAMA-DISTRICT-INTEGRATED-DEVELOPMENT-PLAN-28_02_2025.pdf|idp|2025|both|25|text_fallback|Table 1: Rainfall Pattern ................................................................................................ 6
CHAMA-DISTRICT-INTEGRATED-DEVELOPMENT-PLAN-28_02_2025.pdf|idp|2025|both|25|text_fallback|Table 2: District Population 2022 ................................................................................ 14
CHAMA-DISTRICT-INTEGRATED-DEVELOPMENT-PLAN-28_02_2025.pdf|idp|2025|both|25|text_fallback|Table 3: Population Growth Rate, Density and Population Size ............................. 21
CHAMA-DISTRICT-INTEGRATED-DEVELOPMENT-PLAN-28_02_2025.pdf|idp|2025|both|25|text_fallback|Table 4: District Population Projections ..................................................................... 25
CHAMA-DISTRICT-INTEGRATED-DEVELOPMENT-PLAN-28_02_2025.pdf|idp|2025|both|25|text_fallback|Table 5: Projected Population Distribution – Urban Vs Rural ................................... 26
CHAMA-DISTRICT-INTEGRATED-DEVELOPMENT-PLAN-28_02_2025.pdf|idp|2025|both|25|text_fallback|Table 6: Different land use types and sizes ............................................................... 30
CHAMA-DISTRICT-INTEGRATED-DEVELOPMENT-PLAN-28_02_2025.pdf|idp|2025|both|25|text_fallback|Table 7: Population of Fish Farmers per Block and Number of Ponds .................. 46
CHAMA-DISTRICT-INTEGRATED-DEVELOPMENT-PLAN-28_02_2025.pdf|idp|2025|both|25|text_fallback|Table 8: Livestock Services available in the district ................................................. 47
CHAMA-DISTRICT-INTEGRATED-DEVELOPMENT-PLAN-28_02_2025.pdf|idp|2025|both|25|text_fallback|Table 9: Quality of services arising from public participation ................................. 49
CHAMA-DISTRICT-INTEGRATED-DEVELOPMENT-PLAN-28_02_2025.pdf|idp|2025|both|25|text_fallback|Table 10: Proposed Areas of Future Demand and Communities .......................... 51
CHAMA-DISTRICT-INTEGRATED-DEVELOPMENT-PLAN-28_02_2025.pdf|idp|2025|both|25|text_fallback|Table 11: The Impact of Environmental and Climate Change Issues on the Sector
CHAMA-DISTRICT-INTEGRATED-DEVELOPMENT-PLAN-28_02_2025.pdf|idp|2025|both|25|text_fallback|...................................................................................................................................... 54
CHAMA-DISTRICT-INTEGRATED-DEVELOPMENT-PLAN-28_02_2025.pdf|idp|2025|both|25|text_fallback|Table 12: Major and Secondary growth nodes in the district ................................. 60
CHAMA-DISTRICT-INTEGRATED-DEVELOPMENT-PLAN-28_02_2025.pdf|idp|2025|both|25|text_fallback|Table 13: Anticipated need for housing infrastructure in the district by 2035 ....... 67
CHAMA-DISTRICT-INTEGRATED-DEVELOPMENT-PLAN-28_02_2025.pdf|idp|2025|both|25|text_fallback|Table 14: distribution of Protected Forest Reserves ................................................. 85
CHAMA-DISTRICT-INTEGRATED-DEVELOPMENT-PLAN-28_02_2025.pdf|idp|2025|both|25|text_fallback|Table 15: Community Forests Management ............................................................ 86
CHAMA-DISTRICT-INTEGRATED-DEVELOPMENT-PLAN-28_02_2025.pdf|idp|2025|both|25|text_fallback|Table 16: Summary for the Quality of Services ......................................................... 96
CHAMA-DISTRICT-INTEGRATED-DEVELOPMENT-PLAN-28_02_2025.pdf|idp|2025|both|25|text_fallback|Table 17: Applications for Mining Licenses in the District ...................................... 103
CHAMA-DISTRICT-INTEGRATED-DEVELOPMENT-PLAN-28_02_2025.pdf|idp|2025|both|25|text_fallback|Table 18: Proposed Tourism Facilities in Chama District ........................................ 113
CHAMA-DISTRICT-INTEGRATED-DEVELOPMENT-PLAN-28_02_2025.pdf|idp|2025|both|25|text_fallback|Table 19: Wildlife Camps in Chama District ............................................................ 113
CHAMA-DISTRICT-INTEGRATED-DEVELOPMENT-PLAN-28_02_2025.pdf|idp|2025|both|25|text_fallback|Table 20: Households and Power Connection....................................................... 125
CHAMA-DISTRICT-INTEGRATED-DEVELOPMENT-PLAN-28_02_2025.pdf|idp|2025|both|25|text_fallback|Table 21: Establishment Register of Chama District Health Office ....................... 133
CHAMA-DISTRICT-INTEGRATED-DEVELOPMENT-PLAN-28_02_2025.pdf|idp|2025|both|25|text_fallback|xxiii
CHAMA-DISTRICT-INTEGRATED-DEVELOPMENT-PLAN-28_02_2025.pdf|idp|2025|both|26|text_fallback|Table 22: Locations in Need of Health Facilities .................................................... 135
CHAMA-DISTRICT-INTEGRATED-DEVELOPMENT-PLAN-28_02_2025.pdf|idp|2025|both|26|text_fallback|Table 23: Proposed Programme Interventions ....................................................... 137
CHAMA-DISTRICT-INTEGRATED-DEVELOPMENT-PLAN-28_02_2025.pdf|idp|2025|both|26|text_fallback|Table 24: Enrolment Rate as at 2024 ....................................................................... 143
CHAMA-DISTRICT-INTEGRATED-DEVELOPMENT-PLAN-28_02_2025.pdf|idp|2025|both|26|text_fallback|Table 25: Distribution of Teachers ............................................................................ 146
CHAMA-DISTRICT-INTEGRATED-DEVELOPMENT-PLAN-28_02_2025.pdf|idp|2025|both|26|text_fallback|Table 26: Expected National Education Standards .............................................. 146
CHAMA-DISTRICT-INTEGRATED-DEVELOPMENT-PLAN-28_02_2025.pdf|idp|2025|both|26|text_fallback|Table 27: Desks and Average Pupil – to – Classroom Ratio .................................. 147
CHAMA-DISTRICT-INTEGRATED-DEVELOPMENT-PLAN-28_02_2025.pdf|idp|2025|both|26|text_fallback|Table 28: Availability of Sanitary Facilities and Water Sources. ............................ 147
CHAMA-DISTRICT-INTEGRATED-DEVELOPMENT-PLAN-28_02_2025.pdf|idp|2025|both|26|text_fallback|Table 29: Comparative Pass Rates in National Exams .......................................... 148
CHAMA-DISTRICT-INTEGRATED-DEVELOPMENT-PLAN-28_02_2025.pdf|idp|2025|both|26|text_fallback|Table 30: Progression Rate (Grade 7 to 8) in 2022 and 2023 ................................ 149
CHAMA-DISTRICT-INTEGRATED-DEVELOPMENT-PLAN-28_02_2025.pdf|idp|2025|both|26|text_fallback|Table 31: Progression Rate (Grade 9 to 10) in 2022 and 2023 ............................. 149
CHAMA-DISTRICT-INTEGRATED-DEVELOPMENT-PLAN-28_02_2025.pdf|idp|2025|both|26|text_fallback|Table 32: Completion Rates at Grade 12 (2022 and 2023) .................................. 150
CHAMA-DISTRICT-INTEGRATED-DEVELOPMENT-PLAN-28_02_2025.pdf|idp|2025|both|26|text_fallback|Table 33: Summary of core issues ............................................................................ 160
CHAMA-DISTRICT-INTEGRATED-DEVELOPMENT-PLAN-28_02_2025.pdf|idp|2025|both|26|text_fallback|Table 34: Suggested policies, objectives, programs, and activities to address core
CHAMA-DISTRICT-INTEGRATED-DEVELOPMENT-PLAN-28_02_2025.pdf|idp|2025|both|26|text_fallback|issues ........................................................................................................................... 164
CHAMA-DISTRICT-INTEGRATED-DEVELOPMENT-PLAN-28_02_2025.pdf|idp|2025|both|26|text_fallback|Table 35: Development objectives, programmes, and development strategies
CHAMA-DISTRICT-INTEGRATED-DEVELOPMENT-PLAN-28_02_2025.pdf|idp|2025|both|26|text_fallback|.................................................................................................................................... 173
CHAMA-DISTRICT-INTEGRATED-DEVELOPMENT-PLAN-28_02_2025.pdf|idp|2025|both|26|text_fallback|Table 36: Advantages of the scenarios .................................................................. 202
CHAMA-DISTRICT-INTEGRATED-DEVELOPMENT-PLAN-28_02_2025.pdf|idp|2025|both|26|text_fallback|Table 37: Disadvantages of the scenarios ............................................................. 203
CHAMA-DISTRICT-INTEGRATED-DEVELOPMENT-PLAN-28_02_2025.pdf|idp|2025|both|26|text_fallback|Table 38: Areas of cultural, historical, and protected zones ................................ 210
CHAMA-DISTRICT-INTEGRATED-DEVELOPMENT-PLAN-28_02_2025.pdf|idp|2025|both|26|text_fallback|Table 39: Specific objectives, strategies, programmes and suggested projects
CHAMA-DISTRICT-INTEGRATED-DEVELOPMENT-PLAN-28_02_2025.pdf|idp|2025|both|26|text_fallback|over the next five years ............................................................................................ 216
CHAMA-DISTRICT-INTEGRATED-DEVELOPMENT-PLAN-28_02_2025.pdf|idp|2025|both|26|text_fallback|Table 40: Five-year revenue history ......................................................................... 247
CHAMA-DISTRICT-INTEGRATED-DEVELOPMENT-PLAN-28_02_2025.pdf|idp|2025|both|26|text_fallback|Table 41: Five-year expenditure history .................................................................. 248
CHAMA-DISTRICT-INTEGRATED-DEVELOPMENT-PLAN-28_02_2025.pdf|idp|2025|both|26|text_fallback|xxiv
CHAMA-DISTRICT-INTEGRATED-DEVELOPMENT-PLAN-28_02_2025.pdf|idp|2025|both|27|text_fallback|Table 42: Five-year revenue forecast ..................................................................... 249
CHAMA-DISTRICT-INTEGRATED-DEVELOPMENT-PLAN-28_02_2025.pdf|idp|2025|both|27|text_fallback|Table 43 : Five-year expenditure forecast .............................................................. 252
CHAMA-DISTRICT-INTEGRATED-DEVELOPMENT-PLAN-28_02_2025.pdf|idp|2025|both|27|text_fallback|Table 44: Monitoring and evaluation plan ............................................................. 257
CHAMA-DISTRICT-INTEGRATED-DEVELOPMENT-PLAN-28_02_2025.pdf|idp|2025|both|27|text_fallback|xxv
CHAMA-DISTRICT-INTEGRATED-DEVELOPMENT-PLAN-28_02_2025.pdf|idp|2025|both|28|text_fallback|LIST OF FIGURES
CHAMA-DISTRICT-INTEGRATED-DEVELOPMENT-PLAN-28_02_2025.pdf|idp|2025|both|28|text_fallback|Figure 1: Location of Chama district in Eastern Province ......................................... 5
CHAMA-DISTRICT-INTEGRATED-DEVELOPMENT-PLAN-28_02_2025.pdf|idp|2025|both|28|text_fallback|Figure 2: Urban/Rural Population Composition of Chama District by Sex ............ 18
CHAMA-DISTRICT-INTEGRATED-DEVELOPMENT-PLAN-28_02_2025.pdf|idp|2025|both|28|text_fallback|Figure 3: Population projection by sex ...................................................................... 27
CHAMA-DISTRICT-INTEGRATED-DEVELOPMENT-PLAN-28_02_2025.pdf|idp|2025|both|28|text_fallback|Figure 4: Chama District settlement pattern ............................................................ 29
CHAMA-DISTRICT-INTEGRATED-DEVELOPMENT-PLAN-28_02_2025.pdf|idp|2025|both|28|text_fallback|Figure 5: Kamphemba Area Time Series Analysis .................................................... 36
CHAMA-DISTRICT-INTEGRATED-DEVELOPMENT-PLAN-28_02_2025.pdf|idp|2025|both|28|text_fallback|Figure 6: Layout of the Urban Water Reticulation Network .................................... 72
CHAMA-DISTRICT-INTEGRATED-DEVELOPMENT-PLAN-28_02_2025.pdf|idp|2025|both|28|text_fallback|Figure 7: Land-Use Land-Cover assessment of the district from 2002 (left) to 2022
CHAMA-DISTRICT-INTEGRATED-DEVELOPMENT-PLAN-28_02_2025.pdf|idp|2025|both|28|text_fallback|(right). ........................................................................................................................... 84
CHAMA-DISTRICT-INTEGRATED-DEVELOPMENT-PLAN-28_02_2025.pdf|idp|2025|both|28|text_fallback|Figure 8: Fossified Wood as Sitwe Palaeontological Site ...................................... 109
CHAMA-DISTRICT-INTEGRATED-DEVELOPMENT-PLAN-28_02_2025.pdf|idp|2025|both|28|text_fallback|Figure 9: Various Hot Springs in the District (Mwambwa -Left, Kalunguvyu – middle,
CHAMA-DISTRICT-INTEGRATED-DEVELOPMENT-PLAN-28_02_2025.pdf|idp|2025|both|28|text_fallback|and Kalimulilo - right) ................................................................................................ 110
CHAMA-DISTRICT-INTEGRATED-DEVELOPMENT-PLAN-28_02_2025.pdf|idp|2025|both|28|text_fallback|xxvi
CHAMA-DISTRICT-INTEGRATED-DEVELOPMENT-PLAN-28_02_2025.pdf|idp|2025|both|29|text_fallback|LIST OF MAPS
CHAMA-DISTRICT-INTEGRATED-DEVELOPMENT-PLAN-28_02_2025.pdf|idp|2025|both|29|text_fallback|Map 1: Population Density by Ward ......................................................................... 17
CHAMA-DISTRICT-INTEGRATED-DEVELOPMENT-PLAN-28_02_2025.pdf|idp|2025|both|29|text_fallback|Map 2: Chama District General layout plan - land uses in the planned area ..... 32
CHAMA-DISTRICT-INTEGRATED-DEVELOPMENT-PLAN-28_02_2025.pdf|idp|2025|both|29|text_fallback|Map 3: Land use zones in the district ........................................................................ 33
CHAMA-DISTRICT-INTEGRATED-DEVELOPMENT-PLAN-28_02_2025.pdf|idp|2025|both|29|text_fallback|Map 4: Chama district housing status of the agricultural department ................. 39
CHAMA-DISTRICT-INTEGRATED-DEVELOPMENT-PLAN-28_02_2025.pdf|idp|2025|both|29|text_fallback|Map 5: Status of development in the Livestock and Fisheries department .......... 53
CHAMA-DISTRICT-INTEGRATED-DEVELOPMENT-PLAN-28_02_2025.pdf|idp|2025|both|29|text_fallback|Map 6: Map depicting the planning status of the district ...................................... 65
CHAMA-DISTRICT-INTEGRATED-DEVELOPMENT-PLAN-28_02_2025.pdf|idp|2025|both|29|text_fallback|Map 7: Chama District Water Points ......................................................................... 74
CHAMA-DISTRICT-INTEGRATED-DEVELOPMENT-PLAN-28_02_2025.pdf|idp|2025|both|29|text_fallback|Map 8: Map depicting the ODF status ..................................................................... 76
CHAMA-DISTRICT-INTEGRATED-DEVELOPMENT-PLAN-28_02_2025.pdf|idp|2025|both|29|text_fallback|Map 9: Chama district vegetation distribution ........................................................ 82
CHAMA-DISTRICT-INTEGRATED-DEVELOPMENT-PLAN-28_02_2025.pdf|idp|2025|both|29|text_fallback|Map 10: Location of Community Forest Management Areas in Chama District. 87
CHAMA-DISTRICT-INTEGRATED-DEVELOPMENT-PLAN-28_02_2025.pdf|idp|2025|both|29|text_fallback|Map 11: Flood Prone Areas ........................................................................................ 95
CHAMA-DISTRICT-INTEGRATED-DEVELOPMENT-PLAN-28_02_2025.pdf|idp|2025|both|29|text_fallback|Map 12: Mining Potential Areas in Chama ............................................................ 104
CHAMA-DISTRICT-INTEGRATED-DEVELOPMENT-PLAN-28_02_2025.pdf|idp|2025|both|29|text_fallback|Map 13: Tourism Attraction Sites .............................................................................. 112
CHAMA-DISTRICT-INTEGRATED-DEVELOPMENT-PLAN-28_02_2025.pdf|idp|2025|both|29|text_fallback|Map 14: Chama district transport infrastructure .................................................... 118
CHAMA-DISTRICT-INTEGRATED-DEVELOPMENT-PLAN-28_02_2025.pdf|idp|2025|both|29|text_fallback|Map 15: Showing Telecommunication Towers and Major Roads ........................ 120
CHAMA-DISTRICT-INTEGRATED-DEVELOPMENT-PLAN-28_02_2025.pdf|idp|2025|both|29|text_fallback|Map 16: illustrates the electricity distribution network in Chama ........................ 126
CHAMA-DISTRICT-INTEGRATED-DEVELOPMENT-PLAN-28_02_2025.pdf|idp|2025|both|29|text_fallback|Map 17: Chama district health facilities ................................................................. 132
CHAMA-DISTRICT-INTEGRATED-DEVELOPMENT-PLAN-28_02_2025.pdf|idp|2025|both|29|text_fallback|Map 18: Chama district proposed health facilities. .............................................. 139
CHAMA-DISTRICT-INTEGRATED-DEVELOPMENT-PLAN-28_02_2025.pdf|idp|2025|both|29|text_fallback|Map 19: Education Facilities in Chama .................................................................. 145
CHAMA-DISTRICT-INTEGRATED-DEVELOPMENT-PLAN-28_02_2025.pdf|idp|2025|both|29|text_fallback|Map 20: Map of Scenario 1 ..................................................................................... 197
CHAMA-DISTRICT-INTEGRATED-DEVELOPMENT-PLAN-28_02_2025.pdf|idp|2025|both|29|text_fallback|Map 21: Map of Scenario 2 ..................................................................................... 199
CHAMA-DISTRICT-INTEGRATED-DEVELOPMENT-PLAN-28_02_2025.pdf|idp|2025|both|29|text_fallback|xxvii
CHAMA-DISTRICT-INTEGRATED-DEVELOPMENT-PLAN-28_02_2025.pdf|idp|2025|both|30|text_fallback|Map 22: Map of Scenario 3 ..................................................................................... 201
CHAMA-DISTRICT-INTEGRATED-DEVELOPMENT-PLAN-28_02_2025.pdf|idp|2025|both|30|text_fallback|Map 23: Map of the chosen scenario .................................................................... 206
CHAMA-DISTRICT-INTEGRATED-DEVELOPMENT-PLAN-28_02_2025.pdf|idp|2025|both|30|text_fallback|xxviii
CHAMA-DISTRICT-INTEGRATED-DEVELOPMENT-PLAN-28_02_2025.pdf|idp|2025|both|31|text_fallback|PART ONE – INTRODUCTION
CHAMA-DISTRICT-INTEGRATED-DEVELOPMENT-PLAN-28_02_2025.pdf|idp|2025|both|31|text_fallback|Introduction and Background
CHAMA-DISTRICT-INTEGRATED-DEVELOPMENT-PLAN-28_02_2025.pdf|idp|2025|both|31|text_fallback|The Chama Integrated Development Plan is a comprehensive framework guiding
CHAMA-DISTRICT-INTEGRATED-DEVELOPMENT-PLAN-28_02_2025.pdf|idp|2025|both|31|text_fallback|the socio-economic transformation of the rural district. Located in the heart of
CHAMA-DISTRICT-INTEGRATED-DEVELOPMENT-PLAN-28_02_2025.pdf|idp|2025|both|31|text_fallback|Eastern Province, Chama district is endowed with fertile soils and favorable
CHAMA-DISTRICT-INTEGRATED-DEVELOPMENT-PLAN-28_02_2025.pdf|idp|2025|both|31|text_fallback|climate conditions, making agriculture the backbone of the local economy. Rain-
CHAMA-DISTRICT-INTEGRATED-DEVELOPMENT-PLAN-28_02_2025.pdf|idp|2025|both|31|text_fallback|fed agriculture, in particular, plays a vital role in the livelihoods of residents, with
CHAMA-DISTRICT-INTEGRATED-DEVELOPMENT-PLAN-28_02_2025.pdf|idp|2025|both|31|text_fallback|maize such as rice, cotton, maize, groundnuts and beans being the primary
CHAMA-DISTRICT-INTEGRATED-DEVELOPMENT-PLAN-28_02_2025.pdf|idp|2025|both|31|text_fallback|source of income. As the largest district in Eastern Province, Chama boasts an
CHAMA-DISTRICT-INTEGRATED-DEVELOPMENT-PLAN-28_02_2025.pdf|idp|2025|both|31|text_fallback|unparalleled natural heritage, with a significant portion of its terrain comprising
CHAMA-DISTRICT-INTEGRATED-DEVELOPMENT-PLAN-28_02_2025.pdf|idp|2025|both|31|text_fallback|the pristine wilderness of the Upper Luangwa Valley. This strategic location,
CHAMA-DISTRICT-INTEGRATED-DEVELOPMENT-PLAN-28_02_2025.pdf|idp|2025|both|31|text_fallback|adjacent to the renowned North Luangwa National Park, presents both
CHAMA-DISTRICT-INTEGRATED-DEVELOPMENT-PLAN-28_02_2025.pdf|idp|2025|both|31|text_fallback|opportunities and challenges for sustainable development.
CHAMA-DISTRICT-INTEGRATED-DEVELOPMENT-PLAN-28_02_2025.pdf|idp|2025|both|31|text_fallback|The opportunities and challenges include the following;
CHAMA-DISTRICT-INTEGRATED-DEVELOPMENT-PLAN-28_02_2025.pdf|idp|2025|both|31|text_fallback|1. Tourism potential: Upper Luangwa Valley’s unique biodiversity and wildlife
CHAMA-DISTRICT-INTEGRATED-DEVELOPMENT-PLAN-28_02_2025.pdf|idp|2025|both|31|text_fallback|populations offer significant tourism potential.
CHAMA-DISTRICT-INTEGRATED-DEVELOPMENT-PLAN-28_02_2025.pdf|idp|2025|both|31|text_fallback|2. Job creation: Tourism and conservation efforts create employment
CHAMA-DISTRICT-INTEGRATED-DEVELOPMENT-PLAN-28_02_2025.pdf|idp|2025|both|31|text_fallback|opportunities for local communities.
CHAMA-DISTRICT-INTEGRATED-DEVELOPMENT-PLAN-28_02_2025.pdf|idp|2025|both|31|text_fallback|3. Conservation benefits: The Game Management Area help protect
CHAMA-DISTRICT-INTEGRATED-DEVELOPMENT-PLAN-28_02_2025.pdf|idp|2025|both|31|text_fallback|biodiversity, maintaining ecological balance and preserving natural
CHAMA-DISTRICT-INTEGRATED-DEVELOPMENT-PLAN-28_02_2025.pdf|idp|2025|both|31|text_fallback|resources.
CHAMA-DISTRICT-INTEGRATED-DEVELOPMENT-PLAN-28_02_2025.pdf|idp|2025|both|31|text_fallback|4. Revenue sharing: Communities can benefit from revenue sharing schemes
CHAMA-DISTRICT-INTEGRATED-DEVELOPMENT-PLAN-28_02_2025.pdf|idp|2025|both|31|text_fallback|with tourism operators and conservation organizations.
CHAMA-DISTRICT-INTEGRATED-DEVELOPMENT-PLAN-28_02_2025.pdf|idp|2025|both|31|text_fallback|5. Cultural preservation: GMAs can promote cultural heritage and traditional
CHAMA-DISTRICT-INTEGRATED-DEVELOPMENT-PLAN-28_02_2025.pdf|idp|2025|both|31|text_fallback|practices related to wildlife management and opportunities for
CHAMA-DISTRICT-INTEGRATED-DEVELOPMENT-PLAN-28_02_2025.pdf|idp|2025|both|31|text_fallback|1
CHAMA-DISTRICT-INTEGRATED-DEVELOPMENT-PLAN-28_02_2025.pdf|idp|2025|both|32|text_fallback|community-based tourism initiatives, promoting cultural exchange and
CHAMA-DISTRICT-INTEGRATED-DEVELOPMENT-PLAN-28_02_2025.pdf|idp|2025|both|32|text_fallback|local economic benefits.
CHAMA-DISTRICT-INTEGRATED-DEVELOPMENT-PLAN-28_02_2025.pdf|idp|2025|both|32|text_fallback|6. Research and education: GMAs can serve as outdoor laboratories for
CHAMA-DISTRICT-INTEGRATED-DEVELOPMENT-PLAN-28_02_2025.pdf|idp|2025|both|32|text_fallback|research, education, and skills development.
CHAMA-DISTRICT-INTEGRATED-DEVELOPMENT-PLAN-28_02_2025.pdf|idp|2025|both|32|text_fallback|7. Community-based natural resource management (CBNRM): Empowers
CHAMA-DISTRICT-INTEGRATED-DEVELOPMENT-PLAN-28_02_2025.pdf|idp|2025|both|32|text_fallback|local communities to manage natural resources, promoting sustainable
CHAMA-DISTRICT-INTEGRATED-DEVELOPMENT-PLAN-28_02_2025.pdf|idp|2025|both|32|text_fallback|livelihoods.
CHAMA-DISTRICT-INTEGRATED-DEVELOPMENT-PLAN-28_02_2025.pdf|idp|2025|both|32|text_fallback|However, the district faces significant development challenges. The poor road
CHAMA-DISTRICT-INTEGRATED-DEVELOPMENT-PLAN-28_02_2025.pdf|idp|2025|both|32|text_fallback|network, exacerbated by the rainy season, severely limits accessibility to most
CHAMA-DISTRICT-INTEGRATED-DEVELOPMENT-PLAN-28_02_2025.pdf|idp|2025|both|32|text_fallback|parts of the district, hindering economic growth and service delivery. The district’s
CHAMA-DISTRICT-INTEGRATED-DEVELOPMENT-PLAN-28_02_2025.pdf|idp|2025|both|32|text_fallback|rugged terrain and limited infrastructure hinder access to markets, social services,
CHAMA-DISTRICT-INTEGRATED-DEVELOPMENT-PLAN-28_02_2025.pdf|idp|2025|both|32|text_fallback|and economic opportunities.
CHAMA-DISTRICT-INTEGRATED-DEVELOPMENT-PLAN-28_02_2025.pdf|idp|2025|both|32|text_fallback|Other challenges related to Chama being located in a GMA include the
CHAMA-DISTRICT-INTEGRATED-DEVELOPMENT-PLAN-28_02_2025.pdf|idp|2025|both|32|text_fallback|following;
CHAMA-DISTRICT-INTEGRATED-DEVELOPMENT-PLAN-28_02_2025.pdf|idp|2025|both|32|text_fallback|1. Human-wildlife conflict: Competition for resources, space, and livelihoods
CHAMA-DISTRICT-INTEGRATED-DEVELOPMENT-PLAN-28_02_2025.pdf|idp|2025|both|32|text_fallback|lead to conflicts between humans and wildlife.
CHAMA-DISTRICT-INTEGRATED-DEVELOPMENT-PLAN-28_02_2025.pdf|idp|2025|both|32|text_fallback|2. Limited land use: GMA has imposed restrictions on land use, potentially
CHAMA-DISTRICT-INTEGRATED-DEVELOPMENT-PLAN-28_02_2025.pdf|idp|2025|both|32|text_fallback|limiting agricultural expansion and development.
CHAMA-DISTRICT-INTEGRATED-DEVELOPMENT-PLAN-28_02_2025.pdf|idp|2025|both|32|text_fallback|3. Security concerns: Poaching, habitat destruction, and human safety
CHAMA-DISTRICT-INTEGRATED-DEVELOPMENT-PLAN-28_02_2025.pdf|idp|2025|both|32|text_fallback|concerns require significant resources and effort.
CHAMA-DISTRICT-INTEGRATED-DEVELOPMENT-PLAN-28_02_2025.pdf|idp|2025|both|32|text_fallback|4. Economic benefits distribution: Ensuring fair distribution of benefits among
CHAMA-DISTRICT-INTEGRATED-DEVELOPMENT-PLAN-28_02_2025.pdf|idp|2025|both|32|text_fallback|local communities, tourism operators, and conservation organizations.
CHAMA-DISTRICT-INTEGRATED-DEVELOPMENT-PLAN-28_02_2025.pdf|idp|2025|both|32|text_fallback|5. Climate change: Impacts on wildlife populations, habitats, and ecosystem
CHAMA-DISTRICT-INTEGRATED-DEVELOPMENT-PLAN-28_02_2025.pdf|idp|2025|both|32|text_fallback|balance.
CHAMA-DISTRICT-INTEGRATED-DEVELOPMENT-PLAN-28_02_2025.pdf|idp|2025|both|32|text_fallback|6. Policy and legislative frameworks: Complexities in laws, regulations, and
CHAMA-DISTRICT-INTEGRATED-DEVELOPMENT-PLAN-28_02_2025.pdf|idp|2025|both|32|text_fallback|policies governing GMAs are too rigid.
CHAMA-DISTRICT-INTEGRATED-DEVELOPMENT-PLAN-28_02_2025.pdf|idp|2025|both|32|text_fallback|To address these challenges and unlock the district’s potential, this IDP prioritizes:
CHAMA-DISTRICT-INTEGRATED-DEVELOPMENT-PLAN-28_02_2025.pdf|idp|2025|both|32|text_fallback|2
CHAMA-DISTRICT-INTEGRATED-DEVELOPMENT-PLAN-28_02_2025.pdf|idp|2025|both|33|text_fallback|1. Agricultural development and diversification
CHAMA-DISTRICT-INTEGRATED-DEVELOPMENT-PLAN-28_02_2025.pdf|idp|2025|both|33|text_fallback|2. Infrastructure development (roads, storage facilities, and market access)
CHAMA-DISTRICT-INTEGRATED-DEVELOPMENT-PLAN-28_02_2025.pdf|idp|2025|both|33|text_fallback|3. Environmental conservation and sustainable natural resource
CHAMA-DISTRICT-INTEGRATED-DEVELOPMENT-PLAN-28_02_2025.pdf|idp|2025|both|33|text_fallback|management
CHAMA-DISTRICT-INTEGRATED-DEVELOPMENT-PLAN-28_02_2025.pdf|idp|2025|both|33|text_fallback|4. Improved access to social services (health, education, and water)
CHAMA-DISTRICT-INTEGRATED-DEVELOPMENT-PLAN-28_02_2025.pdf|idp|2025|both|33|text_fallback|5. Enhanced economic opportunities through value addition and
CHAMA-DISTRICT-INTEGRATED-DEVELOPMENT-PLAN-28_02_2025.pdf|idp|2025|both|33|text_fallback|entrepreneurship
CHAMA-DISTRICT-INTEGRATED-DEVELOPMENT-PLAN-28_02_2025.pdf|idp|2025|both|33|text_fallback|6. Promote citizen participation in local governance
CHAMA-DISTRICT-INTEGRATED-DEVELOPMENT-PLAN-28_02_2025.pdf|idp|2025|both|33|text_fallback|7. Foster partnerships and collaborations among stakeholders to drive
CHAMA-DISTRICT-INTEGRATED-DEVELOPMENT-PLAN-28_02_2025.pdf|idp|2025|both|33|text_fallback|development
CHAMA-DISTRICT-INTEGRATED-DEVELOPMENT-PLAN-28_02_2025.pdf|idp|2025|both|33|text_fallback|Through this IDP, we envision an interlinked, socio-economically sound and
CHAMA-DISTRICT-INTEGRATED-DEVELOPMENT-PLAN-28_02_2025.pdf|idp|2025|both|33|text_fallback|environmentally sustainable Chama District, where residents enjoy improved
CHAMA-DISTRICT-INTEGRATED-DEVELOPMENT-PLAN-28_02_2025.pdf|idp|2025|both|33|text_fallback|livelihoods and the natural resources are harnessed for the benefit of all.
CHAMA-DISTRICT-INTEGRATED-DEVELOPMENT-PLAN-28_02_2025.pdf|idp|2025|both|33|text_fallback|Definition of the IDP Area
CHAMA-DISTRICT-INTEGRATED-DEVELOPMENT-PLAN-28_02_2025.pdf|idp|2025|both|33|text_fallback|The proposed IDP Area for the Chama shall cover the whole District as narrated
CHAMA-DISTRICT-INTEGRATED-DEVELOPMENT-PLAN-28_02_2025.pdf|idp|2025|both|33|text_fallback|in the Chama District boundary as defined in the Provincial and District Boundaries
CHAMA-DISTRICT-INTEGRATED-DEVELOPMENT-PLAN-28_02_2025.pdf|idp|2025|both|33|text_fallback|Act Cap 286 of the Laws of Zambia.
CHAMA-DISTRICT-INTEGRATED-DEVELOPMENT-PLAN-28_02_2025.pdf|idp|2025|both|33|text_fallback|District location map
CHAMA-DISTRICT-INTEGRATED-DEVELOPMENT-PLAN-28_02_2025.pdf|idp|2025|both|33|text_fallback|Chama is one of the 15 districts in Eastern Province of the Republic of Zambia. The
CHAMA-DISTRICT-INTEGRATED-DEVELOPMENT-PLAN-28_02_2025.pdf|idp|2025|both|33|text_fallback|largest district in Zambia's Eastern Province, Chama District, has its headquarters
CHAMA-DISTRICT-INTEGRATED-DEVELOPMENT-PLAN-28_02_2025.pdf|idp|2025|both|33|text_fallback|located at Chama, Kamphemba ward. It encompasses a sizable wilderness
CHAMA-DISTRICT-INTEGRATED-DEVELOPMENT-PLAN-28_02_2025.pdf|idp|2025|both|33|text_fallback|situated in the Upper Luangwa valley, northeast of the North Luangwa National
CHAMA-DISTRICT-INTEGRATED-DEVELOPMENT-PLAN-28_02_2025.pdf|idp|2025|both|33|text_fallback|Park. It is composed of the Chama North and Chama South constituencies. It is
CHAMA-DISTRICT-INTEGRATED-DEVELOPMENT-PLAN-28_02_2025.pdf|idp|2025|both|33|text_fallback|situated between longitudes 31.450 and 32.300 East and latitudes 13.800 and
CHAMA-DISTRICT-INTEGRATED-DEVELOPMENT-PLAN-28_02_2025.pdf|idp|2025|both|33|text_fallback|3
CHAMA-DISTRICT-INTEGRATED-DEVELOPMENT-PLAN-28_02_2025.pdf|idp|2025|both|34|text_fallback|14.450 South with altitudes from 350 m to 640 m above sea level and the
CHAMA-DISTRICT-INTEGRATED-DEVELOPMENT-PLAN-28_02_2025.pdf|idp|2025|both|34|text_fallback|escarpment rises to 1,200 m above sea level.
CHAMA-DISTRICT-INTEGRATED-DEVELOPMENT-PLAN-28_02_2025.pdf|idp|2025|both|34|text_fallback|The district stretches between latitudes 100 15’ to 120 10’ South and longitude 320
CHAMA-DISTRICT-INTEGRATED-DEVELOPMENT-PLAN-28_02_2025.pdf|idp|2025|both|34|text_fallback|40’ to 330 10’ East. Chama is a transit town, linking Eastern Province and Malawi
CHAMA-DISTRICT-INTEGRATED-DEVELOPMENT-PLAN-28_02_2025.pdf|idp|2025|both|34|text_fallback|to Muchinga, Northern and Luapula Provinces. The district’s town Centre is
CHAMA-DISTRICT-INTEGRATED-DEVELOPMENT-PLAN-28_02_2025.pdf|idp|2025|both|34|text_fallback|located about 940 KM away from the Capital City of Zambia (Lusaka), about 332
CHAMA-DISTRICT-INTEGRATED-DEVELOPMENT-PLAN-28_02_2025.pdf|idp|2025|both|34|text_fallback|KM away from the Provincial Headquarters Chipata, about 450 KM away from
CHAMA-DISTRICT-INTEGRATED-DEVELOPMENT-PLAN-28_02_2025.pdf|idp|2025|both|34|text_fallback|Nakonde the border town and about 156 KM away from Lundazi.
CHAMA-DISTRICT-INTEGRATED-DEVELOPMENT-PLAN-28_02_2025.pdf|idp|2025|both|34|text_fallback|Chama District is surrounded by six (6) Districts and an international boundary on
CHAMA-DISTRICT-INTEGRATED-DEVELOPMENT-PLAN-28_02_2025.pdf|idp|2025|both|34|text_fallback|its Eastern part where it shares a long stretch of border with Malawi, on the
CHAMA-DISTRICT-INTEGRATED-DEVELOPMENT-PLAN-28_02_2025.pdf|idp|2025|both|34|text_fallback|Northern part Chama District shares its border with Mafinga, Isoka and Chinsali
CHAMA-DISTRICT-INTEGRATED-DEVELOPMENT-PLAN-28_02_2025.pdf|idp|2025|both|34|text_fallback|Districts, on its western part Chama boarders Shiwang’andu District and Mpika
CHAMA-DISTRICT-INTEGRATED-DEVELOPMENT-PLAN-28_02_2025.pdf|idp|2025|both|34|text_fallback|District on the South-Western part while on its Southern part the district shares its
CHAMA-DISTRICT-INTEGRATED-DEVELOPMENT-PLAN-28_02_2025.pdf|idp|2025|both|34|text_fallback|border with Chasefu District.
CHAMA-DISTRICT-INTEGRATED-DEVELOPMENT-PLAN-28_02_2025.pdf|idp|2025|both|34|text_fallback|The notable features in the district include, Muchinga Escarpment in the East,
CHAMA-DISTRICT-INTEGRATED-DEVELOPMENT-PLAN-28_02_2025.pdf|idp|2025|both|34|text_fallback|Nyika Plateau in Mbazi Ward, Hot springs dotted around the district, the North
CHAMA-DISTRICT-INTEGRATED-DEVELOPMENT-PLAN-28_02_2025.pdf|idp|2025|both|34|text_fallback|Luangwa National Park, and Luangwa River that passes across the district. Figure
CHAMA-DISTRICT-INTEGRATED-DEVELOPMENT-PLAN-28_02_2025.pdf|idp|2025|both|34|text_fallback|1 shows the location of the district in relation to the Nation and the Province.
CHAMA-DISTRICT-INTEGRATED-DEVELOPMENT-PLAN-28_02_2025.pdf|idp|2025|both|34|text_fallback|4
CHAMA-DISTRICT-INTEGRATED-DEVELOPMENT-PLAN-28_02_2025.pdf|idp|2025|both|35|text_fallback|Figure 1: Location of Chama district in Eastern Province
CHAMA-DISTRICT-INTEGRATED-DEVELOPMENT-PLAN-28_02_2025.pdf|idp|2025|both|35|text_fallback|Source: Department of Physical Planning, EPPU 2023
CHAMA-DISTRICT-INTEGRATED-DEVELOPMENT-PLAN-28_02_2025.pdf|idp|2025|both|35|text_fallback|Climatic Condition
CHAMA-DISTRICT-INTEGRATED-DEVELOPMENT-PLAN-28_02_2025.pdf|idp|2025|both|35|text_fallback|The district lies in Agro-ecological Region II, which is characterized by low rainfall.
CHAMA-DISTRICT-INTEGRATED-DEVELOPMENT-PLAN-28_02_2025.pdf|idp|2025|both|35|text_fallback|The rainfall pattern is controlled by the movements of the Inter-Tropical
CHAMA-DISTRICT-INTEGRATED-DEVELOPMENT-PLAN-28_02_2025.pdf|idp|2025|both|35|text_fallback|Convergence Zone and increases from south to north. Therefore, the district is
CHAMA-DISTRICT-INTEGRATED-DEVELOPMENT-PLAN-28_02_2025.pdf|idp|2025|both|35|text_fallback|characterized by the tropical continental type of climate with three distinct
CHAMA-DISTRICT-INTEGRATED-DEVELOPMENT-PLAN-28_02_2025.pdf|idp|2025|both|35|text_fallback|seasons, i.e., hot rainy season from late November to April; a cool-dry season, from
CHAMA-DISTRICT-INTEGRATED-DEVELOPMENT-PLAN-28_02_2025.pdf|idp|2025|both|35|text_fallback|May-August; and a hot - dry season, from September to early November. The
CHAMA-DISTRICT-INTEGRATED-DEVELOPMENT-PLAN-28_02_2025.pdf|idp|2025|both|35|text_fallback|mean annual rainfall is in the range of 700 - 900 mm. The district often experiences
CHAMA-DISTRICT-INTEGRATED-DEVELOPMENT-PLAN-28_02_2025.pdf|idp|2025|both|35|text_fallback|frequent drought and floods.
CHAMA-DISTRICT-INTEGRATED-DEVELOPMENT-PLAN-28_02_2025.pdf|idp|2025|both|35|text_fallback|5
CHAMA-DISTRICT-INTEGRATED-DEVELOPMENT-PLAN-28_02_2025.pdf|idp|2025|both|36|table|"Chama Rainfall 2016/17 |  | "
CHAMA-DISTRICT-INTEGRATED-DEVELOPMENT-PLAN-28_02_2025.pdf|idp|2025|both|36|table|" | Rain (mm) | Eff. Rain (mm)"
CHAMA-DISTRICT-INTEGRATED-DEVELOPMENT-PLAN-28_02_2025.pdf|idp|2025|both|36|table|"September | 0.4 | 0.4"
CHAMA-DISTRICT-INTEGRATED-DEVELOPMENT-PLAN-28_02_2025.pdf|idp|2025|both|36|table|"October | 16 | 16"
CHAMA-DISTRICT-INTEGRATED-DEVELOPMENT-PLAN-28_02_2025.pdf|idp|2025|both|36|table|"November | 87.07 | 87.07"
CHAMA-DISTRICT-INTEGRATED-DEVELOPMENT-PLAN-28_02_2025.pdf|idp|2025|both|36|table|"December | 192.96 | 192.96"
CHAMA-DISTRICT-INTEGRATED-DEVELOPMENT-PLAN-28_02_2025.pdf|idp|2025|both|36|table|"January | 0 | 0"
CHAMA-DISTRICT-INTEGRATED-DEVELOPMENT-PLAN-28_02_2025.pdf|idp|2025|both|36|table|"February | 195 | 195"
CHAMA-DISTRICT-INTEGRATED-DEVELOPMENT-PLAN-28_02_2025.pdf|idp|2025|both|36|table|"March | 137 | 137"
CHAMA-DISTRICT-INTEGRATED-DEVELOPMENT-PLAN-28_02_2025.pdf|idp|2025|both|36|table|"April | 54 | 54"
CHAMA-DISTRICT-INTEGRATED-DEVELOPMENT-PLAN-28_02_2025.pdf|idp|2025|both|36|table|"May | 3.07 | 3.07"
CHAMA-DISTRICT-INTEGRATED-DEVELOPMENT-PLAN-28_02_2025.pdf|idp|2025|both|36|table|"June | 0 | 0"
CHAMA-DISTRICT-INTEGRATED-DEVELOPMENT-PLAN-28_02_2025.pdf|idp|2025|both|36|table|"July | 0 | 0"
CHAMA-DISTRICT-INTEGRATED-DEVELOPMENT-PLAN-28_02_2025.pdf|idp|2025|both|36|table|"August | 0.1 | 0.1"
CHAMA-DISTRICT-INTEGRATED-DEVELOPMENT-PLAN-28_02_2025.pdf|idp|2025|both|37|text_fallback|defines the lowest area of the district, which is land below 900 meters above sea
CHAMA-DISTRICT-INTEGRATED-DEVELOPMENT-PLAN-28_02_2025.pdf|idp|2025|both|37|text_fallback|level found along the valley and is bordered by steep slopes of the escarpment
CHAMA-DISTRICT-INTEGRATED-DEVELOPMENT-PLAN-28_02_2025.pdf|idp|2025|both|37|text_fallback|with many hills and winding tributaries breaking the country side along the
CHAMA-DISTRICT-INTEGRATED-DEVELOPMENT-PLAN-28_02_2025.pdf|idp|2025|both|37|text_fallback|escarpment. The second category describes land between 900 and 1200 meters
CHAMA-DISTRICT-INTEGRATED-DEVELOPMENT-PLAN-28_02_2025.pdf|idp|2025|both|37|text_fallback|above sea level and this refers to land between the high land watershed areas
CHAMA-DISTRICT-INTEGRATED-DEVELOPMENT-PLAN-28_02_2025.pdf|idp|2025|both|37|text_fallback|and the low land river valleys, which can generally be described as gently
CHAMA-DISTRICT-INTEGRATED-DEVELOPMENT-PLAN-28_02_2025.pdf|idp|2025|both|37|text_fallback|undulating plateau with large areas of flat surface land cut into by the Luangwa
CHAMA-DISTRICT-INTEGRATED-DEVELOPMENT-PLAN-28_02_2025.pdf|idp|2025|both|37|text_fallback|River and its tributaries valley in the south, east and west. Thirdly, is the land over
CHAMA-DISTRICT-INTEGRATED-DEVELOPMENT-PLAN-28_02_2025.pdf|idp|2025|both|37|text_fallback|1200 meters above sea level, in this category, there are two high lands; the first
CHAMA-DISTRICT-INTEGRATED-DEVELOPMENT-PLAN-28_02_2025.pdf|idp|2025|both|37|text_fallback|area separates the Luangwa River and its tributaries from the rivers that flow
CHAMA-DISTRICT-INTEGRATED-DEVELOPMENT-PLAN-28_02_2025.pdf|idp|2025|both|37|text_fallback|towards Lake Malawi. Secondly, the Mafinga Hills, which rise to the height of 2,164
CHAMA-DISTRICT-INTEGRATED-DEVELOPMENT-PLAN-28_02_2025.pdf|idp|2025|both|37|text_fallback|meters and the Nyika Plateau (2100) form part of the high plateau that stretches
CHAMA-DISTRICT-INTEGRATED-DEVELOPMENT-PLAN-28_02_2025.pdf|idp|2025|both|37|text_fallback|east wards into Malawi. The second highland area in the west separates Luangwa
CHAMA-DISTRICT-INTEGRATED-DEVELOPMENT-PLAN-28_02_2025.pdf|idp|2025|both|37|text_fallback|River and its tributaries from the Chambeshi River and its tributaries that drain in
CHAMA-DISTRICT-INTEGRATED-DEVELOPMENT-PLAN-28_02_2025.pdf|idp|2025|both|37|text_fallback|the swamps of Lake Bangweulu.
CHAMA-DISTRICT-INTEGRATED-DEVELOPMENT-PLAN-28_02_2025.pdf|idp|2025|both|37|text_fallback|Hydrology
CHAMA-DISTRICT-INTEGRATED-DEVELOPMENT-PLAN-28_02_2025.pdf|idp|2025|both|37|text_fallback|The Luangwa River that flows north to south longitudinally cuts the district almost
CHAMA-DISTRICT-INTEGRATED-DEVELOPMENT-PLAN-28_02_2025.pdf|idp|2025|both|37|text_fallback|into two equal halves and has the following tributaries; Luumbu, Kalinkhu,
CHAMA-DISTRICT-INTEGRATED-DEVELOPMENT-PLAN-28_02_2025.pdf|idp|2025|both|37|text_fallback|Mbwata, Kamphemba in the north and Bazimu, Lupamazi, Lunzi, Luelo, Luvila and
CHAMA-DISTRICT-INTEGRATED-DEVELOPMENT-PLAN-28_02_2025.pdf|idp|2025|both|37|text_fallback|Lundazi in the south. Most of them dry up in the dry season living isolated pools of
CHAMA-DISTRICT-INTEGRATED-DEVELOPMENT-PLAN-28_02_2025.pdf|idp|2025|both|37|text_fallback|water along river-beds.
CHAMA-DISTRICT-INTEGRATED-DEVELOPMENT-PLAN-28_02_2025.pdf|idp|2025|both|37|text_fallback|Vegetation
CHAMA-DISTRICT-INTEGRATED-DEVELOPMENT-PLAN-28_02_2025.pdf|idp|2025|both|37|text_fallback|There are three (3) main types of predominant vegetation under Chama District
CHAMA-DISTRICT-INTEGRATED-DEVELOPMENT-PLAN-28_02_2025.pdf|idp|2025|both|37|text_fallback|namely; (a) Mopani woodlands, which are infertile and found on poor sandy
CHAMA-DISTRICT-INTEGRATED-DEVELOPMENT-PLAN-28_02_2025.pdf|idp|2025|both|37|text_fallback|loam soil; (b) Miombo woodlands, found on hilly highlands with moderate fertile
CHAMA-DISTRICT-INTEGRATED-DEVELOPMENT-PLAN-28_02_2025.pdf|idp|2025|both|37|text_fallback|soils and (c) Munga, locally known as Musangu usually found on fertile alluvial soils
CHAMA-DISTRICT-INTEGRATED-DEVELOPMENT-PLAN-28_02_2025.pdf|idp|2025|both|37|text_fallback|7
CHAMA-DISTRICT-INTEGRATED-DEVELOPMENT-PLAN-28_02_2025.pdf|idp|2025|both|38|text_fallback|where human settlements are mostly concentrated. However, it is worth to note
CHAMA-DISTRICT-INTEGRATED-DEVELOPMENT-PLAN-28_02_2025.pdf|idp|2025|both|38|text_fallback|that there are also minor occurrences constituting watersheds and small patches
CHAMA-DISTRICT-INTEGRATED-DEVELOPMENT-PLAN-28_02_2025.pdf|idp|2025|both|38|text_fallback|of palm communities and traces of grass land found along the river banks and
CHAMA-DISTRICT-INTEGRATED-DEVELOPMENT-PLAN-28_02_2025.pdf|idp|2025|both|38|text_fallback|surrounding areas.
CHAMA-DISTRICT-INTEGRATED-DEVELOPMENT-PLAN-28_02_2025.pdf|idp|2025|both|38|text_fallback|The district has four (4) gazzetted National forests and 1 local forest covering a
CHAMA-DISTRICT-INTEGRATED-DEVELOPMENT-PLAN-28_02_2025.pdf|idp|2025|both|38|text_fallback|total area of 333, 566 Hectares. These include; Lundazi, Makutu, Chire, Fibale, and
CHAMA-DISTRICT-INTEGRATED-DEVELOPMENT-PLAN-28_02_2025.pdf|idp|2025|both|38|text_fallback|Pondo Forest respectively. Customary Land has a large portion of open forest
CHAMA-DISTRICT-INTEGRATED-DEVELOPMENT-PLAN-28_02_2025.pdf|idp|2025|both|38|text_fallback|whose size is not yet known. However, a large portion of the district is a valley
CHAMA-DISTRICT-INTEGRATED-DEVELOPMENT-PLAN-28_02_2025.pdf|idp|2025|both|38|text_fallback|where the Luangwa North National Park is situated.
CHAMA-DISTRICT-INTEGRATED-DEVELOPMENT-PLAN-28_02_2025.pdf|idp|2025|both|38|text_fallback|Flora and Fauna
CHAMA-DISTRICT-INTEGRATED-DEVELOPMENT-PLAN-28_02_2025.pdf|idp|2025|both|38|text_fallback|The district is predominantly covered by three vegetation types, the Mopane
CHAMA-DISTRICT-INTEGRATED-DEVELOPMENT-PLAN-28_02_2025.pdf|idp|2025|both|38|text_fallback|woodlands, the Miombo woodlands and the Munga. However there exists a
CHAMA-DISTRICT-INTEGRATED-DEVELOPMENT-PLAN-28_02_2025.pdf|idp|2025|both|38|text_fallback|mosaic of vegetation types on the valley floor constituting of Riparian, Montane,
CHAMA-DISTRICT-INTEGRATED-DEVELOPMENT-PLAN-28_02_2025.pdf|idp|2025|both|38|text_fallback|Munga and Itigi. Other vegetation types in the district include riverine, shrublands,
CHAMA-DISTRICT-INTEGRATED-DEVELOPMENT-PLAN-28_02_2025.pdf|idp|2025|both|38|text_fallback|grasslands and riverine vegetation. The riverine vegetation found along the rivers,
CHAMA-DISTRICT-INTEGRATED-DEVELOPMENT-PLAN-28_02_2025.pdf|idp|2025|both|38|text_fallback|streams and lagoons and dambos usually have a mixture of such as Faidaherbia
CHAMA-DISTRICT-INTEGRATED-DEVELOPMENT-PLAN-28_02_2025.pdf|idp|2025|both|38|text_fallback|albida, pilistigma thorniigii (musekese), and Acasia species. There are also
CHAMA-DISTRICT-INTEGRATED-DEVELOPMENT-PLAN-28_02_2025.pdf|idp|2025|both|38|text_fallback|patches of palm communities.
CHAMA-DISTRICT-INTEGRATED-DEVELOPMENT-PLAN-28_02_2025.pdf|idp|2025|both|38|text_fallback|Jachmann et al (1994) and Jachmann (1998) have established that Luangwa
CHAMA-DISTRICT-INTEGRATED-DEVELOPMENT-PLAN-28_02_2025.pdf|idp|2025|both|38|text_fallback|valley contains some of the highest densities of larger mammals in Zambia. A total
CHAMA-DISTRICT-INTEGRATED-DEVELOPMENT-PLAN-28_02_2025.pdf|idp|2025|both|38|text_fallback|of 110 mammal species exist that include seven species near endemic to the
CHAMA-DISTRICT-INTEGRATED-DEVELOPMENT-PLAN-28_02_2025.pdf|idp|2025|both|38|text_fallback|area. These include: elephants, eland, hippos, buffalo, zebra, waterbuck, roan,
CHAMA-DISTRICT-INTEGRATED-DEVELOPMENT-PLAN-28_02_2025.pdf|idp|2025|both|38|text_fallback|bushbuck, bushpig, warthog, kudu, puku, impala, grysbok, oribi, common duiker;
CHAMA-DISTRICT-INTEGRATED-DEVELOPMENT-PLAN-28_02_2025.pdf|idp|2025|both|38|text_fallback|lion, leopard, spotted hyena, wild dog, greater kudu, sable antelope; among the
CHAMA-DISTRICT-INTEGRATED-DEVELOPMENT-PLAN-28_02_2025.pdf|idp|2025|both|38|text_fallback|primates: baboon, vervet monkey, night ape and bush baby. Other fauna
CHAMA-DISTRICT-INTEGRATED-DEVELOPMENT-PLAN-28_02_2025.pdf|idp|2025|both|38|text_fallback|includes birds, reptiles, fish and invertebrates.
CHAMA-DISTRICT-INTEGRATED-DEVELOPMENT-PLAN-28_02_2025.pdf|idp|2025|both|38|text_fallback|8
CHAMA-DISTRICT-INTEGRATED-DEVELOPMENT-PLAN-28_02_2025.pdf|idp|2025|both|39|text_fallback|Governance and General Administration
CHAMA-DISTRICT-INTEGRATED-DEVELOPMENT-PLAN-28_02_2025.pdf|idp|2025|both|39|text_fallback|Chama District has three tier governance systems namely; Traditional, Local
CHAMA-DISTRICT-INTEGRATED-DEVELOPMENT-PLAN-28_02_2025.pdf|idp|2025|both|39|text_fallback|Government and Central Government (district administration) which all
CHAMA-DISTRICT-INTEGRATED-DEVELOPMENT-PLAN-28_02_2025.pdf|idp|2025|both|39|text_fallback|coordinate and propagate district development and general welfare of the
CHAMA-DISTRICT-INTEGRATED-DEVELOPMENT-PLAN-28_02_2025.pdf|idp|2025|both|39|text_fallback|people. However, all these governance structures are streamlined through
CHAMA-DISTRICT-INTEGRATED-DEVELOPMENT-PLAN-28_02_2025.pdf|idp|2025|both|39|text_fallback|various policies and guidelines to operate in an integrated approach for the
CHAMA-DISTRICT-INTEGRATED-DEVELOPMENT-PLAN-28_02_2025.pdf|idp|2025|both|39|text_fallback|common good of national development.
CHAMA-DISTRICT-INTEGRATED-DEVELOPMENT-PLAN-28_02_2025.pdf|idp|2025|both|39|text_fallback|Traditional Leadership System
CHAMA-DISTRICT-INTEGRATED-DEVELOPMENT-PLAN-28_02_2025.pdf|idp|2025|both|39|text_fallback|Chama District has seven (7) Chiefs namely; Senior Chief Kambombo, Chief
CHAMA-DISTRICT-INTEGRATED-DEVELOPMENT-PLAN-28_02_2025.pdf|idp|2025|both|39|text_fallback|Lundu, Chief Chibale, Chief Chikwa, Chief Tembwe, Chief Chifunda and Chief
CHAMA-DISTRICT-INTEGRATED-DEVELOPMENT-PLAN-28_02_2025.pdf|idp|2025|both|39|text_fallback|Mulilo who are responsible for enforcing customary law through various
CHAMA-DISTRICT-INTEGRATED-DEVELOPMENT-PLAN-28_02_2025.pdf|idp|2025|both|39|text_fallback|committees of advisers and village headmen. The main inhabitants of the district
CHAMA-DISTRICT-INTEGRATED-DEVELOPMENT-PLAN-28_02_2025.pdf|idp|2025|both|39|text_fallback|are the Senga speaking people. The district also boasts of the Bemba and
CHAMA-DISTRICT-INTEGRATED-DEVELOPMENT-PLAN-28_02_2025.pdf|idp|2025|both|39|text_fallback|Namwanga speaking people who are found in the northern part of Chama, and
CHAMA-DISTRICT-INTEGRATED-DEVELOPMENT-PLAN-28_02_2025.pdf|idp|2025|both|39|text_fallback|Tumbuka speaking people on the southern part.
CHAMA-DISTRICT-INTEGRATED-DEVELOPMENT-PLAN-28_02_2025.pdf|idp|2025|both|39|text_fallback|Local Government System
CHAMA-DISTRICT-INTEGRATED-DEVELOPMENT-PLAN-28_02_2025.pdf|idp|2025|both|39|text_fallback|Chama Town Council is responsible for the Local Government administration
CHAMA-DISTRICT-INTEGRATED-DEVELOPMENT-PLAN-28_02_2025.pdf|idp|2025|both|39|text_fallback|system. The Council was established in 1900s after the abolishment of Rural
CHAMA-DISTRICT-INTEGRATED-DEVELOPMENT-PLAN-28_02_2025.pdf|idp|2025|both|39|text_fallback|Councils following an integrated Local Administration Act of 1980 that saw the
CHAMA-DISTRICT-INTEGRATED-DEVELOPMENT-PLAN-28_02_2025.pdf|idp|2025|both|39|text_fallback|establishment of all District Councils in the Country. Furthermore, in 2012 Chama
CHAMA-DISTRICT-INTEGRATED-DEVELOPMENT-PLAN-28_02_2025.pdf|idp|2025|both|39|text_fallback|District was realigned to Muchinga province from Eastern Province after the
CHAMA-DISTRICT-INTEGRATED-DEVELOPMENT-PLAN-28_02_2025.pdf|idp|2025|both|39|text_fallback|creation of Muchinga Province under the Patriotic Front administration.
CHAMA-DISTRICT-INTEGRATED-DEVELOPMENT-PLAN-28_02_2025.pdf|idp|2025|both|39|text_fallback|Administratively, Chama District was taken back to Eastern Province under the
CHAMA-DISTRICT-INTEGRATED-DEVELOPMENT-PLAN-28_02_2025.pdf|idp|2025|both|39|text_fallback|United Party for National Development in 2021. Chama district has two (2)
CHAMA-DISTRICT-INTEGRATED-DEVELOPMENT-PLAN-28_02_2025.pdf|idp|2025|both|39|text_fallback|constituencies named Chama North which is demarcated into thirteen (13)
CHAMA-DISTRICT-INTEGRATED-DEVELOPMENT-PLAN-28_02_2025.pdf|idp|2025|both|39|text_fallback|9
CHAMA-DISTRICT-INTEGRATED-DEVELOPMENT-PLAN-28_02_2025.pdf|idp|2025|both|40|text_fallback|administrative Wards and Chama South Constituency with eleven (11) wards, with
CHAMA-DISTRICT-INTEGRATED-DEVELOPMENT-PLAN-28_02_2025.pdf|idp|2025|both|40|text_fallback|each Ward coordinated by an Area Councilor who is elected every 5 five years
CHAMA-DISTRICT-INTEGRATED-DEVELOPMENT-PLAN-28_02_2025.pdf|idp|2025|both|40|text_fallback|in accordance with the Local Government electoral system in Zambia.
CHAMA-DISTRICT-INTEGRATED-DEVELOPMENT-PLAN-28_02_2025.pdf|idp|2025|both|40|text_fallback|The total twenty-four (24) Ward Councilors constitute a Council headed by the
CHAMA-DISTRICT-INTEGRATED-DEVELOPMENT-PLAN-28_02_2025.pdf|idp|2025|both|40|text_fallback|Council Chairperson forming the district legislative structure responsible for;
CHAMA-DISTRICT-INTEGRATED-DEVELOPMENT-PLAN-28_02_2025.pdf|idp|2025|both|40|text_fallback|overseeing Programmes and projects in the district, making by – laws,
CHAMA-DISTRICT-INTEGRATED-DEVELOPMENT-PLAN-28_02_2025.pdf|idp|2025|both|40|text_fallback|administering the district and performing other prescribed functions. The Council
CHAMA-DISTRICT-INTEGRATED-DEVELOPMENT-PLAN-28_02_2025.pdf|idp|2025|both|40|text_fallback|is supported by management headed by the Council Secretary who is supported
CHAMA-DISTRICT-INTEGRATED-DEVELOPMENT-PLAN-28_02_2025.pdf|idp|2025|both|40|text_fallback|by technical and administrative personnel responsible for general administration
CHAMA-DISTRICT-INTEGRATED-DEVELOPMENT-PLAN-28_02_2025.pdf|idp|2025|both|40|text_fallback|and policy interpretation and implementation.
CHAMA-DISTRICT-INTEGRATED-DEVELOPMENT-PLAN-28_02_2025.pdf|idp|2025|both|40|text_fallback|The twenty-four (24) wards are subdivided into 91 zones with each ward having a
CHAMA-DISTRICT-INTEGRATED-DEVELOPMENT-PLAN-28_02_2025.pdf|idp|2025|both|40|text_fallback|sub-district governance structure called Ward Development Committee (WDC)
CHAMA-DISTRICT-INTEGRATED-DEVELOPMENT-PLAN-28_02_2025.pdf|idp|2025|both|40|text_fallback|which acts as a link between local communities and the Local Authority (LA). The
CHAMA-DISTRICT-INTEGRATED-DEVELOPMENT-PLAN-28_02_2025.pdf|idp|2025|both|40|text_fallback|WDCs are non-political and members are democratically elected by the
CHAMA-DISTRICT-INTEGRATED-DEVELOPMENT-PLAN-28_02_2025.pdf|idp|2025|both|40|text_fallback|community. These are headed by Chairpersons who are assisted by executive
CHAMA-DISTRICT-INTEGRATED-DEVELOPMENT-PLAN-28_02_2025.pdf|idp|2025|both|40|text_fallback|members and zonal representatives. This decentralized and democratized level
CHAMA-DISTRICT-INTEGRATED-DEVELOPMENT-PLAN-28_02_2025.pdf|idp|2025|both|40|text_fallback|of governance has been facilitating high level of consultation and active
CHAMA-DISTRICT-INTEGRATED-DEVELOPMENT-PLAN-28_02_2025.pdf|idp|2025|both|40|text_fallback|participation of local people in the development process in the district. Like other
CHAMA-DISTRICT-INTEGRATED-DEVELOPMENT-PLAN-28_02_2025.pdf|idp|2025|both|40|text_fallback|constituencies Chama North and Chama South Constituencies’ developmental
CHAMA-DISTRICT-INTEGRATED-DEVELOPMENT-PLAN-28_02_2025.pdf|idp|2025|both|40|text_fallback|aspirations are represented by two area Member of Parliaments (MPs) in the
CHAMA-DISTRICT-INTEGRATED-DEVELOPMENT-PLAN-28_02_2025.pdf|idp|2025|both|40|text_fallback|Legislature arm of governance at national level.
CHAMA-DISTRICT-INTEGRATED-DEVELOPMENT-PLAN-28_02_2025.pdf|idp|2025|both|40|text_fallback|District Administration
CHAMA-DISTRICT-INTEGRATED-DEVELOPMENT-PLAN-28_02_2025.pdf|idp|2025|both|40|text_fallback|The District Administration is headed by the District Commissioner who co-
CHAMA-DISTRICT-INTEGRATED-DEVELOPMENT-PLAN-28_02_2025.pdf|idp|2025|both|40|text_fallback|ordinates Central Government functions and all developmental activities as well
CHAMA-DISTRICT-INTEGRATED-DEVELOPMENT-PLAN-28_02_2025.pdf|idp|2025|both|40|text_fallback|as harmonizing functions with those of local authorities and other line ministries in
CHAMA-DISTRICT-INTEGRATED-DEVELOPMENT-PLAN-28_02_2025.pdf|idp|2025|both|40|text_fallback|order to ensure effective implementation of developmental Programmes in the
CHAMA-DISTRICT-INTEGRATED-DEVELOPMENT-PLAN-28_02_2025.pdf|idp|2025|both|40|text_fallback|10
CHAMA-DISTRICT-INTEGRATED-DEVELOPMENT-PLAN-28_02_2025.pdf|idp|2025|both|41|text_fallback|district. The District Commissioner is supported by Heads of Government
CHAMA-DISTRICT-INTEGRATED-DEVELOPMENT-PLAN-28_02_2025.pdf|idp|2025|both|41|text_fallback|Departments from various line Ministries and sectors who report directly or through
CHAMA-DISTRICT-INTEGRATED-DEVELOPMENT-PLAN-28_02_2025.pdf|idp|2025|both|41|text_fallback|quarterly District Development Coordinating Committee (DDCC) meetings.
CHAMA-DISTRICT-INTEGRATED-DEVELOPMENT-PLAN-28_02_2025.pdf|idp|2025|both|41|text_fallback|11
CHAMA-DISTRICT-INTEGRATED-DEVELOPMENT-PLAN-28_02_2025.pdf|idp|2025|both|42|text_fallback|PART TWO: PLANNING SURVEY AND ISSUES REPORT
CHAMA-DISTRICT-INTEGRATED-DEVELOPMENT-PLAN-28_02_2025.pdf|idp|2025|both|42|text_fallback|Introduction
CHAMA-DISTRICT-INTEGRATED-DEVELOPMENT-PLAN-28_02_2025.pdf|idp|2025|both|42|text_fallback|The Planning Survey and Issues Report establish the key issues that define the
CHAMA-DISTRICT-INTEGRATED-DEVELOPMENT-PLAN-28_02_2025.pdf|idp|2025|both|42|text_fallback|current situation and problems context for Chama District. The key section of this
CHAMA-DISTRICT-INTEGRATED-DEVELOPMENT-PLAN-28_02_2025.pdf|idp|2025|both|42|text_fallback|part in the formulation of the Integrated Development Plan is that, it is
CHAMA-DISTRICT-INTEGRATED-DEVELOPMENT-PLAN-28_02_2025.pdf|idp|2025|both|42|text_fallback|characterized by different stakeholders in the district. This process ensures
CHAMA-DISTRICT-INTEGRATED-DEVELOPMENT-PLAN-28_02_2025.pdf|idp|2025|both|42|text_fallback|innovativeness from ideas from stakeholders and ownership, focused on
CHAMA-DISTRICT-INTEGRATED-DEVELOPMENT-PLAN-28_02_2025.pdf|idp|2025|both|42|text_fallback|improving and strengthening service delivering, reducing poverty and well-
CHAMA-DISTRICT-INTEGRATED-DEVELOPMENT-PLAN-28_02_2025.pdf|idp|2025|both|42|text_fallback|planned infrastructure developments in the district. This chapter reviews the
CHAMA-DISTRICT-INTEGRATED-DEVELOPMENT-PLAN-28_02_2025.pdf|idp|2025|both|42|text_fallback|existing plans, policies and strategies and further analyses the empirical and
CHAMA-DISTRICT-INTEGRATED-DEVELOPMENT-PLAN-28_02_2025.pdf|idp|2025|both|42|text_fallback|spatial data of various sectors to identify cross cutting issues. This will inform
CHAMA-DISTRICT-INTEGRATED-DEVELOPMENT-PLAN-28_02_2025.pdf|idp|2025|both|42|text_fallback|formulation of the development framework that will help in addressing the core
CHAMA-DISTRICT-INTEGRATED-DEVELOPMENT-PLAN-28_02_2025.pdf|idp|2025|both|42|text_fallback|problems that will be established.
CHAMA-DISTRICT-INTEGRATED-DEVELOPMENT-PLAN-28_02_2025.pdf|idp|2025|both|42|text_fallback|Demographic Analysis
CHAMA-DISTRICT-INTEGRATED-DEVELOPMENT-PLAN-28_02_2025.pdf|idp|2025|both|42|text_fallback|Historic Population Levels and Historic Population Growth Rates
CHAMA-DISTRICT-INTEGRATED-DEVELOPMENT-PLAN-28_02_2025.pdf|idp|2025|both|42|text_fallback|In Chama district, the population has been gradually growing from 55,172 people
CHAMA-DISTRICT-INTEGRATED-DEVELOPMENT-PLAN-28_02_2025.pdf|idp|2025|both|42|text_fallback|in 1990 to 74,890 in 2000 with an annual average growth rate of 3.1 percent.
CHAMA-DISTRICT-INTEGRATED-DEVELOPMENT-PLAN-28_02_2025.pdf|idp|2025|both|42|text_fallback|Further, the population grew from 103,894 in 2010 to 140,784 in 2022 (CSO, 2022)
CHAMA-DISTRICT-INTEGRATED-DEVELOPMENT-PLAN-28_02_2025.pdf|idp|2025|both|42|text_fallback|with an annual growth rate of 2.5%. The 2022 distribution of the population by
CHAMA-DISTRICT-INTEGRATED-DEVELOPMENT-PLAN-28_02_2025.pdf|idp|2025|both|42|text_fallback|ward is depicted in Table 2.
CHAMA-DISTRICT-INTEGRATED-DEVELOPMENT-PLAN-28_02_2025.pdf|idp|2025|both|42|text_fallback|The disparity between the two population ranges is significant. The district’s ward
CHAMA-DISTRICT-INTEGRATED-DEVELOPMENT-PLAN-28_02_2025.pdf|idp|2025|both|42|text_fallback|with the highest population is Kamphemba, while the smallest is Chipala. This is
CHAMA-DISTRICT-INTEGRATED-DEVELOPMENT-PLAN-28_02_2025.pdf|idp|2025|both|42|text_fallback|due to the fact that Kamphemba ward is the most urbanized, with adequate
CHAMA-DISTRICT-INTEGRATED-DEVELOPMENT-PLAN-28_02_2025.pdf|idp|2025|both|42|text_fallback|12
CHAMA-DISTRICT-INTEGRATED-DEVELOPMENT-PLAN-28_02_2025.pdf|idp|2025|both|43|text_fallback|basic goods and amenities to attract huge populations. Above all, it serves as the
CHAMA-DISTRICT-INTEGRATED-DEVELOPMENT-PLAN-28_02_2025.pdf|idp|2025|both|43|text_fallback|district administrative headquarters and a hub for business activity.
CHAMA-DISTRICT-INTEGRATED-DEVELOPMENT-PLAN-28_02_2025.pdf|idp|2025|both|43|text_fallback|Conversely, Chipala is situated across Luangwa River that restricts development,
CHAMA-DISTRICT-INTEGRATED-DEVELOPMENT-PLAN-28_02_2025.pdf|idp|2025|both|43|text_fallback|features remote communities with smaller household sizes, is technically
CHAMA-DISTRICT-INTEGRATED-DEVELOPMENT-PLAN-28_02_2025.pdf|idp|2025|both|43|text_fallback|considered a wildlife corridor/hotspot, as evidenced by the high number of
CHAMA-DISTRICT-INTEGRATED-DEVELOPMENT-PLAN-28_02_2025.pdf|idp|2025|both|43|text_fallback|conflicts between humans and wildlife. During rainfall, the ward becomes
CHAMA-DISTRICT-INTEGRATED-DEVELOPMENT-PLAN-28_02_2025.pdf|idp|2025|both|43|text_fallback|inaccessible with roads and people migrate out of the area during rain seasons
CHAMA-DISTRICT-INTEGRATED-DEVELOPMENT-PLAN-28_02_2025.pdf|idp|2025|both|43|text_fallback|as it becomes very difficult to access other neighboring wards for services like
CHAMA-DISTRICT-INTEGRATED-DEVELOPMENT-PLAN-28_02_2025.pdf|idp|2025|both|43|text_fallback|schools and healthcare services. These elements have had a part in Chipala
CHAMA-DISTRICT-INTEGRATED-DEVELOPMENT-PLAN-28_02_2025.pdf|idp|2025|both|43|text_fallback|Ward's low population.
CHAMA-DISTRICT-INTEGRATED-DEVELOPMENT-PLAN-28_02_2025.pdf|idp|2025|both|43|text_fallback|13
CHAMA-DISTRICT-INTEGRATED-DEVELOPMENT-PLAN-28_02_2025.pdf|idp|2025|both|44|table|"PROVINCE/DI
STRICT/
CONSTITUEN
CY/WARD | TOTAL |  |  | RURAL |  |  | URBAN |  |  | AREA AND POPULATION
DENSITY | "
CHAMA-DISTRICT-INTEGRATED-DEVELOPMENT-PLAN-28_02_2025.pdf|idp|2025|both|44|table|" | BOTH
SEXES | MALE | FEMALE | SEXES
BOTH | MALE | FEMALE | SEXES
BOTH | MALE | FEMALE | Area in
km² | Population density"
CHAMA-DISTRICT-INTEGRATED-DEVELOPMENT-PLAN-28_02_2025.pdf|idp|2025|both|44|table|"CHAMA
DISTRICT | 140,784 | 68,978 | 71,806 | 127,861 | 62,770 | 65,091 | 12,923 | 6,208 | 6,715 | 17,472.8 | 8.1"
CHAMA-DISTRICT-INTEGRATED-DEVELOPMENT-PLAN-28_02_2025.pdf|idp|2025|both|44|table|"Chama
North | 83,781 | 41,063 | 42,718 | 70,858 | 34,855 | 36,003 | 12,923 | 6,208 | 6,715 | 10823.7 | 7.74"
CHAMA-DISTRICT-INTEGRATED-DEVELOPMENT-PLAN-28_02_2025.pdf|idp|2025|both|44|table|"Chisunga | 4,686 | 2,334 | 2,352 | 4,686 | 2,334 | 2,352 | - | - | - | 1555.5 | 3.01"
CHAMA-DISTRICT-INTEGRATED-DEVELOPMENT-PLAN-28_02_2025.pdf|idp|2025|both|44|table|"Kalinkhu | 7,280 | 3,517 | 3,763 | 7,280 | 3,517 | 3,763 | - | - | - | 406.2 | 17.92"
CHAMA-DISTRICT-INTEGRATED-DEVELOPMENT-PLAN-28_02_2025.pdf|idp|2025|both|44|table|"Kamphemba | 17,392 | 8,416 | 8,976 | 4,469 | 2,208 | 2,261 | 12,923 | 6,208 | 6,715 | 72.1 | 241.22"
CHAMA-DISTRICT-INTEGRATED-DEVELOPMENT-PLAN-28_02_2025.pdf|idp|2025|both|44|table|"Kaozi | 8,908 | 4,341 | 4,567 | 8,908 | 4,341 | 4,567 | - | - | - | 184.8 | 48.2"
CHAMA-DISTRICT-INTEGRATED-DEVELOPMENT-PLAN-28_02_2025.pdf|idp|2025|both|44|table|"Luangwa | 3,947 | 1,987 | 1,960 | 3,947 | 1,987 | 1,960 | - | - | - | 1042.2 | 3.79"
CHAMA-DISTRICT-INTEGRATED-DEVELOPMENT-PLAN-28_02_2025.pdf|idp|2025|both|44|table|"Manthepa | 2,033 | 983 | 1,050 | 2,033 | 983 | 1,050 | - | - | - | 151.4 | 13.43"
CHAMA-DISTRICT-INTEGRATED-DEVELOPMENT-PLAN-28_02_2025.pdf|idp|2025|both|44|table|"Mazonde | 1,755 | 880 | 875 | 1,755 | 880 | 875 | - | - | - | 1154.7 | 1.52"
CHAMA-DISTRICT-INTEGRATED-DEVELOPMENT-PLAN-28_02_2025.pdf|idp|2025|both|44|table|"Mbazi | 5,932 | 2,948 | 2,984 | 5,932 | 2,948 | 2,984 | - | - | - | 175.3 | 33.84"
CHAMA-DISTRICT-INTEGRATED-DEVELOPMENT-PLAN-28_02_2025.pdf|idp|2025|both|44|table|"Mphalausen
ga | 6,703 | 3,276 | 3,427 | 6,703 | 3,276 | 3,427 | - | - | - | 816 | 8.21"
CHAMA-DISTRICT-INTEGRATED-DEVELOPMENT-PLAN-28_02_2025.pdf|idp|2025|both|44|table|"Muchinga | 5,156 | 2,555 | 2,601 | 5,156 | 2,555 | 2,601 | - | - | - | 3497.5 | 1.47"
CHAMA-DISTRICT-INTEGRATED-DEVELOPMENT-PLAN-28_02_2025.pdf|idp|2025|both|44|table|"Mwalala | 7,719 | 3,810 | 3,909 | 7,719 | 3,810 | 3,909 | - | - | - | 832.8 | 9.27"
CHAMA-DISTRICT-INTEGRATED-DEVELOPMENT-PLAN-28_02_2025.pdf|idp|2025|both|44|table|"Ndunda | 2,386 | 1,173 | 1,213 | 2,386 | 1,173 | 1,213 | - | - | - | 265.2 | 9.0"
CHAMA-DISTRICT-INTEGRATED-DEVELOPMENT-PLAN-28_02_2025.pdf|idp|2025|both|44|table|"Nkhankha | 9,884 | 4,843 | 5,041 | 9,884 | 4,843 | 5,041 | - | - | - | 773.8 | 12.77"
CHAMA-DISTRICT-INTEGRATED-DEVELOPMENT-PLAN-28_02_2025.pdf|idp|2025|both|44|table|"Chama
South | 57,003 | 27,915 | 29,088 | 57,003 | 27,915 | 29,088 | - | - | - | 6546.2 | 8.71"
CHAMA-DISTRICT-INTEGRATED-DEVELOPMENT-PLAN-28_02_2025.pdf|idp|2025|both|44|table|"Bazimu | 4,499 | 2,282 | 2,217 | 4,499 | 2,282 | 2,217 | - | - | - | 149.8 | 30.03"
CHAMA-DISTRICT-INTEGRATED-DEVELOPMENT-PLAN-28_02_2025.pdf|idp|2025|both|44|table|"Chibungwe | 3,541 | 1,742 | 1,799 | 3,541 | 1,742 | 1,799 | - | - | - | 503.7 | 7.03"
CHAMA-DISTRICT-INTEGRATED-DEVELOPMENT-PLAN-28_02_2025.pdf|idp|2025|both|44|table|"Chilenje | 6,453 | 3,158 | 3,295 | 6,453 | 3,158 | 3,295 | - | - | - | 893.4 | 7.22"
CHAMA-DISTRICT-INTEGRATED-DEVELOPMENT-PLAN-28_02_2025.pdf|idp|2025|both|44|table|"Chilubaluba | 3,376 | 1,625 | 1,751 | 3,376 | 1,625 | 1,751 | - | - | - | 319.2 | 10.58"
CHAMA-DISTRICT-INTEGRATED-DEVELOPMENT-PLAN-28_02_2025.pdf|idp|2025|both|44|table|"Chipala | 1,591 | 785 | 806 | 1,591 | 785 | 806 | - | - | - | 1124 | 1.42"
CHAMA-DISTRICT-INTEGRATED-DEVELOPMENT-PLAN-28_02_2025.pdf|idp|2025|both|44|table|"Lumezi | 6,503 | 3,197 | 3,306 | 6,503 | 3,197 | 3,306 | - | - | - | 492.6 | 13.20"
CHAMA-DISTRICT-INTEGRATED-DEVELOPMENT-PLAN-28_02_2025.pdf|idp|2025|both|45|table|"Lunzi | 9,789 | 4,820 | 4,969 | 9,789 | 4,820 | 4,969 | - | - | - | 695.8 | 14.07"
CHAMA-DISTRICT-INTEGRATED-DEVELOPMENT-PLAN-28_02_2025.pdf|idp|2025|both|45|table|"Lupamazi | 2,507 | 1,196 | 1,311 | 2,507 | 1,196 | 1,311 | - | - | - | 88.7 | 28.26"
CHAMA-DISTRICT-INTEGRATED-DEVELOPMENT-PLAN-28_02_2025.pdf|idp|2025|both|45|table|"Mabinga | 8,218 | 4,013 | 4,205 | 8,218 | 4,013 | 4,205 | - | - | - | 459.8 | 17.87"
CHAMA-DISTRICT-INTEGRATED-DEVELOPMENT-PLAN-28_02_2025.pdf|idp|2025|both|45|table|"Mapamba | 4,447 | 2,136 | 2,311 | 4,447 | 2,136 | 2,311 | - | - | - | 690.8 | 6.44"
CHAMA-DISTRICT-INTEGRATED-DEVELOPMENT-PLAN-28_02_2025.pdf|idp|2025|both|45|table|"Vilimukulu | 6,079 | 2,961 | 3,118 | 6,079 | 2,961 | 3,118 | - | - | - | 1128.4 | 5.39"
CHAMA-DISTRICT-INTEGRATED-DEVELOPMENT-PLAN-28_02_2025.pdf|idp|2025|both|46|text_fallback|Population Density at Ward Level
CHAMA-DISTRICT-INTEGRATED-DEVELOPMENT-PLAN-28_02_2025.pdf|idp|2025|both|46|text_fallback|Population density is calculated as the total number of people per square
CHAMA-DISTRICT-INTEGRATED-DEVELOPMENT-PLAN-28_02_2025.pdf|idp|2025|both|46|text_fallback|kilometer. The Chama district covers 17,472.8 square kilometers. Between 1990
CHAMA-DISTRICT-INTEGRATED-DEVELOPMENT-PLAN-28_02_2025.pdf|idp|2025|both|46|text_fallback|and 2022, Chama's population per square kilometer increased. According to CSO
CHAMA-DISTRICT-INTEGRATED-DEVELOPMENT-PLAN-28_02_2025.pdf|idp|2025|both|46|text_fallback|(2022), Chama district's population density has risen from 3.1 in 1990 to 4.2 in 2000,
CHAMA-DISTRICT-INTEGRATED-DEVELOPMENT-PLAN-28_02_2025.pdf|idp|2025|both|46|text_fallback|5.9 in 2010, and 8.1 in 2022. Despite the sluggish rate of development in population
CHAMA-DISTRICT-INTEGRATED-DEVELOPMENT-PLAN-28_02_2025.pdf|idp|2025|both|46|text_fallback|per square kilometer, the meaning of this expansion is the need to plan for
CHAMA-DISTRICT-INTEGRATED-DEVELOPMENT-PLAN-28_02_2025.pdf|idp|2025|both|46|text_fallback|adequate services for an expanding population.
CHAMA-DISTRICT-INTEGRATED-DEVELOPMENT-PLAN-28_02_2025.pdf|idp|2025|both|46|text_fallback|In terms of wards, Kamphemba and Kaozi are the most densely populated wards
CHAMA-DISTRICT-INTEGRATED-DEVELOPMENT-PLAN-28_02_2025.pdf|idp|2025|both|46|text_fallback|whilst Chipala and Muchinga are the least highly populated wards. These
CHAMA-DISTRICT-INTEGRATED-DEVELOPMENT-PLAN-28_02_2025.pdf|idp|2025|both|46|text_fallback|extreme cases like Kamphemba which are densely populated and as such, more
CHAMA-DISTRICT-INTEGRATED-DEVELOPMENT-PLAN-28_02_2025.pdf|idp|2025|both|46|text_fallback|sources have to be channeled towards service provision to ensure that the high
CHAMA-DISTRICT-INTEGRATED-DEVELOPMENT-PLAN-28_02_2025.pdf|idp|2025|both|46|text_fallback|population density does not negatively affect the environment. With high
CHAMA-DISTRICT-INTEGRATED-DEVELOPMENT-PLAN-28_02_2025.pdf|idp|2025|both|46|text_fallback|population density, outbreaks of diseases tend to be high followed by other
CHAMA-DISTRICT-INTEGRATED-DEVELOPMENT-PLAN-28_02_2025.pdf|idp|2025|both|46|text_fallback|negative vices. For least populated wards like Chipala, they would be inefficient
CHAMA-DISTRICT-INTEGRATED-DEVELOPMENT-PLAN-28_02_2025.pdf|idp|2025|both|46|text_fallback|resource allocation to the wards to service sparsely populated communities.
CHAMA-DISTRICT-INTEGRATED-DEVELOPMENT-PLAN-28_02_2025.pdf|idp|2025|both|46|text_fallback|Map 1 illustrates how population density is according to wards and populations
CHAMA-DISTRICT-INTEGRATED-DEVELOPMENT-PLAN-28_02_2025.pdf|idp|2025|both|46|text_fallback|between around 10,000 and 15,596; the darker tint denotes the district’s highest
CHAMA-DISTRICT-INTEGRATED-DEVELOPMENT-PLAN-28_02_2025.pdf|idp|2025|both|46|text_fallback|population concentration, whereas the lowest-populated areas have
CHAMA-DISTRICT-INTEGRATED-DEVELOPMENT-PLAN-28_02_2025.pdf|idp|2025|both|46|text_fallback|populations between 1,000 and 2,500.
CHAMA-DISTRICT-INTEGRATED-DEVELOPMENT-PLAN-28_02_2025.pdf|idp|2025|both|46|text_fallback|16
CHAMA-DISTRICT-INTEGRATED-DEVELOPMENT-PLAN-28_02_2025.pdf|idp|2025|both|47|text_fallback|Map 1: Population Density by Ward
CHAMA-DISTRICT-INTEGRATED-DEVELOPMENT-PLAN-28_02_2025.pdf|idp|2025|both|47|text_fallback|Source: Chama Town Council (2022)
CHAMA-DISTRICT-INTEGRATED-DEVELOPMENT-PLAN-28_02_2025.pdf|idp|2025|both|47|text_fallback|17
CHAMA-DISTRICT-INTEGRATED-DEVELOPMENT-PLAN-28_02_2025.pdf|idp|2025|both|48|text_fallback|Population and Population Growth Rates of Urban and Rural Areas
CHAMA-DISTRICT-INTEGRATED-DEVELOPMENT-PLAN-28_02_2025.pdf|idp|2025|both|48|text_fallback|In 2010 rural to urban population ratio was 96,865 to 7,029 inhabitants which
CHAMA-DISTRICT-INTEGRATED-DEVELOPMENT-PLAN-28_02_2025.pdf|idp|2025|both|48|text_fallback|represent 93.2 and 6.8 percent respectively. In 2022 the rural to urban population
CHAMA-DISTRICT-INTEGRATED-DEVELOPMENT-PLAN-28_02_2025.pdf|idp|2025|both|48|text_fallback|ratio changed to 91 to 9 percent. Further, the District has a higher proportion of
CHAMA-DISTRICT-INTEGRATED-DEVELOPMENT-PLAN-28_02_2025.pdf|idp|2025|both|48|text_fallback|women than men, and 93% of the population lives in rural regions (Figure 2). Due
CHAMA-DISTRICT-INTEGRATED-DEVELOPMENT-PLAN-28_02_2025.pdf|idp|2025|both|48|text_fallback|to the job and business opportunities brought about by the expansion of
CHAMA-DISTRICT-INTEGRATED-DEVELOPMENT-PLAN-28_02_2025.pdf|idp|2025|both|48|text_fallback|commercial activity, people from both outside and inside the district have
CHAMA-DISTRICT-INTEGRATED-DEVELOPMENT-PLAN-28_02_2025.pdf|idp|2025|both|48|text_fallback|emigrated, resulting in this urban population distribution pattern. This tendency
CHAMA-DISTRICT-INTEGRATED-DEVELOPMENT-PLAN-28_02_2025.pdf|idp|2025|both|48|text_fallback|suggests that the area possesses human capital that may lead the district’s
CHAMA-DISTRICT-INTEGRATED-DEVELOPMENT-PLAN-28_02_2025.pdf|idp|2025|both|48|text_fallback|growth and that a greater proportion of the district’s population lives in rural
CHAMA-DISTRICT-INTEGRATED-DEVELOPMENT-PLAN-28_02_2025.pdf|idp|2025|both|48|text_fallback|areas, indicating and requiring that a large portion of development initiatives and
CHAMA-DISTRICT-INTEGRATED-DEVELOPMENT-PLAN-28_02_2025.pdf|idp|2025|both|48|text_fallback|shares be directed at the rural population.
CHAMA-DISTRICT-INTEGRATED-DEVELOPMENT-PLAN-28_02_2025.pdf|idp|2025|both|48|text_fallback|Urban/Rural Population Composition of
CHAMA-DISTRICT-INTEGRATED-DEVELOPMENT-PLAN-28_02_2025.pdf|idp|2025|both|48|text_fallback|Chama District by Sex for 2010 and 2022
CHAMA-DISTRICT-INTEGRATED-DEVELOPMENT-PLAN-28_02_2025.pdf|idp|2025|both|48|text_fallback|Census
CHAMA-DISTRICT-INTEGRATED-DEVELOPMENT-PLAN-28_02_2025.pdf|idp|2025|both|48|text_fallback|160000
CHAMA-DISTRICT-INTEGRATED-DEVELOPMENT-PLAN-28_02_2025.pdf|idp|2025|both|48|text_fallback|140000
CHAMA-DISTRICT-INTEGRATED-DEVELOPMENT-PLAN-28_02_2025.pdf|idp|2025|both|48|text_fallback|120000
CHAMA-DISTRICT-INTEGRATED-DEVELOPMENT-PLAN-28_02_2025.pdf|idp|2025|both|48|text_fallback|100000
CHAMA-DISTRICT-INTEGRATED-DEVELOPMENT-PLAN-28_02_2025.pdf|idp|2025|both|48|text_fallback|Overall
CHAMA-DISTRICT-INTEGRATED-DEVELOPMENT-PLAN-28_02_2025.pdf|idp|2025|both|48|text_fallback|80000
CHAMA-DISTRICT-INTEGRATED-DEVELOPMENT-PLAN-28_02_2025.pdf|idp|2025|both|48|text_fallback|Rural
CHAMA-DISTRICT-INTEGRATED-DEVELOPMENT-PLAN-28_02_2025.pdf|idp|2025|both|48|text_fallback|60000
CHAMA-DISTRICT-INTEGRATED-DEVELOPMENT-PLAN-28_02_2025.pdf|idp|2025|both|48|text_fallback|Urban
CHAMA-DISTRICT-INTEGRATED-DEVELOPMENT-PLAN-28_02_2025.pdf|idp|2025|both|48|text_fallback|40000
CHAMA-DISTRICT-INTEGRATED-DEVELOPMENT-PLAN-28_02_2025.pdf|idp|2025|both|48|text_fallback|20000
CHAMA-DISTRICT-INTEGRATED-DEVELOPMENT-PLAN-28_02_2025.pdf|idp|2025|both|48|text_fallback|0
CHAMA-DISTRICT-INTEGRATED-DEVELOPMENT-PLAN-28_02_2025.pdf|idp|2025|both|48|text_fallback|Overall Male Female Overall Male Female
CHAMA-DISTRICT-INTEGRATED-DEVELOPMENT-PLAN-28_02_2025.pdf|idp|2025|both|48|text_fallback|Population Size 2010 Population size 2022
CHAMA-DISTRICT-INTEGRATED-DEVELOPMENT-PLAN-28_02_2025.pdf|idp|2025|both|48|text_fallback|Figure 2: Urban/Rural Population Composition of Chama District by Sex
CHAMA-DISTRICT-INTEGRATED-DEVELOPMENT-PLAN-28_02_2025.pdf|idp|2025|both|48|text_fallback|Source: CSO (2022)
CHAMA-DISTRICT-INTEGRATED-DEVELOPMENT-PLAN-28_02_2025.pdf|idp|2025|both|48|text_fallback|18
CHAMA-DISTRICT-INTEGRATED-DEVELOPMENT-PLAN-28_02_2025.pdf|idp|2025|both|49|text_fallback|Population Distribution by Sex
CHAMA-DISTRICT-INTEGRATED-DEVELOPMENT-PLAN-28_02_2025.pdf|idp|2025|both|49|text_fallback|The Figure 2 illustrates the population distribution by sex, among males and
CHAMA-DISTRICT-INTEGRATED-DEVELOPMENT-PLAN-28_02_2025.pdf|idp|2025|both|49|text_fallback|females of all ages in Chama District as of 2022. The population for the number of
CHAMA-DISTRICT-INTEGRATED-DEVELOPMENT-PLAN-28_02_2025.pdf|idp|2025|both|49|text_fallback|females was estimated at 71,616 while the overall estimated population for males
CHAMA-DISTRICT-INTEGRATED-DEVELOPMENT-PLAN-28_02_2025.pdf|idp|2025|both|49|text_fallback|was estimated at 68,710. In comparison to the 2010 census Chama still had a
CHAMA-DISTRICT-INTEGRATED-DEVELOPMENT-PLAN-28_02_2025.pdf|idp|2025|both|49|text_fallback|higher number of females compared to males, which was at 48.1 for males per
CHAMA-DISTRICT-INTEGRATED-DEVELOPMENT-PLAN-28_02_2025.pdf|idp|2025|both|49|text_fallback|and 51.9 percent for females.
CHAMA-DISTRICT-INTEGRATED-DEVELOPMENT-PLAN-28_02_2025.pdf|idp|2025|both|49|text_fallback|Implications of a Large Female and Rural Population
CHAMA-DISTRICT-INTEGRATED-DEVELOPMENT-PLAN-28_02_2025.pdf|idp|2025|both|49|text_fallback|The representation of more female suggests that women's demands and
CHAMA-DISTRICT-INTEGRATED-DEVELOPMENT-PLAN-28_02_2025.pdf|idp|2025|both|49|text_fallback|empowerment initiatives, particularly in the fields of economics and governance,
CHAMA-DISTRICT-INTEGRATED-DEVELOPMENT-PLAN-28_02_2025.pdf|idp|2025|both|49|text_fallback|must receive significant attention in order to reduce women's vulnerability and
CHAMA-DISTRICT-INTEGRATED-DEVELOPMENT-PLAN-28_02_2025.pdf|idp|2025|both|49|text_fallback|reliance on men to almost nothing. One of the most vulnerable groups in society,
CHAMA-DISTRICT-INTEGRATED-DEVELOPMENT-PLAN-28_02_2025.pdf|idp|2025|both|49|text_fallback|particularly in rural areas, is women. Given that a significant majority of Chama's
CHAMA-DISTRICT-INTEGRATED-DEVELOPMENT-PLAN-28_02_2025.pdf|idp|2025|both|49|text_fallback|population lives in rural areas, policy implications for promoting gender equality,
CHAMA-DISTRICT-INTEGRATED-DEVELOPMENT-PLAN-28_02_2025.pdf|idp|2025|both|49|text_fallback|equity, and women's empowerment must be the main focus of population and
CHAMA-DISTRICT-INTEGRATED-DEVELOPMENT-PLAN-28_02_2025.pdf|idp|2025|both|49|text_fallback|development-related initiatives.
CHAMA-DISTRICT-INTEGRATED-DEVELOPMENT-PLAN-28_02_2025.pdf|idp|2025|both|49|text_fallback|Approximately 90.8% of the district’s population lives in rural areas, with only 9.2%
CHAMA-DISTRICT-INTEGRATED-DEVELOPMENT-PLAN-28_02_2025.pdf|idp|2025|both|49|text_fallback|residing in urban areas. This suggests that a greater proportion of the district’s
CHAMA-DISTRICT-INTEGRATED-DEVELOPMENT-PLAN-28_02_2025.pdf|idp|2025|both|49|text_fallback|population resides in rural areas, highlighting the need to focus development
CHAMA-DISTRICT-INTEGRATED-DEVELOPMENT-PLAN-28_02_2025.pdf|idp|2025|both|49|text_fallback|efforts and distributions on the rural populace. Given the aforementioned, the
CHAMA-DISTRICT-INTEGRATED-DEVELOPMENT-PLAN-28_02_2025.pdf|idp|2025|both|49|text_fallback|rural populace lacks the resources and opportunity necessary to urbanize and
CHAMA-DISTRICT-INTEGRATED-DEVELOPMENT-PLAN-28_02_2025.pdf|idp|2025|both|49|text_fallback|afford a well-served urban lifestyle. More people are forced to live in rural regions
CHAMA-DISTRICT-INTEGRATED-DEVELOPMENT-PLAN-28_02_2025.pdf|idp|2025|both|49|text_fallback|and engage in labor-intensive, subsistence-based income-generating activities
CHAMA-DISTRICT-INTEGRATED-DEVELOPMENT-PLAN-28_02_2025.pdf|idp|2025|both|49|text_fallback|that are mostly agrarian and largely unsustainable due to a lack of traits like
CHAMA-DISTRICT-INTEGRATED-DEVELOPMENT-PLAN-28_02_2025.pdf|idp|2025|both|49|text_fallback|contemporary agricultural skills, entrepreneurial abilities, professional career
CHAMA-DISTRICT-INTEGRATED-DEVELOPMENT-PLAN-28_02_2025.pdf|idp|2025|both|49|text_fallback|achievement, etc. To put it another way, individuals lack the skills necessary to
CHAMA-DISTRICT-INTEGRATED-DEVELOPMENT-PLAN-28_02_2025.pdf|idp|2025|both|49|text_fallback|19
CHAMA-DISTRICT-INTEGRATED-DEVELOPMENT-PLAN-28_02_2025.pdf|idp|2025|both|50|text_fallback|find work, and urban investment activities are unable to accommodate them. In
CHAMA-DISTRICT-INTEGRATED-DEVELOPMENT-PLAN-28_02_2025.pdf|idp|2025|both|50|text_fallback|light of this, it is necessary to proactively prepare for the majority of people living
CHAMA-DISTRICT-INTEGRATED-DEVELOPMENT-PLAN-28_02_2025.pdf|idp|2025|both|50|text_fallback|in rural areas so that they may actively participate in and sustainably lead local
CHAMA-DISTRICT-INTEGRATED-DEVELOPMENT-PLAN-28_02_2025.pdf|idp|2025|both|50|text_fallback|economies.
CHAMA-DISTRICT-INTEGRATED-DEVELOPMENT-PLAN-28_02_2025.pdf|idp|2025|both|50|text_fallback|Therefore, agriculture must be developed through the introduction of automated
CHAMA-DISTRICT-INTEGRATED-DEVELOPMENT-PLAN-28_02_2025.pdf|idp|2025|both|50|text_fallback|systems, value addition, up-scaling rice production and crop diversification; agro-
CHAMA-DISTRICT-INTEGRATED-DEVELOPMENT-PLAN-28_02_2025.pdf|idp|2025|both|50|text_fallback|marketing systems; enhanced tourism; and formalized mining operations in order
CHAMA-DISTRICT-INTEGRATED-DEVELOPMENT-PLAN-28_02_2025.pdf|idp|2025|both|50|text_fallback|to economically change the district’s rural areas. Economic diversification in the
CHAMA-DISTRICT-INTEGRATED-DEVELOPMENT-PLAN-28_02_2025.pdf|idp|2025|both|50|text_fallback|district will undoubtedly be induced and promoted by these and similar
CHAMA-DISTRICT-INTEGRATED-DEVELOPMENT-PLAN-28_02_2025.pdf|idp|2025|both|50|text_fallback|developments, which will draw non-agricultural yet sustaining economic
CHAMA-DISTRICT-INTEGRATED-DEVELOPMENT-PLAN-28_02_2025.pdf|idp|2025|both|50|text_fallback|enterprises.
CHAMA-DISTRICT-INTEGRATED-DEVELOPMENT-PLAN-28_02_2025.pdf|idp|2025|both|50|text_fallback|Population Growth Rate
CHAMA-DISTRICT-INTEGRATED-DEVELOPMENT-PLAN-28_02_2025.pdf|idp|2025|both|50|text_fallback|The population growth rate measures the rate at which the number of individuals
CHAMA-DISTRICT-INTEGRATED-DEVELOPMENT-PLAN-28_02_2025.pdf|idp|2025|both|50|text_fallback|in a population increases or decreases over a specific period, typically expressed
CHAMA-DISTRICT-INTEGRATED-DEVELOPMENT-PLAN-28_02_2025.pdf|idp|2025|both|50|text_fallback|as a percentage change per year. The purpose of PGR it will help anticipate
CHAMA-DISTRICT-INTEGRATED-DEVELOPMENT-PLAN-28_02_2025.pdf|idp|2025|both|50|text_fallback|future population needs, plan for infrastructure, and allocation of resources;
CHAMA-DISTRICT-INTEGRATED-DEVELOPMENT-PLAN-28_02_2025.pdf|idp|2025|both|50|text_fallback|economically it will influence economic growth, and labour market; it will also
CHAMA-DISTRICT-INTEGRATED-DEVELOPMENT-PLAN-28_02_2025.pdf|idp|2025|both|50|text_fallback|help to assess the impact of population growth on natural resources and the
CHAMA-DISTRICT-INTEGRATED-DEVELOPMENT-PLAN-28_02_2025.pdf|idp|2025|both|50|text_fallback|environment; it will inform decisions on population control, immigration and urban
CHAMA-DISTRICT-INTEGRATED-DEVELOPMENT-PLAN-28_02_2025.pdf|idp|2025|both|50|text_fallback|planning; it will also be used to provide insights into demographic trends, fertility
CHAMA-DISTRICT-INTEGRATED-DEVELOPMENT-PLAN-28_02_2025.pdf|idp|2025|both|50|text_fallback|rates and mortality rates. The growth rate is another crucial component of the
CHAMA-DISTRICT-INTEGRATED-DEVELOPMENT-PLAN-28_02_2025.pdf|idp|2025|both|50|text_fallback|demographic dynamics of the Chama District. Between 1990 and 2022, the
CHAMA-DISTRICT-INTEGRATED-DEVELOPMENT-PLAN-28_02_2025.pdf|idp|2025|both|50|text_fallback|district’s yearly population growth rate decreased from 3.2% to 2.5%. According
CHAMA-DISTRICT-INTEGRATED-DEVELOPMENT-PLAN-28_02_2025.pdf|idp|2025|both|50|text_fallback|to Table 3 below, the population has been rising more slowly between 2010 and
CHAMA-DISTRICT-INTEGRATED-DEVELOPMENT-PLAN-28_02_2025.pdf|idp|2025|both|50|text_fallback|2022 than it did between 2000 and 2010. This is because there haven't been any
CHAMA-DISTRICT-INTEGRATED-DEVELOPMENT-PLAN-28_02_2025.pdf|idp|2025|both|50|text_fallback|noteworthy developments that might have altered population increase
CHAMA-DISTRICT-INTEGRATED-DEVELOPMENT-PLAN-28_02_2025.pdf|idp|2025|both|50|text_fallback|20
CHAMA-DISTRICT-INTEGRATED-DEVELOPMENT-PLAN-28_02_2025.pdf|idp|2025|both|51|table|"Description |  |  | 1990 | 2000 | 2010 | 2022"
CHAMA-DISTRICT-INTEGRATED-DEVELOPMENT-PLAN-28_02_2025.pdf|idp|2025|both|51|table|" | Annual Growth |  | 3.2 | 3.1 | 3.1 | 2.5"
CHAMA-DISTRICT-INTEGRATED-DEVELOPMENT-PLAN-28_02_2025.pdf|idp|2025|both|51|table|" | Rate |  |  |  |  | "
CHAMA-DISTRICT-INTEGRATED-DEVELOPMENT-PLAN-28_02_2025.pdf|idp|2025|both|51|table|"Population Size |  |  | 55,172 | 74,890 | 103,894 | 140,784"
CHAMA-DISTRICT-INTEGRATED-DEVELOPMENT-PLAN-28_02_2025.pdf|idp|2025|both|51|table|" | Population |  | 3.1 | 4.2 | 5.9 | 8.1"
CHAMA-DISTRICT-INTEGRATED-DEVELOPMENT-PLAN-28_02_2025.pdf|idp|2025|both|51|table|" | Density |  |  |  |  | "
CHAMA-DISTRICT-INTEGRATED-DEVELOPMENT-PLAN-28_02_2025.pdf|idp|2025|both|52|text_fallback|Disability Status
CHAMA-DISTRICT-INTEGRATED-DEVELOPMENT-PLAN-28_02_2025.pdf|idp|2025|both|52|text_fallback|Effective development implementation is based on inclusive planning, which is
CHAMA-DISTRICT-INTEGRATED-DEVELOPMENT-PLAN-28_02_2025.pdf|idp|2025|both|52|text_fallback|why the District Integrated Development Plan considers the less fortunate
CHAMA-DISTRICT-INTEGRATED-DEVELOPMENT-PLAN-28_02_2025.pdf|idp|2025|both|52|text_fallback|members of society. There are 600 disabled individuals in the Chama district,
CHAMA-DISTRICT-INTEGRATED-DEVELOPMENT-PLAN-28_02_2025.pdf|idp|2025|both|52|text_fallback|according to the 2022 census, which makes up 0.34 percent of the entire
CHAMA-DISTRICT-INTEGRATED-DEVELOPMENT-PLAN-28_02_2025.pdf|idp|2025|both|52|text_fallback|population. Of them, 350 are female and 250 are male, making up 0.2 and 0.14
CHAMA-DISTRICT-INTEGRATED-DEVELOPMENT-PLAN-28_02_2025.pdf|idp|2025|both|52|text_fallback|percent of the total population, respectively. This disability status is lower than the
CHAMA-DISTRICT-INTEGRATED-DEVELOPMENT-PLAN-28_02_2025.pdf|idp|2025|both|52|text_fallback|15% according to WHO. This indicates a smaller proportion of the population
CHAMA-DISTRICT-INTEGRATED-DEVELOPMENT-PLAN-28_02_2025.pdf|idp|2025|both|52|text_fallback|requires specialized care, support and accommodations. However, it is
CHAMA-DISTRICT-INTEGRATED-DEVELOPMENT-PLAN-28_02_2025.pdf|idp|2025|both|52|text_fallback|paramount that the few people with a disability are included in development
CHAMA-DISTRICT-INTEGRATED-DEVELOPMENT-PLAN-28_02_2025.pdf|idp|2025|both|52|text_fallback|planning.
CHAMA-DISTRICT-INTEGRATED-DEVELOPMENT-PLAN-28_02_2025.pdf|idp|2025|both|52|text_fallback|Median Age
CHAMA-DISTRICT-INTEGRATED-DEVELOPMENT-PLAN-28_02_2025.pdf|idp|2025|both|52|text_fallback|The median age of a population is the age at which it is split into two numerically
CHAMA-DISTRICT-INTEGRATED-DEVELOPMENT-PLAN-28_02_2025.pdf|idp|2025|both|52|text_fallback|equal groups, meaning that half of it is under the age and the other half is above
CHAMA-DISTRICT-INTEGRATED-DEVELOPMENT-PLAN-28_02_2025.pdf|idp|2025|both|52|text_fallback|it. A median age that is lower than 20 years shows a young population; that which
CHAMA-DISTRICT-INTEGRATED-DEVELOPMENT-PLAN-28_02_2025.pdf|idp|2025|both|52|text_fallback|is between 20 and 30 years indicates an intermediate population that is either
CHAMA-DISTRICT-INTEGRATED-DEVELOPMENT-PLAN-28_02_2025.pdf|idp|2025|both|52|text_fallback|becoming younger or ageing; while a population with a median age above 30
CHAMA-DISTRICT-INTEGRATED-DEVELOPMENT-PLAN-28_02_2025.pdf|idp|2025|both|52|text_fallback|years is an old population (SOURCE). The 2022 census statistics shows the median
CHAMA-DISTRICT-INTEGRATED-DEVELOPMENT-PLAN-28_02_2025.pdf|idp|2025|both|52|text_fallback|age for the district at 18 years, implying that Chama district has a young
CHAMA-DISTRICT-INTEGRATED-DEVELOPMENT-PLAN-28_02_2025.pdf|idp|2025|both|52|text_fallback|population. This implies that there is a large workforce potential: Majority of
CHAMA-DISTRICT-INTEGRATED-DEVELOPMENT-PLAN-28_02_2025.pdf|idp|2025|both|52|text_fallback|population is entering or already in working age; Economic growth potential:
CHAMA-DISTRICT-INTEGRATED-DEVELOPMENT-PLAN-28_02_2025.pdf|idp|2025|both|52|text_fallback|Young population can drive economic expansion; Innovation and
CHAMA-DISTRICT-INTEGRATED-DEVELOPMENT-PLAN-28_02_2025.pdf|idp|2025|both|52|text_fallback|entrepreneurship: Young people can bring new ideas and energy; Adaptability:
CHAMA-DISTRICT-INTEGRATED-DEVELOPMENT-PLAN-28_02_2025.pdf|idp|2025|both|52|text_fallback|Young populations can adapt quickly to changing technologies. However, this
CHAMA-DISTRICT-INTEGRATED-DEVELOPMENT-PLAN-28_02_2025.pdf|idp|2025|both|52|text_fallback|calls for meeting educational needs of a young population, creating jobs for a
CHAMA-DISTRICT-INTEGRATED-DEVELOPMENT-PLAN-28_02_2025.pdf|idp|2025|both|52|text_fallback|growing workforce, addressing health needs of adolescents and young adults,
CHAMA-DISTRICT-INTEGRATED-DEVELOPMENT-PLAN-28_02_2025.pdf|idp|2025|both|52|text_fallback|and providing support for youth, including mental health and recreation.
CHAMA-DISTRICT-INTEGRATED-DEVELOPMENT-PLAN-28_02_2025.pdf|idp|2025|both|52|text_fallback|22
CHAMA-DISTRICT-INTEGRATED-DEVELOPMENT-PLAN-28_02_2025.pdf|idp|2025|both|53|text_fallback|Age Dependency Ratio
CHAMA-DISTRICT-INTEGRATED-DEVELOPMENT-PLAN-28_02_2025.pdf|idp|2025|both|53|text_fallback|Age Dependency Ratio is the ratio of the population aged 0-14 years and persons
CHAMA-DISTRICT-INTEGRATED-DEVELOPMENT-PLAN-28_02_2025.pdf|idp|2025|both|53|text_fallback|aged 65 years and older, per 100 persons of working age 15-64 years. It shows the
CHAMA-DISTRICT-INTEGRATED-DEVELOPMENT-PLAN-28_02_2025.pdf|idp|2025|both|53|text_fallback|burden of dependency on the productive population. The 2022 projected census
CHAMA-DISTRICT-INTEGRATED-DEVELOPMENT-PLAN-28_02_2025.pdf|idp|2025|both|53|text_fallback|statistics shows that the district has an overall age dependency ratio of 114.9
CHAMA-DISTRICT-INTEGRATED-DEVELOPMENT-PLAN-28_02_2025.pdf|idp|2025|both|53|text_fallback|translating from the child dependency ratio of 107.4 and age dependency ratio
CHAMA-DISTRICT-INTEGRATED-DEVELOPMENT-PLAN-28_02_2025.pdf|idp|2025|both|53|text_fallback|of 7.4 per 100 persons of working age 15-64 years. These statistics shows a high
CHAMA-DISTRICT-INTEGRATED-DEVELOPMENT-PLAN-28_02_2025.pdf|idp|2025|both|53|text_fallback|ratio indicates more dependents per working-age individual, high Child
CHAMA-DISTRICT-INTEGRATED-DEVELOPMENT-PLAN-28_02_2025.pdf|idp|2025|both|53|text_fallback|Dependency Ratio indicates a large proportion of children dependent on
CHAMA-DISTRICT-INTEGRATED-DEVELOPMENT-PLAN-28_02_2025.pdf|idp|2025|both|53|text_fallback|working-age individuals, and the relatively low Old-Age Dependency Ratio
CHAMA-DISTRICT-INTEGRATED-DEVELOPMENT-PLAN-28_02_2025.pdf|idp|2025|both|53|text_fallback|suggests fewer elderly dependents. This suggests that there is need to plan for
CHAMA-DISTRICT-INTEGRATED-DEVELOPMENT-PLAN-28_02_2025.pdf|idp|2025|both|53|text_fallback|more social service facilities. Economically, this indicates an increased tax burden
CHAMA-DISTRICT-INTEGRATED-DEVELOPMENT-PLAN-28_02_2025.pdf|idp|2025|both|53|text_fallback|on working-age group, pressure on social security and pension systems, potential
CHAMA-DISTRICT-INTEGRATED-DEVELOPMENT-PLAN-28_02_2025.pdf|idp|2025|both|53|text_fallback|labor market strain due to high youth population, and opportunities for economic
CHAMA-DISTRICT-INTEGRATED-DEVELOPMENT-PLAN-28_02_2025.pdf|idp|2025|both|53|text_fallback|growth through youth entrepreneurship and innovation.
CHAMA-DISTRICT-INTEGRATED-DEVELOPMENT-PLAN-28_02_2025.pdf|idp|2025|both|53|text_fallback|Migration and Urbanization
CHAMA-DISTRICT-INTEGRATED-DEVELOPMENT-PLAN-28_02_2025.pdf|idp|2025|both|53|text_fallback|Similar to other districts, Chama has seen a rise in migration as a result of
CHAMA-DISTRICT-INTEGRATED-DEVELOPMENT-PLAN-28_02_2025.pdf|idp|2025|both|53|text_fallback|commerce, education, and job. The primary driver of migration, particularly
CHAMA-DISTRICT-INTEGRATED-DEVELOPMENT-PLAN-28_02_2025.pdf|idp|2025|both|53|text_fallback|among young people, is unemployment. There aren't any significant industries or
CHAMA-DISTRICT-INTEGRATED-DEVELOPMENT-PLAN-28_02_2025.pdf|idp|2025|both|53|text_fallback|large corporations in Chama area to take in the vast amount of jobless youths.
CHAMA-DISTRICT-INTEGRATED-DEVELOPMENT-PLAN-28_02_2025.pdf|idp|2025|both|53|text_fallback|Because of this, the majority of young people travel to new places like Lundazi in
CHAMA-DISTRICT-INTEGRATED-DEVELOPMENT-PLAN-28_02_2025.pdf|idp|2025|both|53|text_fallback|quest of employment and a better living. The government is the largest employer
CHAMA-DISTRICT-INTEGRATED-DEVELOPMENT-PLAN-28_02_2025.pdf|idp|2025|both|53|text_fallback|in Chama.
CHAMA-DISTRICT-INTEGRATED-DEVELOPMENT-PLAN-28_02_2025.pdf|idp|2025|both|53|text_fallback|The urban population of Chama district increased from 7,029 in 2010 to 12,923 in
CHAMA-DISTRICT-INTEGRATED-DEVELOPMENT-PLAN-28_02_2025.pdf|idp|2025|both|53|text_fallback|2022, indicating a rapid pace of urbanization. The district's rapid infrastructural
CHAMA-DISTRICT-INTEGRATED-DEVELOPMENT-PLAN-28_02_2025.pdf|idp|2025|both|53|text_fallback|development and socioeconomic development are the causes of the
CHAMA-DISTRICT-INTEGRATED-DEVELOPMENT-PLAN-28_02_2025.pdf|idp|2025|both|53|text_fallback|23
CHAMA-DISTRICT-INTEGRATED-DEVELOPMENT-PLAN-28_02_2025.pdf|idp|2025|both|54|text_fallback|exponential expansion. The government's recent extensive hiring of teachers and
CHAMA-DISTRICT-INTEGRATED-DEVELOPMENT-PLAN-28_02_2025.pdf|idp|2025|both|54|text_fallback|medical personnel has also contributed to the rise. Due to the rapid urban
CHAMA-DISTRICT-INTEGRATED-DEVELOPMENT-PLAN-28_02_2025.pdf|idp|2025|both|54|text_fallback|population growth, it is necessary to plan for infrastructure and services that can
CHAMA-DISTRICT-INTEGRATED-DEVELOPMENT-PLAN-28_02_2025.pdf|idp|2025|both|54|text_fallback|accommodate a large number of people, implement an integrated waste
CHAMA-DISTRICT-INTEGRATED-DEVELOPMENT-PLAN-28_02_2025.pdf|idp|2025|both|54|text_fallback|management system because urbanization increases waste generation,
CHAMA-DISTRICT-INTEGRATED-DEVELOPMENT-PLAN-28_02_2025.pdf|idp|2025|both|54|text_fallback|account for rural-urban drift, implement policies that limit the spread of slums and
CHAMA-DISTRICT-INTEGRATED-DEVELOPMENT-PLAN-28_02_2025.pdf|idp|2025|both|54|text_fallback|informal settlements by providing affordable housing, and prepare for epidemics
CHAMA-DISTRICT-INTEGRATED-DEVELOPMENT-PLAN-28_02_2025.pdf|idp|2025|both|54|text_fallback|and other heat-related illnesses.
CHAMA-DISTRICT-INTEGRATED-DEVELOPMENT-PLAN-28_02_2025.pdf|idp|2025|both|54|text_fallback|Population Projections
CHAMA-DISTRICT-INTEGRATED-DEVELOPMENT-PLAN-28_02_2025.pdf|idp|2025|both|54|text_fallback|Estimate of Future Population
CHAMA-DISTRICT-INTEGRATED-DEVELOPMENT-PLAN-28_02_2025.pdf|idp|2025|both|54|text_fallback|Population projections are crucial because they aid in making plans for the future
CHAMA-DISTRICT-INTEGRATED-DEVELOPMENT-PLAN-28_02_2025.pdf|idp|2025|both|54|text_fallback|well-being of human communities. In terms of size and composition by age and
CHAMA-DISTRICT-INTEGRATED-DEVELOPMENT-PLAN-28_02_2025.pdf|idp|2025|both|54|text_fallback|sex, population projections can give a general idea of the most fundamental
CHAMA-DISTRICT-INTEGRATED-DEVELOPMENT-PLAN-28_02_2025.pdf|idp|2025|both|54|text_fallback|aspects of future human societies (CSO, 2013). Cohort component technique
CHAMA-DISTRICT-INTEGRATED-DEVELOPMENT-PLAN-28_02_2025.pdf|idp|2025|both|54|text_fallback|and mathematical models are the two fundamental approaches used to create
CHAMA-DISTRICT-INTEGRATED-DEVELOPMENT-PLAN-28_02_2025.pdf|idp|2025|both|54|text_fallback|population projections (CSO, 2013). The most accurate way to predict the
CHAMA-DISTRICT-INTEGRATED-DEVELOPMENT-PLAN-28_02_2025.pdf|idp|2025|both|54|text_fallback|population is to use the cohort component model, which accounts for all the
CHAMA-DISTRICT-INTEGRATED-DEVELOPMENT-PLAN-28_02_2025.pdf|idp|2025|both|54|text_fallback|factors that influence population change, including net migration, death, and
CHAMA-DISTRICT-INTEGRATED-DEVELOPMENT-PLAN-28_02_2025.pdf|idp|2025|both|54|text_fallback|fertility. The cohort component technique is thought to be the best standard for
CHAMA-DISTRICT-INTEGRATED-DEVELOPMENT-PLAN-28_02_2025.pdf|idp|2025|both|54|text_fallback|population predictions, although it is less helpful at lower administrative levels
CHAMA-DISTRICT-INTEGRATED-DEVELOPMENT-PLAN-28_02_2025.pdf|idp|2025|both|54|text_fallback|when demographic change data may be absent or incorrect. Therefore,
CHAMA-DISTRICT-INTEGRATED-DEVELOPMENT-PLAN-28_02_2025.pdf|idp|2025|both|54|text_fallback|forecasts at the national level are typically made using the cohort technique.
CHAMA-DISTRICT-INTEGRATED-DEVELOPMENT-PLAN-28_02_2025.pdf|idp|2025|both|54|text_fallback|Using a mathematical table is acceptable for population prediction at the sub-
CHAMA-DISTRICT-INTEGRATED-DEVELOPMENT-PLAN-28_02_2025.pdf|idp|2025|both|54|text_fallback|national level (CSO, 2013).
CHAMA-DISTRICT-INTEGRATED-DEVELOPMENT-PLAN-28_02_2025.pdf|idp|2025|both|54|text_fallback|To be more specific, a geometric model of population growth—which illustrates
CHAMA-DISTRICT-INTEGRATED-DEVELOPMENT-PLAN-28_02_2025.pdf|idp|2025|both|54|text_fallback|exponential population increase—was employed to forecast population growth
CHAMA-DISTRICT-INTEGRATED-DEVELOPMENT-PLAN-28_02_2025.pdf|idp|2025|both|54|text_fallback|24
CHAMA-DISTRICT-INTEGRATED-DEVELOPMENT-PLAN-28_02_2025.pdf|idp|2025|both|55|table|"S/
N | DISTRICT/CONSTITUENCY | BASE YEAR
POPULATION
(2022) | PROJECTED POPULATION |  |  | "
CHAMA-DISTRICT-INTEGRATED-DEVELOPMENT-PLAN-28_02_2025.pdf|idp|2025|both|55|table|" |  |  | 2025 | 2030 | 2035 | 2040"
CHAMA-DISTRICT-INTEGRATED-DEVELOPMENT-PLAN-28_02_2025.pdf|idp|2025|both|55|table|"1. | CHAMA DISTRICT | 140,784 | 151609 | 171532 | 194072 | 219575"
CHAMA-DISTRICT-INTEGRATED-DEVELOPMENT-PLAN-28_02_2025.pdf|idp|2025|both|55|table|"2. | CHAMA NORTH | 83,781 | 90223 | 102079 | 115493 | 130670"
CHAMA-DISTRICT-INTEGRATED-DEVELOPMENT-PLAN-28_02_2025.pdf|idp|2025|both|55|table|"3. | CHAMA SOUTH | 57,003 | 61386 | 69453 | 78579 | 88905"
CHAMA-DISTRICT-INTEGRATED-DEVELOPMENT-PLAN-28_02_2025.pdf|idp|2025|both|56|table|"S/N | DISTRICT/
CONSTITUENCY | BASE YEAR
POPULATION
(2022) | PROJECTED POPULATION |  |  | "
CHAMA-DISTRICT-INTEGRATED-DEVELOPMENT-PLAN-28_02_2025.pdf|idp|2025|both|56|table|" |  |  | 2025 | 2030 | 2035 | 2040"
CHAMA-DISTRICT-INTEGRATED-DEVELOPMENT-PLAN-28_02_2025.pdf|idp|2025|both|56|table|"1. | RURAL | 127861 | 137692 | 155786 | 176258 | 199420"
CHAMA-DISTRICT-INTEGRATED-DEVELOPMENT-PLAN-28_02_2025.pdf|idp|2025|both|56|table|"2. | URBAN | 12923 | 13917 | 15746 | 17814 | 20155"
CHAMA-DISTRICT-INTEGRATED-DEVELOPMENT-PLAN-28_02_2025.pdf|idp|2025|both|56|table|" | TOTAL | 140,784 | 151609 | 171532 | 194072 | 219575"
CHAMA-DISTRICT-INTEGRATED-DEVELOPMENT-PLAN-28_02_2025.pdf|idp|2025|both|57|table|"Male | 78042 | 88297 | 113028"
CHAMA-DISTRICT-INTEGRATED-DEVELOPMENT-PLAN-28_02_2025.pdf|idp|2025|both|57|table|"Female | 81242 | 91918 | 117662"
CHAMA-DISTRICT-INTEGRATED-DEVELOPMENT-PLAN-28_02_2025.pdf|idp|2025|both|58|text_fallback|On the other hand, it is beneficial for re-planning purposes and township
CHAMA-DISTRICT-INTEGRATED-DEVELOPMENT-PLAN-28_02_2025.pdf|idp|2025|both|58|text_fallback|expansion. Considering the nature of coming activities, most areas are not
CHAMA-DISTRICT-INTEGRATED-DEVELOPMENT-PLAN-28_02_2025.pdf|idp|2025|both|58|text_fallback|densely populated and as such are easier to plan. Legal implications are also
CHAMA-DISTRICT-INTEGRATED-DEVELOPMENT-PLAN-28_02_2025.pdf|idp|2025|both|58|text_fallback|minimal as majority of land in the case of Chama district is under traditional
CHAMA-DISTRICT-INTEGRATED-DEVELOPMENT-PLAN-28_02_2025.pdf|idp|2025|both|58|text_fallback|jurisdiction.
CHAMA-DISTRICT-INTEGRATED-DEVELOPMENT-PLAN-28_02_2025.pdf|idp|2025|both|58|text_fallback|2. Nucleated – Settlements, in this case, are more central-based and close
CHAMA-DISTRICT-INTEGRATED-DEVELOPMENT-PLAN-28_02_2025.pdf|idp|2025|both|58|text_fallback|together. This is typical of town centers, places of trade, economic growth
CHAMA-DISTRICT-INTEGRATED-DEVELOPMENT-PLAN-28_02_2025.pdf|idp|2025|both|58|text_fallback|nodes, or areas with public facilities such as hospitals, schools, etc.
CHAMA-DISTRICT-INTEGRATED-DEVELOPMENT-PLAN-28_02_2025.pdf|idp|2025|both|58|text_fallback|Kamphemba, Chibale, Sitwe, Mulilo, and parts of Kambombo are examples of
CHAMA-DISTRICT-INTEGRATED-DEVELOPMENT-PLAN-28_02_2025.pdf|idp|2025|both|58|text_fallback|this type.
CHAMA-DISTRICT-INTEGRATED-DEVELOPMENT-PLAN-28_02_2025.pdf|idp|2025|both|58|text_fallback|3. Linear – As the name implies, this kind is generally along a line feature such as
CHAMA-DISTRICT-INTEGRATED-DEVELOPMENT-PLAN-28_02_2025.pdf|idp|2025|both|58|text_fallback|roads, rivers, rail, or powerline depending on what attracts the settlement. The
CHAMA-DISTRICT-INTEGRATED-DEVELOPMENT-PLAN-28_02_2025.pdf|idp|2025|both|58|text_fallback|most common occurrence of linear settlements in the Chama district is along
CHAMA-DISTRICT-INTEGRATED-DEVELOPMENT-PLAN-28_02_2025.pdf|idp|2025|both|58|text_fallback|roads. Mbazi, Mwalala, parts of Kalinkhu and Luangwa wards as well as
CHAMA-DISTRICT-INTEGRATED-DEVELOPMENT-PLAN-28_02_2025.pdf|idp|2025|both|58|text_fallback|Mapamba are examples of this kind.
CHAMA-DISTRICT-INTEGRATED-DEVELOPMENT-PLAN-28_02_2025.pdf|idp|2025|both|58|text_fallback|For settlements along trade routes and natural features like roads, rail lines, and
CHAMA-DISTRICT-INTEGRATED-DEVELOPMENT-PLAN-28_02_2025.pdf|idp|2025|both|58|text_fallback|rivers, the population has an advantage of transportation and access to water.
CHAMA-DISTRICT-INTEGRATED-DEVELOPMENT-PLAN-28_02_2025.pdf|idp|2025|both|58|text_fallback|This is an advantage for the local economy as it aids them in terms of irrigation
CHAMA-DISTRICT-INTEGRATED-DEVELOPMENT-PLAN-28_02_2025.pdf|idp|2025|both|58|text_fallback|and trade.
CHAMA-DISTRICT-INTEGRATED-DEVELOPMENT-PLAN-28_02_2025.pdf|idp|2025|both|58|text_fallback|However, the down side is that settlements along rivers are susceptible to floods,
CHAMA-DISTRICT-INTEGRATED-DEVELOPMENT-PLAN-28_02_2025.pdf|idp|2025|both|58|text_fallback|as is the case in some areas within the Lunzi ward. Waters from the upper land
CHAMA-DISTRICT-INTEGRATED-DEVELOPMENT-PLAN-28_02_2025.pdf|idp|2025|both|58|text_fallback|flow into the Luangwa River which in turn overflows in the south causing havoc to
CHAMA-DISTRICT-INTEGRATED-DEVELOPMENT-PLAN-28_02_2025.pdf|idp|2025|both|58|text_fallback|nearby settlements. In terms of planning, this creates a challenge for expansion
CHAMA-DISTRICT-INTEGRATED-DEVELOPMENT-PLAN-28_02_2025.pdf|idp|2025|both|58|text_fallback|as issues of zoning come into play; animal corridors are off-limits and as such, are
CHAMA-DISTRICT-INTEGRATED-DEVELOPMENT-PLAN-28_02_2025.pdf|idp|2025|both|58|text_fallback|not conducive for agricultural activity due to issues of human-wildlife coexistence
CHAMA-DISTRICT-INTEGRATED-DEVELOPMENT-PLAN-28_02_2025.pdf|idp|2025|both|58|text_fallback|challenges. In addition, those settled along main roads are often affected when
CHAMA-DISTRICT-INTEGRATED-DEVELOPMENT-PLAN-28_02_2025.pdf|idp|2025|both|58|text_fallback|issues of expansion arise which is an expensive undertaking. Figure 4
CHAMA-DISTRICT-INTEGRATED-DEVELOPMENT-PLAN-28_02_2025.pdf|idp|2025|both|58|text_fallback|depicts the settlement pattern in Chama District.
CHAMA-DISTRICT-INTEGRATED-DEVELOPMENT-PLAN-28_02_2025.pdf|idp|2025|both|58|text_fallback|28
CHAMA-DISTRICT-INTEGRATED-DEVELOPMENT-PLAN-28_02_2025.pdf|idp|2025|both|59|text_fallback|Figure 4: Chama District settlement pattern
CHAMA-DISTRICT-INTEGRATED-DEVELOPMENT-PLAN-28_02_2025.pdf|idp|2025|both|59|text_fallback|Source: Chama Town Council (2024)
CHAMA-DISTRICT-INTEGRATED-DEVELOPMENT-PLAN-28_02_2025.pdf|idp|2025|both|59|text_fallback|Informal Settlements
CHAMA-DISTRICT-INTEGRATED-DEVELOPMENT-PLAN-28_02_2025.pdf|idp|2025|both|59|text_fallback|According to the Urban and Regional Planning Act No.3 of 2015, “informal
CHAMA-DISTRICT-INTEGRATED-DEVELOPMENT-PLAN-28_02_2025.pdf|idp|2025|both|59|text_fallback|settlement” means —
CHAMA-DISTRICT-INTEGRATED-DEVELOPMENT-PLAN-28_02_2025.pdf|idp|2025|both|59|text_fallback|a. groups of people living on land they have no legal claim to;
CHAMA-DISTRICT-INTEGRATED-DEVELOPMENT-PLAN-28_02_2025.pdf|idp|2025|both|59|text_fallback|b. houses of a temporary, semi-permanent or permanent nature erected on
CHAMA-DISTRICT-INTEGRATED-DEVELOPMENT-PLAN-28_02_2025.pdf|idp|2025|both|59|text_fallback|land that have not formally been permitted by the planning authority and
CHAMA-DISTRICT-INTEGRATED-DEVELOPMENT-PLAN-28_02_2025.pdf|idp|2025|both|59|text_fallback|serviced for residential use under this Act or any other written law;
CHAMA-DISTRICT-INTEGRATED-DEVELOPMENT-PLAN-28_02_2025.pdf|idp|2025|both|59|text_fallback|c. clusters of housing and other structures built without the formal permission
CHAMA-DISTRICT-INTEGRATED-DEVELOPMENT-PLAN-28_02_2025.pdf|idp|2025|both|59|text_fallback|of the planning authorities under this Act, any other written law or the repealed
CHAMA-DISTRICT-INTEGRATED-DEVELOPMENT-PLAN-28_02_2025.pdf|idp|2025|both|59|text_fallback|Acts; or
CHAMA-DISTRICT-INTEGRATED-DEVELOPMENT-PLAN-28_02_2025.pdf|idp|2025|both|59|text_fallback|29
CHAMA-DISTRICT-INTEGRATED-DEVELOPMENT-PLAN-28_02_2025.pdf|idp|2025|both|60|table|"LAND USE | AREA M2 | AREA KM2"
CHAMA-DISTRICT-INTEGRATED-DEVELOPMENT-PLAN-28_02_2025.pdf|idp|2025|both|60|table|"Residential | 1831551 | 1.831551"
CHAMA-DISTRICT-INTEGRATED-DEVELOPMENT-PLAN-28_02_2025.pdf|idp|2025|both|60|table|"Commercial | 111720 | 0.11172"
CHAMA-DISTRICT-INTEGRATED-DEVELOPMENT-PLAN-28_02_2025.pdf|idp|2025|both|60|table|"Market | 30064 | 0.030064"
CHAMA-DISTRICT-INTEGRATED-DEVELOPMENT-PLAN-28_02_2025.pdf|idp|2025|both|60|table|"Institutional Property | 1716111 | 1.716111"
CHAMA-DISTRICT-INTEGRATED-DEVELOPMENT-PLAN-28_02_2025.pdf|idp|2025|both|60|table|"Clinic | 22949 | 0.022949"
CHAMA-DISTRICT-INTEGRATED-DEVELOPMENT-PLAN-28_02_2025.pdf|idp|2025|both|60|table|"Lodge | 31668 | 0.031668"
CHAMA-DISTRICT-INTEGRATED-DEVELOPMENT-PLAN-28_02_2025.pdf|idp|2025|both|60|table|"Place of Worship | 71688 | 0.071688"
CHAMA-DISTRICT-INTEGRATED-DEVELOPMENT-PLAN-28_02_2025.pdf|idp|2025|both|60|table|"Public Hall | 6778 | 0.006778"
CHAMA-DISTRICT-INTEGRATED-DEVELOPMENT-PLAN-28_02_2025.pdf|idp|2025|both|60|table|"Specialized Use - water aquifer, abattoir | 83362 | 0.083362"
CHAMA-DISTRICT-INTEGRATED-DEVELOPMENT-PLAN-28_02_2025.pdf|idp|2025|both|60|table|"Designated for layout review | 5189615 | 5.189615"
CHAMA-DISTRICT-INTEGRATED-DEVELOPMENT-PLAN-28_02_2025.pdf|idp|2025|both|60|table|"Smallholding | 650870 | 0.65087"
CHAMA-DISTRICT-INTEGRATED-DEVELOPMENT-PLAN-28_02_2025.pdf|idp|2025|both|61|table|"Open Space | 56542 | 0.056542"
CHAMA-DISTRICT-INTEGRATED-DEVELOPMENT-PLAN-28_02_2025.pdf|idp|2025|both|61|table|"School | 555578 | 0.555578"
CHAMA-DISTRICT-INTEGRATED-DEVELOPMENT-PLAN-28_02_2025.pdf|idp|2025|both|61|table|"Light Industrial | 102811 | 0.102811"
CHAMA-DISTRICT-INTEGRATED-DEVELOPMENT-PLAN-28_02_2025.pdf|idp|2025|both|61|table|"Office Block | 2649 | 0.002649"
CHAMA-DISTRICT-INTEGRATED-DEVELOPMENT-PLAN-28_02_2025.pdf|idp|2025|both|61|table|"Hospital | 261233 | 0.261233"
CHAMA-DISTRICT-INTEGRATED-DEVELOPMENT-PLAN-28_02_2025.pdf|idp|2025|both|61|table|"Air Strip | 359036 | 0.359036"
CHAMA-DISTRICT-INTEGRATED-DEVELOPMENT-PLAN-28_02_2025.pdf|idp|2025|both|61|table|"Designated for Settlement Upgrade | 322366 | 0.322366"
CHAMA-DISTRICT-INTEGRATED-DEVELOPMENT-PLAN-28_02_2025.pdf|idp|2025|both|61|table|"Township Expansion | 4697030 | 4.69703"
CHAMA-DISTRICT-INTEGRATED-DEVELOPMENT-PLAN-28_02_2025.pdf|idp|2025|both|61|table|"Land under smart agriculture | 120,000,000 | 120"
CHAMA-DISTRICT-INTEGRATED-DEVELOPMENT-PLAN-28_02_2025.pdf|idp|2025|both|61|table|"Community Forest Management Areas | 8,653,700,000 | 8653.7"
CHAMA-DISTRICT-INTEGRATED-DEVELOPMENT-PLAN-28_02_2025.pdf|idp|2025|both|61|table|"TOTAL AREA | 8789803621 | 8789.8036"
CHAMA-DISTRICT-INTEGRATED-DEVELOPMENT-PLAN-28_02_2025.pdf|idp|2025|both|62|text_fallback|Map 2: Chama District General layout plan - land uses in the planned area
CHAMA-DISTRICT-INTEGRATED-DEVELOPMENT-PLAN-28_02_2025.pdf|idp|2025|both|62|text_fallback|Source: Chama Town Council (2024)
CHAMA-DISTRICT-INTEGRATED-DEVELOPMENT-PLAN-28_02_2025.pdf|idp|2025|both|62|text_fallback|32
CHAMA-DISTRICT-INTEGRATED-DEVELOPMENT-PLAN-28_02_2025.pdf|idp|2025|both|63|text_fallback|Map 3: Land use zones in the district
CHAMA-DISTRICT-INTEGRATED-DEVELOPMENT-PLAN-28_02_2025.pdf|idp|2025|both|63|text_fallback|Source: Chama Town Council (2024)
CHAMA-DISTRICT-INTEGRATED-DEVELOPMENT-PLAN-28_02_2025.pdf|idp|2025|both|63|text_fallback|33
CHAMA-DISTRICT-INTEGRATED-DEVELOPMENT-PLAN-28_02_2025.pdf|idp|2025|both|64|text_fallback|Impact of the Continuation of Population Growth on Land Use and Spatial
CHAMA-DISTRICT-INTEGRATED-DEVELOPMENT-PLAN-28_02_2025.pdf|idp|2025|both|64|text_fallback|Development Patterns
CHAMA-DISTRICT-INTEGRATED-DEVELOPMENT-PLAN-28_02_2025.pdf|idp|2025|both|64|text_fallback|Population growth has profound effects on land use and population distribution,
CHAMA-DISTRICT-INTEGRATED-DEVELOPMENT-PLAN-28_02_2025.pdf|idp|2025|both|64|text_fallback|presenting both opportunities and challenges. Population growth can drive
CHAMA-DISTRICT-INTEGRATED-DEVELOPMENT-PLAN-28_02_2025.pdf|idp|2025|both|64|text_fallback|economic development by expanding the labor force and consumer market.
CHAMA-DISTRICT-INTEGRATED-DEVELOPMENT-PLAN-28_02_2025.pdf|idp|2025|both|64|text_fallback|Urbanization, fueled by population growth, can foster innovation, cultural
CHAMA-DISTRICT-INTEGRATED-DEVELOPMENT-PLAN-28_02_2025.pdf|idp|2025|both|64|text_fallback|diversity, and improved infrastructure. Increased population demands better
CHAMA-DISTRICT-INTEGRATED-DEVELOPMENT-PLAN-28_02_2025.pdf|idp|2025|both|64|text_fallback|transportation, services, and amenities, contributing to overall economic growth.
CHAMA-DISTRICT-INTEGRATED-DEVELOPMENT-PLAN-28_02_2025.pdf|idp|2025|both|64|text_fallback|However, population growth also poses significant challenges. Land
CHAMA-DISTRICT-INTEGRATED-DEVELOPMENT-PLAN-28_02_2025.pdf|idp|2025|both|64|text_fallback|degradation, resulting from increased pressure, leads to deforestation, soil
CHAMA-DISTRICT-INTEGRATED-DEVELOPMENT-PLAN-28_02_2025.pdf|idp|2025|both|64|text_fallback|erosion, and habitat loss. Unplanned urban growth results in sprawl, congestion,
CHAMA-DISTRICT-INTEGRATED-DEVELOPMENT-PLAN-28_02_2025.pdf|idp|2025|both|64|text_fallback|and decreased quality of life. Resource scarcity, environmental degradation, and
CHAMA-DISTRICT-INTEGRATED-DEVELOPMENT-PLAN-28_02_2025.pdf|idp|2025|both|64|text_fallback|climate change are additional concerns.
CHAMA-DISTRICT-INTEGRATED-DEVELOPMENT-PLAN-28_02_2025.pdf|idp|2025|both|64|text_fallback|It is expected that with the trend in the existing population, there will be
CHAMA-DISTRICT-INTEGRATED-DEVELOPMENT-PLAN-28_02_2025.pdf|idp|2025|both|64|text_fallback|agricultural expansion, driven by food demand that will contribute to
CHAMA-DISTRICT-INTEGRATED-DEVELOPMENT-PLAN-28_02_2025.pdf|idp|2025|both|64|text_fallback|deforestation and habitat loss. Further, urbanization is anticipated that will convert
CHAMA-DISTRICT-INTEGRATED-DEVELOPMENT-PLAN-28_02_2025.pdf|idp|2025|both|64|text_fallback|natural areas and agricultural land to urban uses, while infrastructure
CHAMA-DISTRICT-INTEGRATED-DEVELOPMENT-PLAN-28_02_2025.pdf|idp|2025|both|64|text_fallback|development will fragment habitats. These changes will have far-reaching
CHAMA-DISTRICT-INTEGRATED-DEVELOPMENT-PLAN-28_02_2025.pdf|idp|2025|both|64|text_fallback|consequences for ecosystems and biodiversity.
CHAMA-DISTRICT-INTEGRATED-DEVELOPMENT-PLAN-28_02_2025.pdf|idp|2025|both|64|text_fallback|In terms of population distribution changes, it is anticipated that urbanization will
CHAMA-DISTRICT-INTEGRATED-DEVELOPMENT-PLAN-28_02_2025.pdf|idp|2025|both|64|text_fallback|lead to increased density and strain on services. Migration patterns will shift as
CHAMA-DISTRICT-INTEGRATED-DEVELOPMENT-PLAN-28_02_2025.pdf|idp|2025|both|64|text_fallback|people will seek better opportunities. Changes in population demographics, such
CHAMA-DISTRICT-INTEGRATED-DEVELOPMENT-PLAN-28_02_2025.pdf|idp|2025|both|64|text_fallback|as age and sex structure, will influence land use and resource demands. In
CHAMA-DISTRICT-INTEGRATED-DEVELOPMENT-PLAN-28_02_2025.pdf|idp|2025|both|64|text_fallback|addition, the district has started experiencing urban population growth around
CHAMA-DISTRICT-INTEGRATED-DEVELOPMENT-PLAN-28_02_2025.pdf|idp|2025|both|64|text_fallback|Kamphemba Ward.
CHAMA-DISTRICT-INTEGRATED-DEVELOPMENT-PLAN-28_02_2025.pdf|idp|2025|both|64|text_fallback|34
CHAMA-DISTRICT-INTEGRATED-DEVELOPMENT-PLAN-28_02_2025.pdf|idp|2025|both|65|text_fallback|To address these challenges, there will be need for sustainable urban planning,
CHAMA-DISTRICT-INTEGRATED-DEVELOPMENT-PLAN-28_02_2025.pdf|idp|2025|both|65|text_fallback|resource-efficient technologies, conservation and restoration efforts, education
CHAMA-DISTRICT-INTEGRATED-DEVELOPMENT-PLAN-28_02_2025.pdf|idp|2025|both|65|text_fallback|and family planning, and infrastructure development (public transportation,
CHAMA-DISTRICT-INTEGRATED-DEVELOPMENT-PLAN-28_02_2025.pdf|idp|2025|both|65|text_fallback|green spaces) will be essential.
CHAMA-DISTRICT-INTEGRATED-DEVELOPMENT-PLAN-28_02_2025.pdf|idp|2025|both|65|text_fallback|Figure 5 is an extract of google images depicting a time series analysis on the
CHAMA-DISTRICT-INTEGRATED-DEVELOPMENT-PLAN-28_02_2025.pdf|idp|2025|both|65|text_fallback|change effect of population over 12 years in Kamphemba ward. The first image
CHAMA-DISTRICT-INTEGRATED-DEVELOPMENT-PLAN-28_02_2025.pdf|idp|2025|both|65|text_fallback|shows Kamphemba ward at a population 7,029 in 2011 and the subsequent
CHAMA-DISTRICT-INTEGRATED-DEVELOPMENT-PLAN-28_02_2025.pdf|idp|2025|both|65|text_fallback|image is at a population of 12,923 in 2023.
CHAMA-DISTRICT-INTEGRATED-DEVELOPMENT-PLAN-28_02_2025.pdf|idp|2025|both|65|text_fallback|35
CHAMA-DISTRICT-INTEGRATED-DEVELOPMENT-PLAN-28_02_2025.pdf|idp|2025|both|66|text_fallback|Figure 5: Kamphemba Area Time Series Analysis
CHAMA-DISTRICT-INTEGRATED-DEVELOPMENT-PLAN-28_02_2025.pdf|idp|2025|both|66|text_fallback|Source: Google Image (2024)
CHAMA-DISTRICT-INTEGRATED-DEVELOPMENT-PLAN-28_02_2025.pdf|idp|2025|both|66|text_fallback|36
CHAMA-DISTRICT-INTEGRATED-DEVELOPMENT-PLAN-28_02_2025.pdf|idp|2025|both|67|text_fallback|PART TWO: SECTORAL AND THEMATIC ANALYSIS
CHAMA-DISTRICT-INTEGRATED-DEVELOPMENT-PLAN-28_02_2025.pdf|idp|2025|both|67|text_fallback|AGRICULTURAL SECTOR
CHAMA-DISTRICT-INTEGRATED-DEVELOPMENT-PLAN-28_02_2025.pdf|idp|2025|both|67|text_fallback|Agriculture sector is a mainstay of the people in Chama district as people earn
CHAMA-DISTRICT-INTEGRATED-DEVELOPMENT-PLAN-28_02_2025.pdf|idp|2025|both|67|text_fallback|their living through the agriculture sector. The people of Chama continue to live
CHAMA-DISTRICT-INTEGRATED-DEVELOPMENT-PLAN-28_02_2025.pdf|idp|2025|both|67|text_fallback|a socially and economically productive life by engaging themselves in crop
CHAMA-DISTRICT-INTEGRATED-DEVELOPMENT-PLAN-28_02_2025.pdf|idp|2025|both|67|text_fallback|farming.
CHAMA-DISTRICT-INTEGRATED-DEVELOPMENT-PLAN-28_02_2025.pdf|idp|2025|both|67|text_fallback|Key Government Priorities to Be Implemented at a Local Levels
CHAMA-DISTRICT-INTEGRATED-DEVELOPMENT-PLAN-28_02_2025.pdf|idp|2025|both|67|text_fallback|Key Priorities of the Development Plans, Policies, Strategies and How They Are to
CHAMA-DISTRICT-INTEGRATED-DEVELOPMENT-PLAN-28_02_2025.pdf|idp|2025|both|67|text_fallback|Be Implements at a Local Level
CHAMA-DISTRICT-INTEGRATED-DEVELOPMENT-PLAN-28_02_2025.pdf|idp|2025|both|67|text_fallback|The key priorities in the plan include diversification and increase Climate Smart
CHAMA-DISTRICT-INTEGRATED-DEVELOPMENT-PLAN-28_02_2025.pdf|idp|2025|both|67|text_fallback|Agriculture promotion in crop production and productivity. The other Key priorities
CHAMA-DISTRICT-INTEGRATED-DEVELOPMENT-PLAN-28_02_2025.pdf|idp|2025|both|67|text_fallback|include promotion of value addition. These priorities are being done at the local
CHAMA-DISTRICT-INTEGRATED-DEVELOPMENT-PLAN-28_02_2025.pdf|idp|2025|both|67|text_fallback|level by supporting farmers with agricultural inputs and advisory services through
CHAMA-DISTRICT-INTEGRATED-DEVELOPMENT-PLAN-28_02_2025.pdf|idp|2025|both|67|text_fallback|extension services, engagement meetings with farmers and lobbying for support
CHAMA-DISTRICT-INTEGRATED-DEVELOPMENT-PLAN-28_02_2025.pdf|idp|2025|both|67|text_fallback|from stakeholders to assist farmers procure equipment to support value addition.
CHAMA-DISTRICT-INTEGRATED-DEVELOPMENT-PLAN-28_02_2025.pdf|idp|2025|both|67|text_fallback|There is existing overarching Policy Frameworks, various policies and strategies
CHAMA-DISTRICT-INTEGRATED-DEVELOPMENT-PLAN-28_02_2025.pdf|idp|2025|both|67|text_fallback|which are relevant for agricultural development and enhancement of food
CHAMA-DISTRICT-INTEGRATED-DEVELOPMENT-PLAN-28_02_2025.pdf|idp|2025|both|67|text_fallback|security. Current development plans, strategies and policies relevant to the
CHAMA-DISTRICT-INTEGRATED-DEVELOPMENT-PLAN-28_02_2025.pdf|idp|2025|both|67|text_fallback|agricultural sector available include;
CHAMA-DISTRICT-INTEGRATED-DEVELOPMENT-PLAN-28_02_2025.pdf|idp|2025|both|67|text_fallback|✓ Second National Agricultural Policy (2016)
CHAMA-DISTRICT-INTEGRATED-DEVELOPMENT-PLAN-28_02_2025.pdf|idp|2025|both|67|text_fallback|✓ National Food and Nutrition Policy (2006)
CHAMA-DISTRICT-INTEGRATED-DEVELOPMENT-PLAN-28_02_2025.pdf|idp|2025|both|67|text_fallback|✓ The National Decentralization Policy (2013)
CHAMA-DISTRICT-INTEGRATED-DEVELOPMENT-PLAN-28_02_2025.pdf|idp|2025|both|67|text_fallback|✓ Rural Finance Policy and Strategy (2012)
CHAMA-DISTRICT-INTEGRATED-DEVELOPMENT-PLAN-28_02_2025.pdf|idp|2025|both|67|text_fallback|✓ National Monitoring and Evaluation Policy (2019-2023)
CHAMA-DISTRICT-INTEGRATED-DEVELOPMENT-PLAN-28_02_2025.pdf|idp|2025|both|67|text_fallback|37
CHAMA-DISTRICT-INTEGRATED-DEVELOPMENT-PLAN-28_02_2025.pdf|idp|2025|both|68|text_fallback|✓ National Livestock Development Policy (2020)
CHAMA-DISTRICT-INTEGRATED-DEVELOPMENT-PLAN-28_02_2025.pdf|idp|2025|both|68|text_fallback|✓ National Trade Policy (2018)
CHAMA-DISTRICT-INTEGRATED-DEVELOPMENT-PLAN-28_02_2025.pdf|idp|2025|both|68|text_fallback|✓ National Lands Policy (2021)
CHAMA-DISTRICT-INTEGRATED-DEVELOPMENT-PLAN-28_02_2025.pdf|idp|2025|both|68|text_fallback|Assessment of the Existing State of Development
CHAMA-DISTRICT-INTEGRATED-DEVELOPMENT-PLAN-28_02_2025.pdf|idp|2025|both|68|text_fallback|In Chama district, the following are being implemented in the agricultural sector;
CHAMA-DISTRICT-INTEGRATED-DEVELOPMENT-PLAN-28_02_2025.pdf|idp|2025|both|68|text_fallback|The sector is implementing improved agricultural production and productivity
CHAMA-DISTRICT-INTEGRATED-DEVELOPMENT-PLAN-28_02_2025.pdf|idp|2025|both|68|text_fallback|through Climate Smart Agriculture promotion in 25 agricultural camps, currently
CHAMA-DISTRICT-INTEGRATED-DEVELOPMENT-PLAN-28_02_2025.pdf|idp|2025|both|68|text_fallback|the sector has 12,000ha Area under smart conservation agriculture. The district is
CHAMA-DISTRICT-INTEGRATED-DEVELOPMENT-PLAN-28_02_2025.pdf|idp|2025|both|68|text_fallback|also implementing Enhanced Farmer support program and Agroforestry and tree
CHAMA-DISTRICT-INTEGRATED-DEVELOPMENT-PLAN-28_02_2025.pdf|idp|2025|both|68|text_fallback|crops development, currently the sector is supporting 7,145 farmers with inputs
CHAMA-DISTRICT-INTEGRATED-DEVELOPMENT-PLAN-28_02_2025.pdf|idp|2025|both|68|text_fallback|under Farmer Input Support Program (FISP). The sector has managed to employ
CHAMA-DISTRICT-INTEGRATED-DEVELOPMENT-PLAN-28_02_2025.pdf|idp|2025|both|68|text_fallback|21 camp officers to enhance Agriculture extension services delivery in the district.
CHAMA-DISTRICT-INTEGRATED-DEVELOPMENT-PLAN-28_02_2025.pdf|idp|2025|both|68|text_fallback|Also, Early warning and surveillance system being done by strengthening Early
CHAMA-DISTRICT-INTEGRATED-DEVELOPMENT-PLAN-28_02_2025.pdf|idp|2025|both|68|text_fallback|warning systems in the district (25 rain gauge across the camps 1 automated
CHAMA-DISTRICT-INTEGRATED-DEVELOPMENT-PLAN-28_02_2025.pdf|idp|2025|both|68|text_fallback|weather station being done by the SCRALA project and Biocarbon Partner (BCP).
CHAMA-DISTRICT-INTEGRATED-DEVELOPMENT-PLAN-28_02_2025.pdf|idp|2025|both|68|text_fallback|The sector has one (1) Farmers Training Centre (FTC) which is meant for farmers
CHAMA-DISTRICT-INTEGRATED-DEVELOPMENT-PLAN-28_02_2025.pdf|idp|2025|both|68|text_fallback|learn and adopt farming technologies.
CHAMA-DISTRICT-INTEGRATED-DEVELOPMENT-PLAN-28_02_2025.pdf|idp|2025|both|68|text_fallback|Assessment of the Overall Performance of the District
CHAMA-DISTRICT-INTEGRATED-DEVELOPMENT-PLAN-28_02_2025.pdf|idp|2025|both|68|text_fallback|The overall performance of the sector is estimated at 67.7% that is in terms of
CHAMA-DISTRICT-INTEGRATED-DEVELOPMENT-PLAN-28_02_2025.pdf|idp|2025|both|68|text_fallback|extension staff’s provision, which is the backbone of agriculture production and
CHAMA-DISTRICT-INTEGRATED-DEVELOPMENT-PLAN-28_02_2025.pdf|idp|2025|both|68|text_fallback|productivity. There are some programs, which are not fully done due to limited
CHAMA-DISTRICT-INTEGRATED-DEVELOPMENT-PLAN-28_02_2025.pdf|idp|2025|both|68|text_fallback|number of staffs and inadequate number of decent housing. Map 4 below
CHAMA-DISTRICT-INTEGRATED-DEVELOPMENT-PLAN-28_02_2025.pdf|idp|2025|both|68|text_fallback|depicts the housing status within the district.
CHAMA-DISTRICT-INTEGRATED-DEVELOPMENT-PLAN-28_02_2025.pdf|idp|2025|both|68|text_fallback|38
CHAMA-DISTRICT-INTEGRATED-DEVELOPMENT-PLAN-28_02_2025.pdf|idp|2025|both|69|text_fallback|Map 4: Chama district housing status of the agricultural department
CHAMA-DISTRICT-INTEGRATED-DEVELOPMENT-PLAN-28_02_2025.pdf|idp|2025|both|69|text_fallback|Source: Chama Town Council (2024)
CHAMA-DISTRICT-INTEGRATED-DEVELOPMENT-PLAN-28_02_2025.pdf|idp|2025|both|69|text_fallback|39
CHAMA-DISTRICT-INTEGRATED-DEVELOPMENT-PLAN-28_02_2025.pdf|idp|2025|both|70|text_fallback|Currently 12 camps out of 31 have decent housing units; the services are average
CHAMA-DISTRICT-INTEGRATED-DEVELOPMENT-PLAN-28_02_2025.pdf|idp|2025|both|70|text_fallback|due to the officer-farmer ratio, which is currently standing at 1:1200
CHAMA-DISTRICT-INTEGRATED-DEVELOPMENT-PLAN-28_02_2025.pdf|idp|2025|both|70|text_fallback|(recommended ratio world standard 1:400).
CHAMA-DISTRICT-INTEGRATED-DEVELOPMENT-PLAN-28_02_2025.pdf|idp|2025|both|70|text_fallback|The sector has been divided into thirty-one (31) agriculture camps, which are
CHAMA-DISTRICT-INTEGRATED-DEVELOPMENT-PLAN-28_02_2025.pdf|idp|2025|both|70|text_fallback|subdivided into four-agriculture blocks. Twenty-one (21) camps are manned by
CHAMA-DISTRICT-INTEGRATED-DEVELOPMENT-PLAN-28_02_2025.pdf|idp|2025|both|70|text_fallback|twenty-one (21) extension officers charged with the responsibilities of providing
CHAMA-DISTRICT-INTEGRATED-DEVELOPMENT-PLAN-28_02_2025.pdf|idp|2025|both|70|text_fallback|extension services to farmers on agricultural practices that are climate resilient
CHAMA-DISTRICT-INTEGRATED-DEVELOPMENT-PLAN-28_02_2025.pdf|idp|2025|both|70|text_fallback|and productive while ten (10) camps are not yet manned. The district has an
CHAMA-DISTRICT-INTEGRATED-DEVELOPMENT-PLAN-28_02_2025.pdf|idp|2025|both|70|text_fallback|automated weather station at Chiteba Secondary School in Tembwe agricultural.
CHAMA-DISTRICT-INTEGRATED-DEVELOPMENT-PLAN-28_02_2025.pdf|idp|2025|both|70|text_fallback|The sector has 25 rain gauges to provide data, which help in development of
CHAMA-DISTRICT-INTEGRATED-DEVELOPMENT-PLAN-28_02_2025.pdf|idp|2025|both|70|text_fallback|early warning systems and rainfall patterns. The district has two (2) bulking centers
CHAMA-DISTRICT-INTEGRATED-DEVELOPMENT-PLAN-28_02_2025.pdf|idp|2025|both|70|text_fallback|in chibale and katangalika agricultural camp and two (2) tri-cycle these directly
CHAMA-DISTRICT-INTEGRATED-DEVELOPMENT-PLAN-28_02_2025.pdf|idp|2025|both|70|text_fallback|promote good marketing and transport systems in value chain. The sector is
CHAMA-DISTRICT-INTEGRATED-DEVELOPMENT-PLAN-28_02_2025.pdf|idp|2025|both|70|text_fallback|constructing a weir in Kalovya to promote irrigation in the district.
CHAMA-DISTRICT-INTEGRATED-DEVELOPMENT-PLAN-28_02_2025.pdf|idp|2025|both|70|text_fallback|A total number of 7,145 small-scale farmers are accessing agricultural inputs
CHAMA-DISTRICT-INTEGRATED-DEVELOPMENT-PLAN-28_02_2025.pdf|idp|2025|both|70|text_fallback|through Farmer Input Support Programme (FISP). The sector has more than 37669
CHAMA-DISTRICT-INTEGRATED-DEVELOPMENT-PLAN-28_02_2025.pdf|idp|2025|both|70|text_fallback|farmers registered under its system (ZIAMIS) this shows that the sector has potential
CHAMA-DISTRICT-INTEGRATED-DEVELOPMENT-PLAN-28_02_2025.pdf|idp|2025|both|70|text_fallback|to work with so many farmers and become a food hub for the province. Other
CHAMA-DISTRICT-INTEGRATED-DEVELOPMENT-PLAN-28_02_2025.pdf|idp|2025|both|70|text_fallback|activities will include the establishment of 15 farmer field schools in different
CHAMA-DISTRICT-INTEGRATED-DEVELOPMENT-PLAN-28_02_2025.pdf|idp|2025|both|70|text_fallback|camps to help farmers with hands- on learning of good agriculture practices
CHAMA-DISTRICT-INTEGRATED-DEVELOPMENT-PLAN-28_02_2025.pdf|idp|2025|both|70|text_fallback|(GAP) and proven new agriculture practices. Further 25 rain gauges in 25 camps
CHAMA-DISTRICT-INTEGRATED-DEVELOPMENT-PLAN-28_02_2025.pdf|idp|2025|both|70|text_fallback|have been installed to give rainfall data to help farmers make informed decision.
CHAMA-DISTRICT-INTEGRATED-DEVELOPMENT-PLAN-28_02_2025.pdf|idp|2025|both|70|text_fallback|One weir has been constructed in kalovya camp to help farmers plant even off
CHAMA-DISTRICT-INTEGRATED-DEVELOPMENT-PLAN-28_02_2025.pdf|idp|2025|both|70|text_fallback|rain season.
CHAMA-DISTRICT-INTEGRATED-DEVELOPMENT-PLAN-28_02_2025.pdf|idp|2025|both|70|text_fallback|The quality of services provided in the agricultural sector is average due to
CHAMA-DISTRICT-INTEGRATED-DEVELOPMENT-PLAN-28_02_2025.pdf|idp|2025|both|70|text_fallback|inadequate extension service due to unmanned camps and manned camps with
CHAMA-DISTRICT-INTEGRATED-DEVELOPMENT-PLAN-28_02_2025.pdf|idp|2025|both|70|text_fallback|40
CHAMA-DISTRICT-INTEGRATED-DEVELOPMENT-PLAN-28_02_2025.pdf|idp|2025|both|71|text_fallback|no proper housing for the staffs. This has negatively affected crop production for
CHAMA-DISTRICT-INTEGRATED-DEVELOPMENT-PLAN-28_02_2025.pdf|idp|2025|both|71|text_fallback|some farmers in Chama district.
CHAMA-DISTRICT-INTEGRATED-DEVELOPMENT-PLAN-28_02_2025.pdf|idp|2025|both|71|text_fallback|Issues from Public Participation Process
CHAMA-DISTRICT-INTEGRATED-DEVELOPMENT-PLAN-28_02_2025.pdf|idp|2025|both|71|text_fallback|The issue arising from the community concerning overall performance was the
CHAMA-DISTRICT-INTEGRATED-DEVELOPMENT-PLAN-28_02_2025.pdf|idp|2025|both|71|text_fallback|need to ensure that decent housing is built for the extension staffs and also
CHAMA-DISTRICT-INTEGRATED-DEVELOPMENT-PLAN-28_02_2025.pdf|idp|2025|both|71|text_fallback|unmanned camps are filled up if quality service was to be delivered.
CHAMA-DISTRICT-INTEGRATED-DEVELOPMENT-PLAN-28_02_2025.pdf|idp|2025|both|71|text_fallback|Impact of Changes Anticipated on Land Use and Population Distribution Patterns
CHAMA-DISTRICT-INTEGRATED-DEVELOPMENT-PLAN-28_02_2025.pdf|idp|2025|both|71|text_fallback|Over the Next Ten Years
CHAMA-DISTRICT-INTEGRATED-DEVELOPMENT-PLAN-28_02_2025.pdf|idp|2025|both|71|text_fallback|The population increase as highlighted under population projection in the next
CHAMA-DISTRICT-INTEGRATED-DEVELOPMENT-PLAN-28_02_2025.pdf|idp|2025|both|71|text_fallback|ten (10) years is likely to double the number of farmers in the district and this will
CHAMA-DISTRICT-INTEGRATED-DEVELOPMENT-PLAN-28_02_2025.pdf|idp|2025|both|71|text_fallback|demand a corresponding increase in the number of extension worker to provide
CHAMA-DISTRICT-INTEGRATED-DEVELOPMENT-PLAN-28_02_2025.pdf|idp|2025|both|71|text_fallback|extension services to all the farmers in the district. The demand for land for the
CHAMA-DISTRICT-INTEGRATED-DEVELOPMENT-PLAN-28_02_2025.pdf|idp|2025|both|71|text_fallback|farmers who do farming will result in reduction of the total extent of the forest
CHAMA-DISTRICT-INTEGRATED-DEVELOPMENT-PLAN-28_02_2025.pdf|idp|2025|both|71|text_fallback|cover and the size of the wetland in the district, which may contribute to climate
CHAMA-DISTRICT-INTEGRATED-DEVELOPMENT-PLAN-28_02_2025.pdf|idp|2025|both|71|text_fallback|change and weather veracities. Further, population increase will mean demand
CHAMA-DISTRICT-INTEGRATED-DEVELOPMENT-PLAN-28_02_2025.pdf|idp|2025|both|71|text_fallback|for food will increase and prices for the commodity will increase. This translates to
CHAMA-DISTRICT-INTEGRATED-DEVELOPMENT-PLAN-28_02_2025.pdf|idp|2025|both|71|text_fallback|more and more demand for land for agricultural purposes. If farmers continue to
CHAMA-DISTRICT-INTEGRATED-DEVELOPMENT-PLAN-28_02_2025.pdf|idp|2025|both|71|text_fallback|use traditional methods to do farming, more forestry land and wetland will be
CHAMA-DISTRICT-INTEGRATED-DEVELOPMENT-PLAN-28_02_2025.pdf|idp|2025|both|71|text_fallback|reduced.
CHAMA-DISTRICT-INTEGRATED-DEVELOPMENT-PLAN-28_02_2025.pdf|idp|2025|both|71|text_fallback|The proposed area of growth in the agricultural sector include: Pondo, Chasato,
CHAMA-DISTRICT-INTEGRATED-DEVELOPMENT-PLAN-28_02_2025.pdf|idp|2025|both|71|text_fallback|Kasela, Kaozi, Mungwalala and Kamfutu agriculture. These camps have since
CHAMA-DISTRICT-INTEGRATED-DEVELOPMENT-PLAN-28_02_2025.pdf|idp|2025|both|71|text_fallback|been gazeted.
CHAMA-DISTRICT-INTEGRATED-DEVELOPMENT-PLAN-28_02_2025.pdf|idp|2025|both|71|text_fallback|The government through the department is promoting an economic
CHAMA-DISTRICT-INTEGRATED-DEVELOPMENT-PLAN-28_02_2025.pdf|idp|2025|both|71|text_fallback|diversification by encouraging people to engage in farming activities and order
CHAMA-DISTRICT-INTEGRATED-DEVELOPMENT-PLAN-28_02_2025.pdf|idp|2025|both|71|text_fallback|to ensure actualization of these agenda farmers are empowered with farming
CHAMA-DISTRICT-INTEGRATED-DEVELOPMENT-PLAN-28_02_2025.pdf|idp|2025|both|71|text_fallback|41
CHAMA-DISTRICT-INTEGRATED-DEVELOPMENT-PLAN-28_02_2025.pdf|idp|2025|both|72|text_fallback|inputs and credit loans. This investment program has attracted more to venture
CHAMA-DISTRICT-INTEGRATED-DEVELOPMENT-PLAN-28_02_2025.pdf|idp|2025|both|72|text_fallback|into farming activities. This will lead to more demand for agricultural land; bringing
CHAMA-DISTRICT-INTEGRATED-DEVELOPMENT-PLAN-28_02_2025.pdf|idp|2025|both|72|text_fallback|about land use conflict as pressure of people moving into protected area
CHAMA-DISTRICT-INTEGRATED-DEVELOPMENT-PLAN-28_02_2025.pdf|idp|2025|both|72|text_fallback|increase. The situation may also affect population distribution pattern, as farmers
CHAMA-DISTRICT-INTEGRATED-DEVELOPMENT-PLAN-28_02_2025.pdf|idp|2025|both|72|text_fallback|will settle in protected areas.
CHAMA-DISTRICT-INTEGRATED-DEVELOPMENT-PLAN-28_02_2025.pdf|idp|2025|both|72|text_fallback|Impact of Environment and Climate Change
CHAMA-DISTRICT-INTEGRATED-DEVELOPMENT-PLAN-28_02_2025.pdf|idp|2025|both|72|text_fallback|The increase in demand for land and the movement of the people into protected
CHAMA-DISTRICT-INTEGRATED-DEVELOPMENT-PLAN-28_02_2025.pdf|idp|2025|both|72|text_fallback|area and any other forested area will lead to an increase deforestation, loss of
CHAMA-DISTRICT-INTEGRATED-DEVELOPMENT-PLAN-28_02_2025.pdf|idp|2025|both|72|text_fallback|biodiversity. These development trends will lead climate change effects such as
CHAMA-DISTRICT-INTEGRATED-DEVELOPMENT-PLAN-28_02_2025.pdf|idp|2025|both|72|text_fallback|late onset of the rains, increased temperatures and prolonged dry spell.
CHAMA-DISTRICT-INTEGRATED-DEVELOPMENT-PLAN-28_02_2025.pdf|idp|2025|both|72|text_fallback|There are many environmental and climate change impacts on this sector which
CHAMA-DISTRICT-INTEGRATED-DEVELOPMENT-PLAN-28_02_2025.pdf|idp|2025|both|72|text_fallback|includes; late onset of the rain season which affects the yield of the crop,
CHAMA-DISTRICT-INTEGRATED-DEVELOPMENT-PLAN-28_02_2025.pdf|idp|2025|both|72|text_fallback|increased temperatures which means increased pest incidence and diseases,
CHAMA-DISTRICT-INTEGRATED-DEVELOPMENT-PLAN-28_02_2025.pdf|idp|2025|both|72|text_fallback|prolonged dry spells hampering productivity in maize and other crops.
CHAMA-DISTRICT-INTEGRATED-DEVELOPMENT-PLAN-28_02_2025.pdf|idp|2025|both|72|text_fallback|Issues Arising Relating to Gender Groups and Vulnerable Groups
CHAMA-DISTRICT-INTEGRATED-DEVELOPMENT-PLAN-28_02_2025.pdf|idp|2025|both|72|text_fallback|Access to agriculture information and technologies due to gender inequality is
CHAMA-DISTRICT-INTEGRATED-DEVELOPMENT-PLAN-28_02_2025.pdf|idp|2025|both|72|text_fallback|one of the constraints in the agriculture sector. It has been shown that men
CHAMA-DISTRICT-INTEGRATED-DEVELOPMENT-PLAN-28_02_2025.pdf|idp|2025|both|72|text_fallback|typically receive more extension advice and have more contact with extension
CHAMA-DISTRICT-INTEGRATED-DEVELOPMENT-PLAN-28_02_2025.pdf|idp|2025|both|72|text_fallback|agents than women and girls yet women and the girls carry an important
CHAMA-DISTRICT-INTEGRATED-DEVELOPMENT-PLAN-28_02_2025.pdf|idp|2025|both|72|text_fallback|proportion of agriculture work.
CHAMA-DISTRICT-INTEGRATED-DEVELOPMENT-PLAN-28_02_2025.pdf|idp|2025|both|72|text_fallback|Typically, men hold more of the productive role involving the operation and
CHAMA-DISTRICT-INTEGRATED-DEVELOPMENT-PLAN-28_02_2025.pdf|idp|2025|both|72|text_fallback|maintenance of the farm. The production and productivity resulting from the
CHAMA-DISTRICT-INTEGRATED-DEVELOPMENT-PLAN-28_02_2025.pdf|idp|2025|both|72|text_fallback|empowerment programs designed for women, youths and the differently abled,
CHAMA-DISTRICT-INTEGRATED-DEVELOPMENT-PLAN-28_02_2025.pdf|idp|2025|both|72|text_fallback|has improved their livelihood with a trickle effect on the reduction of girls’ and
CHAMA-DISTRICT-INTEGRATED-DEVELOPMENT-PLAN-28_02_2025.pdf|idp|2025|both|72|text_fallback|boys’ dropout rate and reduction in HIV/AIDS incidences.
CHAMA-DISTRICT-INTEGRATED-DEVELOPMENT-PLAN-28_02_2025.pdf|idp|2025|both|72|text_fallback|42
CHAMA-DISTRICT-INTEGRATED-DEVELOPMENT-PLAN-28_02_2025.pdf|idp|2025|both|73|text_fallback|External Factors Contributing to the Issue
CHAMA-DISTRICT-INTEGRATED-DEVELOPMENT-PLAN-28_02_2025.pdf|idp|2025|both|73|text_fallback|There are many external factors, which contribute to the issue some of which
CHAMA-DISTRICT-INTEGRATED-DEVELOPMENT-PLAN-28_02_2025.pdf|idp|2025|both|73|text_fallback|includes climatic factors, macroeconomics, competitors and customers, and
CHAMA-DISTRICT-INTEGRATED-DEVELOPMENT-PLAN-28_02_2025.pdf|idp|2025|both|73|text_fallback|these factors are uncontrollable factors that affect production.
CHAMA-DISTRICT-INTEGRATED-DEVELOPMENT-PLAN-28_02_2025.pdf|idp|2025|both|73|text_fallback|Summary of the Core Issues
CHAMA-DISTRICT-INTEGRATED-DEVELOPMENT-PLAN-28_02_2025.pdf|idp|2025|both|73|text_fallback|✓ Low crop yield per unit area
CHAMA-DISTRICT-INTEGRATED-DEVELOPMENT-PLAN-28_02_2025.pdf|idp|2025|both|73|text_fallback|✓ Inadequate diversification of the crops
CHAMA-DISTRICT-INTEGRATED-DEVELOPMENT-PLAN-28_02_2025.pdf|idp|2025|both|73|text_fallback|✓ Poor infrastructure greatly affecting the sector performance.
CHAMA-DISTRICT-INTEGRATED-DEVELOPMENT-PLAN-28_02_2025.pdf|idp|2025|both|73|text_fallback|LIVESTOCK AND FISHERIES
CHAMA-DISTRICT-INTEGRATED-DEVELOPMENT-PLAN-28_02_2025.pdf|idp|2025|both|73|text_fallback|The livestock and fisheries sector play an important role to the national
CHAMA-DISTRICT-INTEGRATED-DEVELOPMENT-PLAN-28_02_2025.pdf|idp|2025|both|73|text_fallback|development through provision of various meat products to the economy. The
CHAMA-DISTRICT-INTEGRATED-DEVELOPMENT-PLAN-28_02_2025.pdf|idp|2025|both|73|text_fallback|sector facilitates and supports the development of sustainable, diversified and
CHAMA-DISTRICT-INTEGRATED-DEVELOPMENT-PLAN-28_02_2025.pdf|idp|2025|both|73|text_fallback|competitive fisheries and livestock sectors that assure food and nutrition security,
CHAMA-DISTRICT-INTEGRATED-DEVELOPMENT-PLAN-28_02_2025.pdf|idp|2025|both|73|text_fallback|contribute to job creation, maximize profits and contributing to Gross Domestic
CHAMA-DISTRICT-INTEGRATED-DEVELOPMENT-PLAN-28_02_2025.pdf|idp|2025|both|73|text_fallback|Product (GDP).
CHAMA-DISTRICT-INTEGRATED-DEVELOPMENT-PLAN-28_02_2025.pdf|idp|2025|both|73|text_fallback|Key government priorities to be implemented at a local level
CHAMA-DISTRICT-INTEGRATED-DEVELOPMENT-PLAN-28_02_2025.pdf|idp|2025|both|73|text_fallback|Livestock
CHAMA-DISTRICT-INTEGRATED-DEVELOPMENT-PLAN-28_02_2025.pdf|idp|2025|both|73|text_fallback|The sector is governed by the National Livestock Development Policy of 2020 with
CHAMA-DISTRICT-INTEGRATED-DEVELOPMENT-PLAN-28_02_2025.pdf|idp|2025|both|73|text_fallback|the following key priority areas;
CHAMA-DISTRICT-INTEGRATED-DEVELOPMENT-PLAN-28_02_2025.pdf|idp|2025|both|73|text_fallback|✓ To promote sustainable livestock production and productivity;
CHAMA-DISTRICT-INTEGRATED-DEVELOPMENT-PLAN-28_02_2025.pdf|idp|2025|both|73|text_fallback|✓ To promote established standards and quality of livestock, livestock
CHAMA-DISTRICT-INTEGRATED-DEVELOPMENT-PLAN-28_02_2025.pdf|idp|2025|both|73|text_fallback|products, and by products;
CHAMA-DISTRICT-INTEGRATED-DEVELOPMENT-PLAN-28_02_2025.pdf|idp|2025|both|73|text_fallback|✓ To strength livestock Research and Development;
CHAMA-DISTRICT-INTEGRATED-DEVELOPMENT-PLAN-28_02_2025.pdf|idp|2025|both|73|text_fallback|43
CHAMA-DISTRICT-INTEGRATED-DEVELOPMENT-PLAN-28_02_2025.pdf|idp|2025|both|74|text_fallback|✓ To promote sustainable management of Farm Animal Genetic
CHAMA-DISTRICT-INTEGRATED-DEVELOPMENT-PLAN-28_02_2025.pdf|idp|2025|both|74|text_fallback|Resources;
CHAMA-DISTRICT-INTEGRATED-DEVELOPMENT-PLAN-28_02_2025.pdf|idp|2025|both|74|text_fallback|✓ To improve the animal welfare and livestock production environment;
CHAMA-DISTRICT-INTEGRATED-DEVELOPMENT-PLAN-28_02_2025.pdf|idp|2025|both|74|text_fallback|✓ To improve animal health service delivery;
CHAMA-DISTRICT-INTEGRATED-DEVELOPMENT-PLAN-28_02_2025.pdf|idp|2025|both|74|text_fallback|✓ To improve the management of rangelands and livestock water
CHAMA-DISTRICT-INTEGRATED-DEVELOPMENT-PLAN-28_02_2025.pdf|idp|2025|both|74|text_fallback|resources; and
CHAMA-DISTRICT-INTEGRATED-DEVELOPMENT-PLAN-28_02_2025.pdf|idp|2025|both|74|text_fallback|✓ To establish a Livestock Information Management System (LIMS)
CHAMA-DISTRICT-INTEGRATED-DEVELOPMENT-PLAN-28_02_2025.pdf|idp|2025|both|74|text_fallback|Fisheries
CHAMA-DISTRICT-INTEGRATED-DEVELOPMENT-PLAN-28_02_2025.pdf|idp|2025|both|74|text_fallback|The following are the key priority areas in the fisheries sector;
CHAMA-DISTRICT-INTEGRATED-DEVELOPMENT-PLAN-28_02_2025.pdf|idp|2025|both|74|text_fallback|✓ Promote the sustainable development of fisheries through a preventive
CHAMA-DISTRICT-INTEGRATED-DEVELOPMENT-PLAN-28_02_2025.pdf|idp|2025|both|74|text_fallback|approach in fisheries management, conservation, utilization and
CHAMA-DISTRICT-INTEGRATED-DEVELOPMENT-PLAN-28_02_2025.pdf|idp|2025|both|74|text_fallback|development;
CHAMA-DISTRICT-INTEGRATED-DEVELOPMENT-PLAN-28_02_2025.pdf|idp|2025|both|74|text_fallback|✓ To establish fisheries management areas and fisheries management
CHAMA-DISTRICT-INTEGRATED-DEVELOPMENT-PLAN-28_02_2025.pdf|idp|2025|both|74|text_fallback|committees;
CHAMA-DISTRICT-INTEGRATED-DEVELOPMENT-PLAN-28_02_2025.pdf|idp|2025|both|74|text_fallback|✓ To provide for the regulation of commercial fishing and aquaculture;
CHAMA-DISTRICT-INTEGRATED-DEVELOPMENT-PLAN-28_02_2025.pdf|idp|2025|both|74|text_fallback|✓ To establish the Fisheries and Aquaculture Development Fund;
CHAMA-DISTRICT-INTEGRATED-DEVELOPMENT-PLAN-28_02_2025.pdf|idp|2025|both|74|text_fallback|The key 8NDP priorities being and will be implemented in Chama include the
CHAMA-DISTRICT-INTEGRATED-DEVELOPMENT-PLAN-28_02_2025.pdf|idp|2025|both|74|text_fallback|following;
CHAMA-DISTRICT-INTEGRATED-DEVELOPMENT-PLAN-28_02_2025.pdf|idp|2025|both|74|text_fallback|✓ Improved and diversified of agriculture input supply chain
CHAMA-DISTRICT-INTEGRATED-DEVELOPMENT-PLAN-28_02_2025.pdf|idp|2025|both|74|text_fallback|✓ Increased exports of agricultural commodities
CHAMA-DISTRICT-INTEGRATED-DEVELOPMENT-PLAN-28_02_2025.pdf|idp|2025|both|74|text_fallback|✓ Improved Agro-processing and value addition capacity
CHAMA-DISTRICT-INTEGRATED-DEVELOPMENT-PLAN-28_02_2025.pdf|idp|2025|both|74|text_fallback|✓ Enhanced capture fisheries production
CHAMA-DISTRICT-INTEGRATED-DEVELOPMENT-PLAN-28_02_2025.pdf|idp|2025|both|74|text_fallback|✓ Enhanced aquaculture fish production
CHAMA-DISTRICT-INTEGRATED-DEVELOPMENT-PLAN-28_02_2025.pdf|idp|2025|both|74|text_fallback|✓ Enhanced participation of youth in aquaculture
CHAMA-DISTRICT-INTEGRATED-DEVELOPMENT-PLAN-28_02_2025.pdf|idp|2025|both|74|text_fallback|✓ Improved livestock and fisheries infrastructure
CHAMA-DISTRICT-INTEGRATED-DEVELOPMENT-PLAN-28_02_2025.pdf|idp|2025|both|74|text_fallback|44
CHAMA-DISTRICT-INTEGRATED-DEVELOPMENT-PLAN-28_02_2025.pdf|idp|2025|both|75|text_fallback|The fisheries and livestock sector in Chama is underdeveloped due to low
CHAMA-DISTRICT-INTEGRATED-DEVELOPMENT-PLAN-28_02_2025.pdf|idp|2025|both|75|text_fallback|productivity and the 8NDP key priority areas are slowly being implemented
CHAMA-DISTRICT-INTEGRATED-DEVELOPMENT-PLAN-28_02_2025.pdf|idp|2025|both|75|text_fallback|because farmers are failing to increase the livestock numbers due to wild animal
CHAMA-DISTRICT-INTEGRATED-DEVELOPMENT-PLAN-28_02_2025.pdf|idp|2025|both|75|text_fallback|conflict, as the interaction is high which leads to domestic animals being killed,
CHAMA-DISTRICT-INTEGRATED-DEVELOPMENT-PLAN-28_02_2025.pdf|idp|2025|both|75|text_fallback|being infected with diseases like African Swine fever and rabies. The problem is
CHAMA-DISTRICT-INTEGRATED-DEVELOPMENT-PLAN-28_02_2025.pdf|idp|2025|both|75|text_fallback|common in Chama South Constituency and along Luangwa River area.
CHAMA-DISTRICT-INTEGRATED-DEVELOPMENT-PLAN-28_02_2025.pdf|idp|2025|both|75|text_fallback|The rearing system is where fish growth is at times totally dependent on the natural
CHAMA-DISTRICT-INTEGRATED-DEVELOPMENT-PLAN-28_02_2025.pdf|idp|2025|both|75|text_fallback|food population within the pond ecosystem. The type of production under the
CHAMA-DISTRICT-INTEGRATED-DEVELOPMENT-PLAN-28_02_2025.pdf|idp|2025|both|75|text_fallback|District Fisheries and Livestock is the production of quality seed (fingerlings brood
CHAMA-DISTRICT-INTEGRATED-DEVELOPMENT-PLAN-28_02_2025.pdf|idp|2025|both|75|text_fallback|stock management). Secondly, in rural enterprises there are few specialized
CHAMA-DISTRICT-INTEGRATED-DEVELOPMENT-PLAN-28_02_2025.pdf|idp|2025|both|75|text_fallback|fingerling producers. On the other hand, farmers do not have any donor support
CHAMA-DISTRICT-INTEGRATED-DEVELOPMENT-PLAN-28_02_2025.pdf|idp|2025|both|75|text_fallback|at the moment, they only receive technical assistant from fisheries officers at the
CHAMA-DISTRICT-INTEGRATED-DEVELOPMENT-PLAN-28_02_2025.pdf|idp|2025|both|75|text_fallback|district who are also under staffed. In addition, the district has no reliable supplier
CHAMA-DISTRICT-INTEGRATED-DEVELOPMENT-PLAN-28_02_2025.pdf|idp|2025|both|75|text_fallback|of feedstock which makes sustainability of most of the projects very difficult.
CHAMA-DISTRICT-INTEGRATED-DEVELOPMENT-PLAN-28_02_2025.pdf|idp|2025|both|75|text_fallback|At district level, the fisheries, livestock and veterinary services sector devolution
CHAMA-DISTRICT-INTEGRATED-DEVELOPMENT-PLAN-28_02_2025.pdf|idp|2025|both|75|text_fallback|plan is being implemented in addition to the 8NDP district implementation plan.
CHAMA-DISTRICT-INTEGRATED-DEVELOPMENT-PLAN-28_02_2025.pdf|idp|2025|both|75|text_fallback|Assessment of the Existing State of Development
CHAMA-DISTRICT-INTEGRATED-DEVELOPMENT-PLAN-28_02_2025.pdf|idp|2025|both|75|text_fallback|The district has 1 dam that is currently not stocked with fish in Chasato. Majority of
CHAMA-DISTRICT-INTEGRATED-DEVELOPMENT-PLAN-28_02_2025.pdf|idp|2025|both|75|text_fallback|the fish is reared in ponds. There are few ponds in the district with the following
CHAMA-DISTRICT-INTEGRATED-DEVELOPMENT-PLAN-28_02_2025.pdf|idp|2025|both|75|text_fallback|species as indicated In Table 7.
CHAMA-DISTRICT-INTEGRATED-DEVELOPMENT-PLAN-28_02_2025.pdf|idp|2025|both|75|text_fallback|45
CHAMA-DISTRICT-INTEGRATED-DEVELOPMENT-PLAN-28_02_2025.pdf|idp|2025|both|76|table|"DISTRICT | BLOCK | CAMP | NAME OF FARMER/FARMER
GROUP/COOPERATIVE/CLUB | PONDS/DAMS | NO. OF AQUA
FACILITIES"
CHAMA-DISTRICT-INTEGRATED-DEVELOPMENT-PLAN-28_02_2025.pdf|idp|2025|both|76|table|"Chama | Mphalausenga | Dungulungu | Dungulungu Women’s Club | Ponds | 7 stocked,
5 unstocked"
CHAMA-DISTRICT-INTEGRATED-DEVELOPMENT-PLAN-28_02_2025.pdf|idp|2025|both|76|table|"Chama | Luangwa | Chibale | Nachintoto Women’s Club | Ponds | 25 stocked, 10
unstocked"
CHAMA-DISTRICT-INTEGRATED-DEVELOPMENT-PLAN-28_02_2025.pdf|idp|2025|both|76|table|"Chama | Mphalausenga | Kambombo | Mr Chilembo (Samamba
village) | Ponds | 6 stocked, 4
unstocked"
CHAMA-DISTRICT-INTEGRATED-DEVELOPMENT-PLAN-28_02_2025.pdf|idp|2025|both|76|table|"Chama | Mphalausenga | Chama
central | Mr Salu (FTC) | Ponds | 1 stocked, 5
unstocked"
CHAMA-DISTRICT-INTEGRATED-DEVELOPMENT-PLAN-28_02_2025.pdf|idp|2025|both|76|table|"Chama | Mphalausenga | Chama
central | Mr Goma (Kaneta village) | Ponds | 1 unstocked"
CHAMA-DISTRICT-INTEGRATED-DEVELOPMENT-PLAN-28_02_2025.pdf|idp|2025|both|76|table|"Chama | Bazimu | Buli | Moonlite farmer group | Ponds | 2 unstocked"
CHAMA-DISTRICT-INTEGRATED-DEVELOPMENT-PLAN-28_02_2025.pdf|idp|2025|both|76|table|"Chama | Bazimu | Kalovya | Mr Banda (Kwendakuzulu
village) | Ponds | 6 unstocked"
CHAMA-DISTRICT-INTEGRATED-DEVELOPMENT-PLAN-28_02_2025.pdf|idp|2025|both|76|table|"Chama | Mphalausenga | Chama
central | Chama Boarding
Secondary School | Ponds | 1 unstocked"
CHAMA-DISTRICT-INTEGRATED-DEVELOPMENT-PLAN-28_02_2025.pdf|idp|2025|both|76|table|"Chama | Bazimu | Mundalanga | Mundalanga farmers group | Ponds | 2 unstocked"
CHAMA-DISTRICT-INTEGRATED-DEVELOPMENT-PLAN-28_02_2025.pdf|idp|2025|both|76|table|"Chama | Mphalausenga | Chama
central | Mr Kumwenda (Kaneta
village) | Ponds | 2 unstocked"
CHAMA-DISTRICT-INTEGRATED-DEVELOPMENT-PLAN-28_02_2025.pdf|idp|2025|both|77|table|"S/N | DIP TANK
LOCATION | VET CAMP | SCOPE | COMMENT"
CHAMA-DISTRICT-INTEGRATED-DEVELOPMENT-PLAN-28_02_2025.pdf|idp|2025|both|77|table|"1. | Chama central | Chama central | New
Construction | Yet to be
completed"
CHAMA-DISTRICT-INTEGRATED-DEVELOPMENT-PLAN-28_02_2025.pdf|idp|2025|both|77|table|"2. | Chasato | Manga | New
Construction | Yet to be
completed"
CHAMA-DISTRICT-INTEGRATED-DEVELOPMENT-PLAN-28_02_2025.pdf|idp|2025|both|77|table|"3. | Kaozi | Kambombo | New
Construction | Yet to be
completed"
CHAMA-DISTRICT-INTEGRATED-DEVELOPMENT-PLAN-28_02_2025.pdf|idp|2025|both|77|table|"4. | Kanyelele | Kanyelele | New
Construction | Yet to be
completed"
CHAMA-DISTRICT-INTEGRATED-DEVELOPMENT-PLAN-28_02_2025.pdf|idp|2025|both|77|table|"5. | Kalovya | Kalovya | New
Construction | Yet to be
completed"
CHAMA-DISTRICT-INTEGRATED-DEVELOPMENT-PLAN-28_02_2025.pdf|idp|2025|both|78|text_fallback|2. Spray Races
CHAMA-DISTRICT-INTEGRATED-DEVELOPMENT-PLAN-28_02_2025.pdf|idp|2025|both|78|text_fallback|There are no spray races in the district.
CHAMA-DISTRICT-INTEGRATED-DEVELOPMENT-PLAN-28_02_2025.pdf|idp|2025|both|78|text_fallback|3. Livestock Service Centers
CHAMA-DISTRICT-INTEGRATED-DEVELOPMENT-PLAN-28_02_2025.pdf|idp|2025|both|78|text_fallback|The district has one (1) Livestock service center at Chizimba which has been
CHAMA-DISTRICT-INTEGRATED-DEVELOPMENT-PLAN-28_02_2025.pdf|idp|2025|both|78|text_fallback|vandalized.
CHAMA-DISTRICT-INTEGRATED-DEVELOPMENT-PLAN-28_02_2025.pdf|idp|2025|both|78|text_fallback|Assessment of the Overall Performance of the District
CHAMA-DISTRICT-INTEGRATED-DEVELOPMENT-PLAN-28_02_2025.pdf|idp|2025|both|78|text_fallback|Due to a number of unfinished infrastructure projects, the district continues to fare
CHAMA-DISTRICT-INTEGRATED-DEVELOPMENT-PLAN-28_02_2025.pdf|idp|2025|both|78|text_fallback|poorly in this area. Furthermore, the department does not have enough personnel
CHAMA-DISTRICT-INTEGRATED-DEVELOPMENT-PLAN-28_02_2025.pdf|idp|2025|both|78|text_fallback|or transportation to adequately oversee the many activities taking place in the
CHAMA-DISTRICT-INTEGRATED-DEVELOPMENT-PLAN-28_02_2025.pdf|idp|2025|both|78|text_fallback|district. Table 9 indicates that the quality of services provided in the district is
CHAMA-DISTRICT-INTEGRATED-DEVELOPMENT-PLAN-28_02_2025.pdf|idp|2025|both|78|text_fallback|generally poor and most parts of the district do not receive the services from the
CHAMA-DISTRICT-INTEGRATED-DEVELOPMENT-PLAN-28_02_2025.pdf|idp|2025|both|78|text_fallback|department.
CHAMA-DISTRICT-INTEGRATED-DEVELOPMENT-PLAN-28_02_2025.pdf|idp|2025|both|78|text_fallback|48
CHAMA-DISTRICT-INTEGRATED-DEVELOPMENT-PLAN-28_02_2025.pdf|idp|2025|both|79|table|"S/N | Services | Quality of
Service | Issues arising from Public
Participation | Where the service is provided"
CHAMA-DISTRICT-INTEGRATED-DEVELOPMENT-PLAN-28_02_2025.pdf|idp|2025|both|79|table|"1. | Animal Health
Extension Services | Poor | Service only provided at the CBD | Mazonde, Muchinga, Kaozi, Lumezi,
Chilubaluba"
CHAMA-DISTRICT-INTEGRATED-DEVELOPMENT-PLAN-28_02_2025.pdf|idp|2025|both|79|table|"2. | Animal Health
Public Services | Poor |  | Mazonde, Muchinga, Kaozi, Lumezi,
Chilubaluba"
CHAMA-DISTRICT-INTEGRATED-DEVELOPMENT-PLAN-28_02_2025.pdf|idp|2025|both|79|table|"3. | Surveillance and
Enforcement
services | Poor | Officers do not visit most
livestock/fisheries projects/farms | Mazonde, Muchinga, Kaozi, Lumezi,
Chilubaluba"
CHAMA-DISTRICT-INTEGRATED-DEVELOPMENT-PLAN-28_02_2025.pdf|idp|2025|both|79|table|"4. | Community
Sensitization | Poor | Service is provided but not
adequate | Mazonde, Muchinga, Kaozi, Lumezi,
Chilubaluba"
CHAMA-DISTRICT-INTEGRATED-DEVELOPMENT-PLAN-28_02_2025.pdf|idp|2025|both|79|table|"5. | Issuance of Stock
Movement
Permits | Poor | Service not provided | Mazonde, Muchinga, Kaozi, Lumezi,
Chilubaluba"
CHAMA-DISTRICT-INTEGRATED-DEVELOPMENT-PLAN-28_02_2025.pdf|idp|2025|both|79|table|"6. | Animal
Identification and
Traceability
services | Poor | Service not provided | Mazonde, Muchinga, Kaozi, Lumezi,
Chilubaluba"
CHAMA-DISTRICT-INTEGRATED-DEVELOPMENT-PLAN-28_02_2025.pdf|idp|2025|both|79|table|"7. | Management
and Support
Services | Poor | Officers do not visit most
livestock/fisheries projects/farms | Mazonde, Muchinga, Kaozi, Lumezi,
Chilubaluba"
CHAMA-DISTRICT-INTEGRATED-DEVELOPMENT-PLAN-28_02_2025.pdf|idp|2025|both|80|text_fallback|Issues from Public Participation Process
CHAMA-DISTRICT-INTEGRATED-DEVELOPMENT-PLAN-28_02_2025.pdf|idp|2025|both|80|text_fallback|The sector's overall performance in the district is often rather bad. This can be
CHAMA-DISTRICT-INTEGRATED-DEVELOPMENT-PLAN-28_02_2025.pdf|idp|2025|both|80|text_fallback|linked to several issues brought up throughout the consultation process for public
CHAMA-DISTRICT-INTEGRATED-DEVELOPMENT-PLAN-28_02_2025.pdf|idp|2025|both|80|text_fallback|engagement. These were the main concerns that surfaced during the
CHAMA-DISTRICT-INTEGRATED-DEVELOPMENT-PLAN-28_02_2025.pdf|idp|2025|both|80|text_fallback|consultation process:
CHAMA-DISTRICT-INTEGRATED-DEVELOPMENT-PLAN-28_02_2025.pdf|idp|2025|both|80|text_fallback|✓ Water Capacity: Dams need to be constructed to increase water capacity
CHAMA-DISTRICT-INTEGRATED-DEVELOPMENT-PLAN-28_02_2025.pdf|idp|2025|both|80|text_fallback|for livestock and fish farming.
CHAMA-DISTRICT-INTEGRATED-DEVELOPMENT-PLAN-28_02_2025.pdf|idp|2025|both|80|text_fallback|✓ Livestock Feed: Legumes planting should be promoted among livestock
CHAMA-DISTRICT-INTEGRATED-DEVELOPMENT-PLAN-28_02_2025.pdf|idp|2025|both|80|text_fallback|farmers to improve feed quality.
CHAMA-DISTRICT-INTEGRATED-DEVELOPMENT-PLAN-28_02_2025.pdf|idp|2025|both|80|text_fallback|✓ Overgrazed Areas: Solar-powered commercial boreholes should be
CHAMA-DISTRICT-INTEGRATED-DEVELOPMENT-PLAN-28_02_2025.pdf|idp|2025|both|80|text_fallback|installed to restore overgrazed areas.
CHAMA-DISTRICT-INTEGRATED-DEVELOPMENT-PLAN-28_02_2025.pdf|idp|2025|both|80|text_fallback|✓ Fish Farming: A fish hatchery needs to be established to supply fingerlings,
CHAMA-DISTRICT-INTEGRATED-DEVELOPMENT-PLAN-28_02_2025.pdf|idp|2025|both|80|text_fallback|and support should be provided to fish farmers.
CHAMA-DISTRICT-INTEGRATED-DEVELOPMENT-PLAN-28_02_2025.pdf|idp|2025|both|80|text_fallback|✓ Staff Accommodation: There's a shortage of staff accommodation, which
CHAMA-DISTRICT-INTEGRATED-DEVELOPMENT-PLAN-28_02_2025.pdf|idp|2025|both|80|text_fallback|hinders officers from serving the communities effectively.
CHAMA-DISTRICT-INTEGRATED-DEVELOPMENT-PLAN-28_02_2025.pdf|idp|2025|both|80|text_fallback|✓ Disease Control: Non-functional dip-tanks need to be rehabilitated to
CHAMA-DISTRICT-INTEGRATED-DEVELOPMENT-PLAN-28_02_2025.pdf|idp|2025|both|80|text_fallback|facilitate disease control.
CHAMA-DISTRICT-INTEGRATED-DEVELOPMENT-PLAN-28_02_2025.pdf|idp|2025|both|80|text_fallback|✓ Climate-Resilient Livestock: Farmers should be supplied with climate-resilient
CHAMA-DISTRICT-INTEGRATED-DEVELOPMENT-PLAN-28_02_2025.pdf|idp|2025|both|80|text_fallback|livestock, such as goats and village chicken.
CHAMA-DISTRICT-INTEGRATED-DEVELOPMENT-PLAN-28_02_2025.pdf|idp|2025|both|80|text_fallback|✓ Ecological Enhancement: Trees should be planted along and around
CHAMA-DISTRICT-INTEGRATED-DEVELOPMENT-PLAN-28_02_2025.pdf|idp|2025|both|80|text_fallback|water points as part of a water management strategy.
CHAMA-DISTRICT-INTEGRATED-DEVELOPMENT-PLAN-28_02_2025.pdf|idp|2025|both|80|text_fallback|✓ Stocking and Restocking: Programmes should be implemented to stock
CHAMA-DISTRICT-INTEGRATED-DEVELOPMENT-PLAN-28_02_2025.pdf|idp|2025|both|80|text_fallback|and restock fisheries.
CHAMA-DISTRICT-INTEGRATED-DEVELOPMENT-PLAN-28_02_2025.pdf|idp|2025|both|80|text_fallback|Assessment of the Impact of Changes Anticipated Over the Next Ten Years
CHAMA-DISTRICT-INTEGRATED-DEVELOPMENT-PLAN-28_02_2025.pdf|idp|2025|both|80|text_fallback|The district population is growing at an average of 2.5 per annum all things being
CHAMA-DISTRICT-INTEGRATED-DEVELOPMENT-PLAN-28_02_2025.pdf|idp|2025|both|80|text_fallback|equal. This entails that, a total number of registered farmers is likely to grow
CHAMA-DISTRICT-INTEGRATED-DEVELOPMENT-PLAN-28_02_2025.pdf|idp|2025|both|80|text_fallback|50
CHAMA-DISTRICT-INTEGRATED-DEVELOPMENT-PLAN-28_02_2025.pdf|idp|2025|both|81|table|"S/N | PROPOSED
PROJECT | PLAN
TARGET | ACTUAL AREA | COMMENTS"
CHAMA-DISTRICT-INTEGRATED-DEVELOPMENT-PLAN-28_02_2025.pdf|idp|2025|both|81|table|"1. | Construction
of Livestock
centres | 4 | Kalovya | Livestock service centres
have various tiers. Tier 1
recommended"
CHAMA-DISTRICT-INTEGRATED-DEVELOPMENT-PLAN-28_02_2025.pdf|idp|2025|both|81|table|" |  |  | Kanyelele | "
CHAMA-DISTRICT-INTEGRATED-DEVELOPMENT-PLAN-28_02_2025.pdf|idp|2025|both|81|table|" |  |  | Chasato | "
CHAMA-DISTRICT-INTEGRATED-DEVELOPMENT-PLAN-28_02_2025.pdf|idp|2025|both|81|table|" |  |  | Chizimba | Not functional. Tier 1. Feed
trough, water trough, and
crash pen only"
CHAMA-DISTRICT-INTEGRATED-DEVELOPMENT-PLAN-28_02_2025.pdf|idp|2025|both|81|table|" | Construction
of Livestock
market
centres | 4 | Chifunda | FSZ, DNPW. Council's
responsibility. High inflow of
people coming in to fish but
some are poachers"
CHAMA-DISTRICT-INTEGRATED-DEVELOPMENT-PLAN-28_02_2025.pdf|idp|2025|both|81|table|" |  |  | Mapamba | A very good fish area due to
the Luangwa River"
CHAMA-DISTRICT-INTEGRATED-DEVELOPMENT-PLAN-28_02_2025.pdf|idp|2025|both|81|table|" |  |  | Chikwa | "
CHAMA-DISTRICT-INTEGRATED-DEVELOPMENT-PLAN-28_02_2025.pdf|idp|2025|both|81|table|" |  |  | Tembwe | "
CHAMA-DISTRICT-INTEGRATED-DEVELOPMENT-PLAN-28_02_2025.pdf|idp|2025|both|82|table|" | Number of
livestock
slaughter
facilities
constructed | 2 | TOWN CENTRE | "
CHAMA-DISTRICT-INTEGRATED-DEVELOPMENT-PLAN-28_02_2025.pdf|idp|2025|both|82|table|" |  |  | KAMBOMBO | Should face where the cattle
are coming from. Look for
open spaces, minimize
inconvenience gen public"
CHAMA-DISTRICT-INTEGRATED-DEVELOPMENT-PLAN-28_02_2025.pdf|idp|2025|both|82|table|"2. | Hectares of
pasture
planted | 40 | FTC- | 10 Hectares in the ward.
Kapesha can do 3 hectares.
Pasture is different"
CHAMA-DISTRICT-INTEGRATED-DEVELOPMENT-PLAN-28_02_2025.pdf|idp|2025|both|82|table|" |  |  | Chasato | 10"
CHAMA-DISTRICT-INTEGRATED-DEVELOPMENT-PLAN-28_02_2025.pdf|idp|2025|both|82|table|" |  |  | Kaozi | 10"
CHAMA-DISTRICT-INTEGRATED-DEVELOPMENT-PLAN-28_02_2025.pdf|idp|2025|both|82|table|" |  |  | Kanyelele | 10"
CHAMA-DISTRICT-INTEGRATED-DEVELOPMENT-PLAN-28_02_2025.pdf|idp|2025|both|82|table|"3. | Public
infrastructure
constructed | 5 | FTC Dip tank | "
CHAMA-DISTRICT-INTEGRATED-DEVELOPMENT-PLAN-28_02_2025.pdf|idp|2025|both|82|table|" |  |  | Kanyelele -
construction | munyakatwa village"
CHAMA-DISTRICT-INTEGRATED-DEVELOPMENT-PLAN-28_02_2025.pdf|idp|2025|both|82|table|" |  |  | Dip tank
Chasato | Magolo village"
CHAMA-DISTRICT-INTEGRATED-DEVELOPMENT-PLAN-28_02_2025.pdf|idp|2025|both|82|table|" |  |  | Kalovya | Kalovya village"
CHAMA-DISTRICT-INTEGRATED-DEVELOPMENT-PLAN-28_02_2025.pdf|idp|2025|both|82|table|" |  |  | Kaozi | Kaozi scheme"
CHAMA-DISTRICT-INTEGRATED-DEVELOPMENT-PLAN-28_02_2025.pdf|idp|2025|both|82|table|"4. | Livestock
Camp houses | 5 | Manga - Manga
center | "
CHAMA-DISTRICT-INTEGRATED-DEVELOPMENT-PLAN-28_02_2025.pdf|idp|2025|both|82|table|" |  |  | Chilubanama –
centre | "
CHAMA-DISTRICT-INTEGRATED-DEVELOPMENT-PLAN-28_02_2025.pdf|idp|2025|both|82|table|" |  |  | Kanyelele –
centre | Rehabilitation"
CHAMA-DISTRICT-INTEGRATED-DEVELOPMENT-PLAN-28_02_2025.pdf|idp|2025|both|82|table|" |  |  | Tembwe –
Centre | "
CHAMA-DISTRICT-INTEGRATED-DEVELOPMENT-PLAN-28_02_2025.pdf|idp|2025|both|82|table|" |  |  | Chikwa – Centre | "
CHAMA-DISTRICT-INTEGRATED-DEVELOPMENT-PLAN-28_02_2025.pdf|idp|2025|both|83|text_fallback|Map 5: Status of development in the Livestock and Fisheries department
CHAMA-DISTRICT-INTEGRATED-DEVELOPMENT-PLAN-28_02_2025.pdf|idp|2025|both|83|text_fallback|Source: Chama Town Council (2024)
CHAMA-DISTRICT-INTEGRATED-DEVELOPMENT-PLAN-28_02_2025.pdf|idp|2025|both|83|text_fallback|53
CHAMA-DISTRICT-INTEGRATED-DEVELOPMENT-PLAN-28_02_2025.pdf|idp|2025|both|84|table|"Environment and climate
change | Impact on the sector"
CHAMA-DISTRICT-INTEGRATED-DEVELOPMENT-PLAN-28_02_2025.pdf|idp|2025|both|84|table|"Floods | Causes disease in livestock
Destroys the grazing field for animals leading
to animal migration
Damage to infrastructure"
CHAMA-DISTRICT-INTEGRATED-DEVELOPMENT-PLAN-28_02_2025.pdf|idp|2025|both|84|table|"High temperatures | Causes disease in livestock"
CHAMA-DISTRICT-INTEGRATED-DEVELOPMENT-PLAN-28_02_2025.pdf|idp|2025|both|84|table|" | Reduction of water levels affecting fish
farming adversely"
CHAMA-DISTRICT-INTEGRATED-DEVELOPMENT-PLAN-28_02_2025.pdf|idp|2025|both|85|text_fallback|✓ Fish ponds become breeding grounds for mosquitoes
CHAMA-DISTRICT-INTEGRATED-DEVELOPMENT-PLAN-28_02_2025.pdf|idp|2025|both|85|text_fallback|✓ The livestock sub-sector generates more greenhouse gas emissions
CHAMA-DISTRICT-INTEGRATED-DEVELOPMENT-PLAN-28_02_2025.pdf|idp|2025|both|85|text_fallback|causing climate variability
CHAMA-DISTRICT-INTEGRATED-DEVELOPMENT-PLAN-28_02_2025.pdf|idp|2025|both|85|text_fallback|✓ Underground water pollution
CHAMA-DISTRICT-INTEGRATED-DEVELOPMENT-PLAN-28_02_2025.pdf|idp|2025|both|85|text_fallback|✓ Soil degradation from intensive grazing
CHAMA-DISTRICT-INTEGRATED-DEVELOPMENT-PLAN-28_02_2025.pdf|idp|2025|both|85|text_fallback|✓ Bycatch and discarding non-target species in fisheries
CHAMA-DISTRICT-INTEGRATED-DEVELOPMENT-PLAN-28_02_2025.pdf|idp|2025|both|85|text_fallback|Issues Arising Relating to Gender Groups and Vulnerable Groups
CHAMA-DISTRICT-INTEGRATED-DEVELOPMENT-PLAN-28_02_2025.pdf|idp|2025|both|85|text_fallback|The sector has made significant strides in promoting a gender-balanced society
CHAMA-DISTRICT-INTEGRATED-DEVELOPMENT-PLAN-28_02_2025.pdf|idp|2025|both|85|text_fallback|by increasing women's access to livestock and fisheries inputs. Over 500 women
CHAMA-DISTRICT-INTEGRATED-DEVELOPMENT-PLAN-28_02_2025.pdf|idp|2025|both|85|text_fallback|are currently benefiting from government-supported programs such as the
CHAMA-DISTRICT-INTEGRATED-DEVELOPMENT-PLAN-28_02_2025.pdf|idp|2025|both|85|text_fallback|TRALARD project, SCRALA and Food Security Pack (FSP), and there's been a
CHAMA-DISTRICT-INTEGRATED-DEVELOPMENT-PLAN-28_02_2025.pdf|idp|2025|both|85|text_fallback|notable increase in women's participation in fish farming due to policy reforms.
CHAMA-DISTRICT-INTEGRATED-DEVELOPMENT-PLAN-28_02_2025.pdf|idp|2025|both|85|text_fallback|Additionally, the sector has seen a rise in youth participation, with over 3,500
CHAMA-DISTRICT-INTEGRATED-DEVELOPMENT-PLAN-28_02_2025.pdf|idp|2025|both|85|text_fallback|youths supported through the Constituency Development Fund (CDF). Efforts
CHAMA-DISTRICT-INTEGRATED-DEVELOPMENT-PLAN-28_02_2025.pdf|idp|2025|both|85|text_fallback|have also been made to support differently abled persons, with over 100
CHAMA-DISTRICT-INTEGRATED-DEVELOPMENT-PLAN-28_02_2025.pdf|idp|2025|both|85|text_fallback|individuals benefiting from various government programmes such as CDF.
CHAMA-DISTRICT-INTEGRATED-DEVELOPMENT-PLAN-28_02_2025.pdf|idp|2025|both|85|text_fallback|External Factors Contributing to the Issue
CHAMA-DISTRICT-INTEGRATED-DEVELOPMENT-PLAN-28_02_2025.pdf|idp|2025|both|85|text_fallback|The livestock sector in Chama is facing significant challenges due to wildlife
CHAMA-DISTRICT-INTEGRATED-DEVELOPMENT-PLAN-28_02_2025.pdf|idp|2025|both|85|text_fallback|conflict, which has a detrimental impact on livestock production. The presence
CHAMA-DISTRICT-INTEGRATED-DEVELOPMENT-PLAN-28_02_2025.pdf|idp|2025|both|85|text_fallback|of wild animals in the area makes it extremely difficult to rear livestock, as they are
CHAMA-DISTRICT-INTEGRATED-DEVELOPMENT-PLAN-28_02_2025.pdf|idp|2025|both|85|text_fallback|frequently attacked and killed. Furthermore, the outbreak of swine fever has had
CHAMA-DISTRICT-INTEGRATED-DEVELOPMENT-PLAN-28_02_2025.pdf|idp|2025|both|85|text_fallback|a devastating effect on pig farming, resulting in high mortality rates and making
CHAMA-DISTRICT-INTEGRATED-DEVELOPMENT-PLAN-28_02_2025.pdf|idp|2025|both|85|text_fallback|it unsustainable for farmers to continue keeping pigs.
CHAMA-DISTRICT-INTEGRATED-DEVELOPMENT-PLAN-28_02_2025.pdf|idp|2025|both|85|text_fallback|55
CHAMA-DISTRICT-INTEGRATED-DEVELOPMENT-PLAN-28_02_2025.pdf|idp|2025|both|86|text_fallback|Core issues from the sector
CHAMA-DISTRICT-INTEGRATED-DEVELOPMENT-PLAN-28_02_2025.pdf|idp|2025|both|86|text_fallback|The livestock and fisheries sector in the district is hindered by insufficient
CHAMA-DISTRICT-INTEGRATED-DEVELOPMENT-PLAN-28_02_2025.pdf|idp|2025|both|86|text_fallback|infrastructure and inadequate staffing, which severely limits the effective
CHAMA-DISTRICT-INTEGRATED-DEVELOPMENT-PLAN-28_02_2025.pdf|idp|2025|both|86|text_fallback|management and control of livestock and fisheries resources.
CHAMA-DISTRICT-INTEGRATED-DEVELOPMENT-PLAN-28_02_2025.pdf|idp|2025|both|86|text_fallback|COMMERCE AND TRADE
CHAMA-DISTRICT-INTEGRATED-DEVELOPMENT-PLAN-28_02_2025.pdf|idp|2025|both|86|text_fallback|Commerce and trade drive economic development by creating business and
CHAMA-DISTRICT-INTEGRATED-DEVELOPMENT-PLAN-28_02_2025.pdf|idp|2025|both|86|text_fallback|consumer opportunities. Chama's local economy is underdeveloped, relying
CHAMA-DISTRICT-INTEGRATED-DEVELOPMENT-PLAN-28_02_2025.pdf|idp|2025|both|86|text_fallback|heavily on subsistence agriculture and local trade, resulting in limited municipal
CHAMA-DISTRICT-INTEGRATED-DEVELOPMENT-PLAN-28_02_2025.pdf|idp|2025|both|86|text_fallback|resources. However, opportunities for growth exist in sectors such as transport,
CHAMA-DISTRICT-INTEGRATED-DEVELOPMENT-PLAN-28_02_2025.pdf|idp|2025|both|86|text_fallback|agriculture, livestock, fisheries, tourism, mining, and energy, which could help
CHAMA-DISTRICT-INTEGRATED-DEVELOPMENT-PLAN-28_02_2025.pdf|idp|2025|both|86|text_fallback|stimulate economic development.
CHAMA-DISTRICT-INTEGRATED-DEVELOPMENT-PLAN-28_02_2025.pdf|idp|2025|both|86|text_fallback|Key Government Priorities to Be Implemented at A Local Level
CHAMA-DISTRICT-INTEGRATED-DEVELOPMENT-PLAN-28_02_2025.pdf|idp|2025|both|86|text_fallback|Key Priorities of Sector Specific National Plans/Strategies and how they are to be
CHAMA-DISTRICT-INTEGRATED-DEVELOPMENT-PLAN-28_02_2025.pdf|idp|2025|both|86|text_fallback|implemented at a Local Level
CHAMA-DISTRICT-INTEGRATED-DEVELOPMENT-PLAN-28_02_2025.pdf|idp|2025|both|86|text_fallback|In Chama district, the focus is on improving transportation networks and
CHAMA-DISTRICT-INTEGRATED-DEVELOPMENT-PLAN-28_02_2025.pdf|idp|2025|both|86|text_fallback|facilitating trade, these initiatives support the district’s economic growth and
CHAMA-DISTRICT-INTEGRATED-DEVELOPMENT-PLAN-28_02_2025.pdf|idp|2025|both|86|text_fallback|contribute to achieving national commerce and trade objectives. Sector specific
CHAMA-DISTRICT-INTEGRATED-DEVELOPMENT-PLAN-28_02_2025.pdf|idp|2025|both|86|text_fallback|plans being implemented in Chama district
CHAMA-DISTRICT-INTEGRATED-DEVELOPMENT-PLAN-28_02_2025.pdf|idp|2025|both|86|text_fallback|✓ Zambia Development Agency Act No. of 2006
CHAMA-DISTRICT-INTEGRATED-DEVELOPMENT-PLAN-28_02_2025.pdf|idp|2025|both|86|text_fallback|✓ The Small and Medium Enterprise Policy of 2016
CHAMA-DISTRICT-INTEGRATED-DEVELOPMENT-PLAN-28_02_2025.pdf|idp|2025|both|86|text_fallback|✓ National Trade Policy of 2018
CHAMA-DISTRICT-INTEGRATED-DEVELOPMENT-PLAN-28_02_2025.pdf|idp|2025|both|86|text_fallback|✓ Commercial Trade and Industry policy of 2009
CHAMA-DISTRICT-INTEGRATED-DEVELOPMENT-PLAN-28_02_2025.pdf|idp|2025|both|86|text_fallback|✓ Eighth National Development Plan (2022-2026)
CHAMA-DISTRICT-INTEGRATED-DEVELOPMENT-PLAN-28_02_2025.pdf|idp|2025|both|86|text_fallback|56
CHAMA-DISTRICT-INTEGRATED-DEVELOPMENT-PLAN-28_02_2025.pdf|idp|2025|both|87|text_fallback|Assessment of the Existing State of Development
CHAMA-DISTRICT-INTEGRATED-DEVELOPMENT-PLAN-28_02_2025.pdf|idp|2025|both|87|text_fallback|The assessment of Chama District's commerce and trade sector reveals that
CHAMA-DISTRICT-INTEGRATED-DEVELOPMENT-PLAN-28_02_2025.pdf|idp|2025|both|87|text_fallback|market accessibility is limited, which restricts local producers' ability to reach
CHAMA-DISTRICT-INTEGRATED-DEVELOPMENT-PLAN-28_02_2025.pdf|idp|2025|both|87|text_fallback|larger markets. Business development is slow, with few initiatives to promote
CHAMA-DISTRICT-INTEGRATED-DEVELOPMENT-PLAN-28_02_2025.pdf|idp|2025|both|87|text_fallback|entrepreneurship and expand local businesses. Additionally, access to financial
CHAMA-DISTRICT-INTEGRATED-DEVELOPMENT-PLAN-28_02_2025.pdf|idp|2025|both|87|text_fallback|services is inadequate, making it difficult for businesses and individuals to secure
CHAMA-DISTRICT-INTEGRATED-DEVELOPMENT-PLAN-28_02_2025.pdf|idp|2025|both|87|text_fallback|the necessary funding for growth and investment.
CHAMA-DISTRICT-INTEGRATED-DEVELOPMENT-PLAN-28_02_2025.pdf|idp|2025|both|87|text_fallback|Availability of Services Relevant to this Sector
CHAMA-DISTRICT-INTEGRATED-DEVELOPMENT-PLAN-28_02_2025.pdf|idp|2025|both|87|text_fallback|The economy of Chama is primarily driven by subsistence agriculture and local
CHAMA-DISTRICT-INTEGRATED-DEVELOPMENT-PLAN-28_02_2025.pdf|idp|2025|both|87|text_fallback|trade, with a limited range of supporting infrastructure, including retail
CHAMA-DISTRICT-INTEGRATED-DEVELOPMENT-PLAN-28_02_2025.pdf|idp|2025|both|87|text_fallback|establishments, financial services, and hospitality facilities. The district's remote
CHAMA-DISTRICT-INTEGRATED-DEVELOPMENT-PLAN-28_02_2025.pdf|idp|2025|both|87|text_fallback|location and underdeveloped status hinder the growth of economic activity,
CHAMA-DISTRICT-INTEGRATED-DEVELOPMENT-PLAN-28_02_2025.pdf|idp|2025|both|87|text_fallback|constraining the potential for market expansion and diversification.
CHAMA-DISTRICT-INTEGRATED-DEVELOPMENT-PLAN-28_02_2025.pdf|idp|2025|both|87|text_fallback|Markets
CHAMA-DISTRICT-INTEGRATED-DEVELOPMENT-PLAN-28_02_2025.pdf|idp|2025|both|87|text_fallback|Chama District has a single gazetted market located in Kamphemba Ward, while
CHAMA-DISTRICT-INTEGRATED-DEVELOPMENT-PLAN-28_02_2025.pdf|idp|2025|both|87|text_fallback|five other markets (Tembwe, Chikwa Chibale, Kanyelele, Kambombo, and
CHAMA-DISTRICT-INTEGRATED-DEVELOPMENT-PLAN-28_02_2025.pdf|idp|2025|both|87|text_fallback|another) remain ungazetted. The district also features several growth nodes,
CHAMA-DISTRICT-INTEGRATED-DEVELOPMENT-PLAN-28_02_2025.pdf|idp|2025|both|87|text_fallback|including Kaozi, Muyombe Turnoff, Lundu, Katangalika, Mulilo Kalovya,
CHAMA-DISTRICT-INTEGRATED-DEVELOPMENT-PLAN-28_02_2025.pdf|idp|2025|both|87|text_fallback|Chifunda, and Mapamba.
CHAMA-DISTRICT-INTEGRATED-DEVELOPMENT-PLAN-28_02_2025.pdf|idp|2025|both|87|text_fallback|Banking Facilities
CHAMA-DISTRICT-INTEGRATED-DEVELOPMENT-PLAN-28_02_2025.pdf|idp|2025|both|87|text_fallback|Chama District has limited banking services, with only one non-commercial bank,
CHAMA-DISTRICT-INTEGRATED-DEVELOPMENT-PLAN-28_02_2025.pdf|idp|2025|both|87|text_fallback|NATSAVE, operating in the area. However, several other financial service
CHAMA-DISTRICT-INTEGRATED-DEVELOPMENT-PLAN-28_02_2025.pdf|idp|2025|both|87|text_fallback|providers are available, including GS salary advance, Totten gram financial
CHAMA-DISTRICT-INTEGRATED-DEVELOPMENT-PLAN-28_02_2025.pdf|idp|2025|both|87|text_fallback|57
CHAMA-DISTRICT-INTEGRATED-DEVELOPMENT-PLAN-28_02_2025.pdf|idp|2025|both|88|text_fallback|services, ZOONA, Zanaco agents, and mobile money services such as Airtel
CHAMA-DISTRICT-INTEGRATED-DEVELOPMENT-PLAN-28_02_2025.pdf|idp|2025|both|88|text_fallback|Money, Zamkwacha, and MTN Money.
CHAMA-DISTRICT-INTEGRATED-DEVELOPMENT-PLAN-28_02_2025.pdf|idp|2025|both|88|text_fallback|Trade
CHAMA-DISTRICT-INTEGRATED-DEVELOPMENT-PLAN-28_02_2025.pdf|idp|2025|both|88|text_fallback|The trading activities in Chama are dominated by small-scale entrepreneurs
CHAMA-DISTRICT-INTEGRATED-DEVELOPMENT-PLAN-28_02_2025.pdf|idp|2025|both|88|text_fallback|engaged in various retail businesses, including hardware, building materials,
CHAMA-DISTRICT-INTEGRATED-DEVELOPMENT-PLAN-28_02_2025.pdf|idp|2025|both|88|text_fallback|groceries, and foodstuffs such as rice, fish, maize, and vegetables. These
CHAMA-DISTRICT-INTEGRATED-DEVELOPMENT-PLAN-28_02_2025.pdf|idp|2025|both|88|text_fallback|commercial activities are concentrated in the Central Business District (CBD) and
CHAMA-DISTRICT-INTEGRATED-DEVELOPMENT-PLAN-28_02_2025.pdf|idp|2025|both|88|text_fallback|growth centres throughout the district.
CHAMA-DISTRICT-INTEGRATED-DEVELOPMENT-PLAN-28_02_2025.pdf|idp|2025|both|88|text_fallback|Cooperatives
CHAMA-DISTRICT-INTEGRATED-DEVELOPMENT-PLAN-28_02_2025.pdf|idp|2025|both|88|text_fallback|Chama District has approximately 540 cooperatives engaged in various
CHAMA-DISTRICT-INTEGRATED-DEVELOPMENT-PLAN-28_02_2025.pdf|idp|2025|both|88|text_fallback|economic activities, primarily maize cultivation and trading. The district has
CHAMA-DISTRICT-INTEGRATED-DEVELOPMENT-PLAN-28_02_2025.pdf|idp|2025|both|88|text_fallback|benefited from the Presidential Solar Hammer Milling Initiative, with 9 solar milling
CHAMA-DISTRICT-INTEGRATED-DEVELOPMENT-PLAN-28_02_2025.pdf|idp|2025|both|88|text_fallback|plants allocated, 65% of which are operational. The initiative is implemented by
CHAMA-DISTRICT-INTEGRATED-DEVELOPMENT-PLAN-28_02_2025.pdf|idp|2025|both|88|text_fallback|the Zambia Cooperative Federation, with support from the Department of
CHAMA-DISTRICT-INTEGRATED-DEVELOPMENT-PLAN-28_02_2025.pdf|idp|2025|both|88|text_fallback|Cooperatives and Entrepreneurship. Additionally, banking institutions provide
CHAMA-DISTRICT-INTEGRATED-DEVELOPMENT-PLAN-28_02_2025.pdf|idp|2025|both|88|text_fallback|loans and mortgages to promote business growth, with 80 cooperatives among
CHAMA-DISTRICT-INTEGRATED-DEVELOPMENT-PLAN-28_02_2025.pdf|idp|2025|both|88|text_fallback|those that have received funding.
CHAMA-DISTRICT-INTEGRATED-DEVELOPMENT-PLAN-28_02_2025.pdf|idp|2025|both|88|text_fallback|Gas Service Stations
CHAMA-DISTRICT-INTEGRATED-DEVELOPMENT-PLAN-28_02_2025.pdf|idp|2025|both|88|text_fallback|As of 2024, Chama district faces a significant challenge in accessing fuel, with no
CHAMA-DISTRICT-INTEGRATED-DEVELOPMENT-PLAN-28_02_2025.pdf|idp|2025|both|88|text_fallback|operational gas service stations within its boundaries. Consequently, residents are
CHAMA-DISTRICT-INTEGRATED-DEVELOPMENT-PLAN-28_02_2025.pdf|idp|2025|both|88|text_fallback|forced to procure fuel from neighboring Lundazi district. Furthermore, the local
CHAMA-DISTRICT-INTEGRATED-DEVELOPMENT-PLAN-28_02_2025.pdf|idp|2025|both|88|text_fallback|market is plagued by illegal fuel vendors, exacerbating the situation. Despite
CHAMA-DISTRICT-INTEGRATED-DEVELOPMENT-PLAN-28_02_2025.pdf|idp|2025|both|88|text_fallback|interest from prospective investors to establish a gas station in Chama, the poor
CHAMA-DISTRICT-INTEGRATED-DEVELOPMENT-PLAN-28_02_2025.pdf|idp|2025|both|88|text_fallback|state of the road network has hindered the transportation of fuel, thereby
CHAMA-DISTRICT-INTEGRATED-DEVELOPMENT-PLAN-28_02_2025.pdf|idp|2025|both|88|text_fallback|deterring investment in this critical infrastructure. Addressing the road network
CHAMA-DISTRICT-INTEGRATED-DEVELOPMENT-PLAN-28_02_2025.pdf|idp|2025|both|88|text_fallback|58
CHAMA-DISTRICT-INTEGRATED-DEVELOPMENT-PLAN-28_02_2025.pdf|idp|2025|both|89|text_fallback|challenges is essential to attracting investment and improving access to fuel
CHAMA-DISTRICT-INTEGRATED-DEVELOPMENT-PLAN-28_02_2025.pdf|idp|2025|both|89|text_fallback|in the district.
CHAMA-DISTRICT-INTEGRATED-DEVELOPMENT-PLAN-28_02_2025.pdf|idp|2025|both|89|text_fallback|Issues from Public Participation Process
CHAMA-DISTRICT-INTEGRATED-DEVELOPMENT-PLAN-28_02_2025.pdf|idp|2025|both|89|text_fallback|Chama district faces several challenges hindering its economic growth. Key issues
CHAMA-DISTRICT-INTEGRATED-DEVELOPMENT-PLAN-28_02_2025.pdf|idp|2025|both|89|text_fallback|from the public engagement included inadequate markets and trading spaces,
CHAMA-DISTRICT-INTEGRATED-DEVELOPMENT-PLAN-28_02_2025.pdf|idp|2025|both|89|text_fallback|insufficient storage and processing facilities for rice production, high commodity
CHAMA-DISTRICT-INTEGRATED-DEVELOPMENT-PLAN-28_02_2025.pdf|idp|2025|both|89|text_fallback|prices due to poor road networks, limited banking services in rural areas except
CHAMA-DISTRICT-INTEGRATED-DEVELOPMENT-PLAN-28_02_2025.pdf|idp|2025|both|89|text_fallback|for Kamphemba ward, face challenges in accessing financial services, hindering
CHAMA-DISTRICT-INTEGRATED-DEVELOPMENT-PLAN-28_02_2025.pdf|idp|2025|both|89|text_fallback|their ability to benefit from government initiatives such as CDF grants and loans,
CHAMA-DISTRICT-INTEGRATED-DEVELOPMENT-PLAN-28_02_2025.pdf|idp|2025|both|89|text_fallback|and poor network connectivity.
CHAMA-DISTRICT-INTEGRATED-DEVELOPMENT-PLAN-28_02_2025.pdf|idp|2025|both|89|text_fallback|Several wards in Chama District face network challenges that hinder access to
CHAMA-DISTRICT-INTEGRATED-DEVELOPMENT-PLAN-28_02_2025.pdf|idp|2025|both|89|text_fallback|financial mobile banking services. In Chama South, affected wards include
CHAMA-DISTRICT-INTEGRATED-DEVELOPMENT-PLAN-28_02_2025.pdf|idp|2025|both|89|text_fallback|Mapamba, Chilenje, Lunzi, Chipala, Vilimukulu, and Lumezi. Meanwhile, in
CHAMA-DISTRICT-INTEGRATED-DEVELOPMENT-PLAN-28_02_2025.pdf|idp|2025|both|89|text_fallback|Chama North, areas with network difficulties comprise parts of Muchinga,
CHAMA-DISTRICT-INTEGRATED-DEVELOPMENT-PLAN-28_02_2025.pdf|idp|2025|both|89|text_fallback|Mazonde, Nkhankha, Luangwa, Chisunga, and Ndunda. These connectivity
CHAMA-DISTRICT-INTEGRATED-DEVELOPMENT-PLAN-28_02_2025.pdf|idp|2025|both|89|text_fallback|issues pose significant obstacles to the efficient use of mobile banking services in
CHAMA-DISTRICT-INTEGRATED-DEVELOPMENT-PLAN-28_02_2025.pdf|idp|2025|both|89|text_fallback|these districts.
CHAMA-DISTRICT-INTEGRATED-DEVELOPMENT-PLAN-28_02_2025.pdf|idp|2025|both|89|text_fallback|Impact of Changes Anticipated Over the Next Ten Years
CHAMA-DISTRICT-INTEGRATED-DEVELOPMENT-PLAN-28_02_2025.pdf|idp|2025|both|89|text_fallback|Chama district faces a significant challenge in meeting the minimum requirement
CHAMA-DISTRICT-INTEGRATED-DEVELOPMENT-PLAN-28_02_2025.pdf|idp|2025|both|89|text_fallback|of having at least one market per ward. Currently, only Kamphemba ward has an
CHAMA-DISTRICT-INTEGRATED-DEVELOPMENT-PLAN-28_02_2025.pdf|idp|2025|both|89|text_fallback|officially recognized market, leaving a shortfall of 23 markets. To address this,
CHAMA-DISTRICT-INTEGRATED-DEVELOPMENT-PLAN-28_02_2025.pdf|idp|2025|both|89|text_fallback|market infrastructure development is underway, including the construction of the
CHAMA-DISTRICT-INTEGRATED-DEVELOPMENT-PLAN-28_02_2025.pdf|idp|2025|both|89|text_fallback|Tembwe Market shelter in Mabinga Ward and the Chibale Market shelter
CHAMA-DISTRICT-INTEGRATED-DEVELOPMENT-PLAN-28_02_2025.pdf|idp|2025|both|89|text_fallback|in Nkhankha Ward.
CHAMA-DISTRICT-INTEGRATED-DEVELOPMENT-PLAN-28_02_2025.pdf|idp|2025|both|89|text_fallback|59
CHAMA-DISTRICT-INTEGRATED-DEVELOPMENT-PLAN-28_02_2025.pdf|idp|2025|both|90|table|"Major Growth Nodes:
- Chibale
- Lundu
- Kalinkhu
- Kambombo
- Chikwa
- Chifunda | Secondary Growth Nodes:
- Kanyelele
- Katangalika
- Tembwe
- Kalovya
- Chasato
- Manga
- Kalasa"
CHAMA-DISTRICT-INTEGRATED-DEVELOPMENT-PLAN-28_02_2025.pdf|idp|2025|both|91|text_fallback|natural resources. This threatens the economic resilience of local traders and
CHAMA-DISTRICT-INTEGRATED-DEVELOPMENT-PLAN-28_02_2025.pdf|idp|2025|both|91|text_fallback|businesses, necessitating climate-resilient adaptations and diversification
CHAMA-DISTRICT-INTEGRATED-DEVELOPMENT-PLAN-28_02_2025.pdf|idp|2025|both|91|text_fallback|strategies to mitigate these impacts.
CHAMA-DISTRICT-INTEGRATED-DEVELOPMENT-PLAN-28_02_2025.pdf|idp|2025|both|91|text_fallback|The growth of Chama District's commerce and trade sector poses significant
CHAMA-DISTRICT-INTEGRATED-DEVELOPMENT-PLAN-28_02_2025.pdf|idp|2025|both|91|text_fallback|environmental risks, including deforestation, land degradation, habitat disruption,
CHAMA-DISTRICT-INTEGRATED-DEVELOPMENT-PLAN-28_02_2025.pdf|idp|2025|both|91|text_fallback|and increased carbon emissions. Unsustainable agricultural practices and
CHAMA-DISTRICT-INTEGRATED-DEVELOPMENT-PLAN-28_02_2025.pdf|idp|2025|both|91|text_fallback|infrastructure expansion may exacerbate soil erosion and biodiversity loss,
CHAMA-DISTRICT-INTEGRATED-DEVELOPMENT-PLAN-28_02_2025.pdf|idp|2025|both|91|text_fallback|accelerating environmental degradation and climate change impacts.
CHAMA-DISTRICT-INTEGRATED-DEVELOPMENT-PLAN-28_02_2025.pdf|idp|2025|both|91|text_fallback|Integrating sustainable practices and environmental safeguards into sector
CHAMA-DISTRICT-INTEGRATED-DEVELOPMENT-PLAN-28_02_2025.pdf|idp|2025|both|91|text_fallback|development is critical to mitigating these risks.
CHAMA-DISTRICT-INTEGRATED-DEVELOPMENT-PLAN-28_02_2025.pdf|idp|2025|both|91|text_fallback|Climate change poses significant risks to Chama District's commerce and trade
CHAMA-DISTRICT-INTEGRATED-DEVELOPMENT-PLAN-28_02_2025.pdf|idp|2025|both|91|text_fallback|sector, threatening agricultural production, infrastructure, and natural resources.
CHAMA-DISTRICT-INTEGRATED-DEVELOPMENT-PLAN-28_02_2025.pdf|idp|2025|both|91|text_fallback|Erratic weather patterns, infrastructure damage, and resource degradation may
CHAMA-DISTRICT-INTEGRATED-DEVELOPMENT-PLAN-28_02_2025.pdf|idp|2025|both|91|text_fallback|lead to reduced yields, supply chain disruptions, and declining economic
CHAMA-DISTRICT-INTEGRATED-DEVELOPMENT-PLAN-28_02_2025.pdf|idp|2025|both|91|text_fallback|resilience. Proactive adaptation strategies are essential to mitigate these impacts
CHAMA-DISTRICT-INTEGRATED-DEVELOPMENT-PLAN-28_02_2025.pdf|idp|2025|both|91|text_fallback|and ensure the long-term viability of the sector.
CHAMA-DISTRICT-INTEGRATED-DEVELOPMENT-PLAN-28_02_2025.pdf|idp|2025|both|91|text_fallback|Issues Arising Relating to Gender Groups and Vulnerable Groups
CHAMA-DISTRICT-INTEGRATED-DEVELOPMENT-PLAN-28_02_2025.pdf|idp|2025|both|91|text_fallback|Chama District's commerce and trade sector faces significant social inclusion
CHAMA-DISTRICT-INTEGRATED-DEVELOPMENT-PLAN-28_02_2025.pdf|idp|2025|both|91|text_fallback|challenges. Women and girls face barriers to economic opportunities due to
CHAMA-DISTRICT-INTEGRATED-DEVELOPMENT-PLAN-28_02_2025.pdf|idp|2025|both|91|text_fallback|limited access to capital, land, and education. Youth, particularly those with
CHAMA-DISTRICT-INTEGRATED-DEVELOPMENT-PLAN-28_02_2025.pdf|idp|2025|both|91|text_fallback|disabilities, require targeted support to develop skills and access finance.
CHAMA-DISTRICT-INTEGRATED-DEVELOPMENT-PLAN-28_02_2025.pdf|idp|2025|both|91|text_fallback|Furthermore, the district's HIV/AIDS-affected population needs inclusive trade
CHAMA-DISTRICT-INTEGRATED-DEVELOPMENT-PLAN-28_02_2025.pdf|idp|2025|both|91|text_fallback|policies and workplace health programs to access stable income opportunities.
CHAMA-DISTRICT-INTEGRATED-DEVELOPMENT-PLAN-28_02_2025.pdf|idp|2025|both|91|text_fallback|Addressing these social inclusion challenges through targeted interventions will
CHAMA-DISTRICT-INTEGRATED-DEVELOPMENT-PLAN-28_02_2025.pdf|idp|2025|both|91|text_fallback|be crucial to ensuring equitable economic growth, improving quality of life, and
CHAMA-DISTRICT-INTEGRATED-DEVELOPMENT-PLAN-28_02_2025.pdf|idp|2025|both|91|text_fallback|promoting a thriving local economy.
CHAMA-DISTRICT-INTEGRATED-DEVELOPMENT-PLAN-28_02_2025.pdf|idp|2025|both|91|text_fallback|61
CHAMA-DISTRICT-INTEGRATED-DEVELOPMENT-PLAN-28_02_2025.pdf|idp|2025|both|92|text_fallback|External Factors Contributing to the Issue
CHAMA-DISTRICT-INTEGRATED-DEVELOPMENT-PLAN-28_02_2025.pdf|idp|2025|both|92|text_fallback|External factors contributing to a lack of access to markets and participation in
CHAMA-DISTRICT-INTEGRATED-DEVELOPMENT-PLAN-28_02_2025.pdf|idp|2025|both|92|text_fallback|the regional economy include;
CHAMA-DISTRICT-INTEGRATED-DEVELOPMENT-PLAN-28_02_2025.pdf|idp|2025|both|92|text_fallback|✓ A lack of capacity to work on major road infrastructure projects such as
CHAMA-DISTRICT-INTEGRATED-DEVELOPMENT-PLAN-28_02_2025.pdf|idp|2025|both|92|text_fallback|the Luangwa and Kamphemba bridges as a district,
CHAMA-DISTRICT-INTEGRATED-DEVELOPMENT-PLAN-28_02_2025.pdf|idp|2025|both|92|text_fallback|✓ Roads in dilapidated state outside the district’s jurisdiction such as the
CHAMA-DISTRICT-INTEGRATED-DEVELOPMENT-PLAN-28_02_2025.pdf|idp|2025|both|92|text_fallback|Chama-Lundazi Road,
CHAMA-DISTRICT-INTEGRATED-DEVELOPMENT-PLAN-28_02_2025.pdf|idp|2025|both|92|text_fallback|✓ Setting of prices on the market
CHAMA-DISTRICT-INTEGRATED-DEVELOPMENT-PLAN-28_02_2025.pdf|idp|2025|both|92|text_fallback|✓ Fuel price fluctuations,
CHAMA-DISTRICT-INTEGRATED-DEVELOPMENT-PLAN-28_02_2025.pdf|idp|2025|both|92|text_fallback|✓ Electrical power generation, transmission, and distribution
CHAMA-DISTRICT-INTEGRATED-DEVELOPMENT-PLAN-28_02_2025.pdf|idp|2025|both|92|text_fallback|✓ Climatic impacts such as droughts and floods
CHAMA-DISTRICT-INTEGRATED-DEVELOPMENT-PLAN-28_02_2025.pdf|idp|2025|both|92|text_fallback|HOUSING SECTOR
CHAMA-DISTRICT-INTEGRATED-DEVELOPMENT-PLAN-28_02_2025.pdf|idp|2025|both|92|text_fallback|The housing sector in the district involves construction, development, and
CHAMA-DISTRICT-INTEGRATED-DEVELOPMENT-PLAN-28_02_2025.pdf|idp|2025|both|92|text_fallback|management, purchasing, selling, and renting of property, engaging
CHAMA-DISTRICT-INTEGRATED-DEVELOPMENT-PLAN-28_02_2025.pdf|idp|2025|both|92|text_fallback|stakeholders such as developers, government entities, NGOs, and companies.
CHAMA-DISTRICT-INTEGRATED-DEVELOPMENT-PLAN-28_02_2025.pdf|idp|2025|both|92|text_fallback|The focus will include implementing priorities from the 8th National Development
CHAMA-DISTRICT-INTEGRATED-DEVELOPMENT-PLAN-28_02_2025.pdf|idp|2025|both|92|text_fallback|Plan (8NDP), National Housing Policy, and District Implementation Plan along with
CHAMA-DISTRICT-INTEGRATED-DEVELOPMENT-PLAN-28_02_2025.pdf|idp|2025|both|92|text_fallback|assessing environmental impacts of current developments on climate change,
CHAMA-DISTRICT-INTEGRATED-DEVELOPMENT-PLAN-28_02_2025.pdf|idp|2025|both|92|text_fallback|gender-related issues, and external factors affecting the sector.
CHAMA-DISTRICT-INTEGRATED-DEVELOPMENT-PLAN-28_02_2025.pdf|idp|2025|both|92|text_fallback|Key Government Priorities to Be Implemented at A Local Level
CHAMA-DISTRICT-INTEGRATED-DEVELOPMENT-PLAN-28_02_2025.pdf|idp|2025|both|92|text_fallback|Chama district is currently facing a housing crisis as there is limited good standard
CHAMA-DISTRICT-INTEGRATED-DEVELOPMENT-PLAN-28_02_2025.pdf|idp|2025|both|92|text_fallback|housing infrastructure for local residents as well as government departments and
CHAMA-DISTRICT-INTEGRATED-DEVELOPMENT-PLAN-28_02_2025.pdf|idp|2025|both|92|text_fallback|institutions providing various services to the district. As a result, this has affected
CHAMA-DISTRICT-INTEGRATED-DEVELOPMENT-PLAN-28_02_2025.pdf|idp|2025|both|92|text_fallback|the quality of life and service provision; Impacts such as floods and natural
CHAMA-DISTRICT-INTEGRATED-DEVELOPMENT-PLAN-28_02_2025.pdf|idp|2025|both|92|text_fallback|disasters in both Chama North and Chama South constituencies have further
CHAMA-DISTRICT-INTEGRATED-DEVELOPMENT-PLAN-28_02_2025.pdf|idp|2025|both|92|text_fallback|62
CHAMA-DISTRICT-INTEGRATED-DEVELOPMENT-PLAN-28_02_2025.pdf|idp|2025|both|93|text_fallback|amplified this issue (Vilimukulu and Lunzi ward floods in 2019, Heavy rainfall and
CHAMA-DISTRICT-INTEGRATED-DEVELOPMENT-PLAN-28_02_2025.pdf|idp|2025|both|93|text_fallback|winds in Lundu Chiefdom in 2024 among others). Ripple effects of these impacts
CHAMA-DISTRICT-INTEGRATED-DEVELOPMENT-PLAN-28_02_2025.pdf|idp|2025|both|93|text_fallback|affected the social wellbeing of victims during these trying times.
CHAMA-DISTRICT-INTEGRATED-DEVELOPMENT-PLAN-28_02_2025.pdf|idp|2025|both|93|text_fallback|As a response to this issue, the government at district level has prioritized the
CHAMA-DISTRICT-INTEGRATED-DEVELOPMENT-PLAN-28_02_2025.pdf|idp|2025|both|93|text_fallback|increase of access to affordable and standardized housing units as well as
CHAMA-DISTRICT-INTEGRATED-DEVELOPMENT-PLAN-28_02_2025.pdf|idp|2025|both|93|text_fallback|improving the security of land tenure for different social groups; As a road map,
CHAMA-DISTRICT-INTEGRATED-DEVELOPMENT-PLAN-28_02_2025.pdf|idp|2025|both|93|text_fallback|the 8NDP and National Housing Policy will guide the district’s action toward
CHAMA-DISTRICT-INTEGRATED-DEVELOPMENT-PLAN-28_02_2025.pdf|idp|2025|both|93|text_fallback|addressing this issue. The stated priorities are to be actualized through
CHAMA-DISTRICT-INTEGRATED-DEVELOPMENT-PLAN-28_02_2025.pdf|idp|2025|both|93|text_fallback|government interventions such as the land development fund, construction of
CHAMA-DISTRICT-INTEGRATED-DEVELOPMENT-PLAN-28_02_2025.pdf|idp|2025|both|93|text_fallback|housing units for public facilities through means such as the CDF, establishment of
CHAMA-DISTRICT-INTEGRATED-DEVELOPMENT-PLAN-28_02_2025.pdf|idp|2025|both|93|text_fallback|planning agreements, and housing programmes supported by non-
CHAMA-DISTRICT-INTEGRATED-DEVELOPMENT-PLAN-28_02_2025.pdf|idp|2025|both|93|text_fallback|governmental organizations. In addition, these interventions are collaborative
CHAMA-DISTRICT-INTEGRATED-DEVELOPMENT-PLAN-28_02_2025.pdf|idp|2025|both|93|text_fallback|and will involve the collective effort of all government departments and relevant
CHAMA-DISTRICT-INTEGRATED-DEVELOPMENT-PLAN-28_02_2025.pdf|idp|2025|both|93|text_fallback|stakeholders within and beyond the district during the planning period.
CHAMA-DISTRICT-INTEGRATED-DEVELOPMENT-PLAN-28_02_2025.pdf|idp|2025|both|93|text_fallback|The expected outcome is a reduction in housing deficiency, mitigation of housing
CHAMA-DISTRICT-INTEGRATED-DEVELOPMENT-PLAN-28_02_2025.pdf|idp|2025|both|93|text_fallback|related social issues, improved resilience to climatic impacts and disasters, and
CHAMA-DISTRICT-INTEGRATED-DEVELOPMENT-PLAN-28_02_2025.pdf|idp|2025|both|93|text_fallback|enhanced land tenure security for district residents as well as both public and
CHAMA-DISTRICT-INTEGRATED-DEVELOPMENT-PLAN-28_02_2025.pdf|idp|2025|both|93|text_fallback|private institutions.
CHAMA-DISTRICT-INTEGRATED-DEVELOPMENT-PLAN-28_02_2025.pdf|idp|2025|both|93|text_fallback|Description of the existing state of development
CHAMA-DISTRICT-INTEGRATED-DEVELOPMENT-PLAN-28_02_2025.pdf|idp|2025|both|93|text_fallback|The following section looks at the state of development of the housing sector in
CHAMA-DISTRICT-INTEGRATED-DEVELOPMENT-PLAN-28_02_2025.pdf|idp|2025|both|93|text_fallback|Chama district, the key performance indicators, and how the district is performing
CHAMA-DISTRICT-INTEGRATED-DEVELOPMENT-PLAN-28_02_2025.pdf|idp|2025|both|93|text_fallback|at the current moment.
CHAMA-DISTRICT-INTEGRATED-DEVELOPMENT-PLAN-28_02_2025.pdf|idp|2025|both|93|text_fallback|Availability of services
CHAMA-DISTRICT-INTEGRATED-DEVELOPMENT-PLAN-28_02_2025.pdf|idp|2025|both|93|text_fallback|As one of the basic human rights, housing is a priority of the government and a
CHAMA-DISTRICT-INTEGRATED-DEVELOPMENT-PLAN-28_02_2025.pdf|idp|2025|both|93|text_fallback|service to be appreciated by the public. As it stands, only 2273 households in
CHAMA-DISTRICT-INTEGRATED-DEVELOPMENT-PLAN-28_02_2025.pdf|idp|2025|both|93|text_fallback|63
CHAMA-DISTRICT-INTEGRATED-DEVELOPMENT-PLAN-28_02_2025.pdf|idp|2025|both|94|text_fallback|Kamphemba ward which is 8% are within planned state land and can acquire
CHAMA-DISTRICT-INTEGRATED-DEVELOPMENT-PLAN-28_02_2025.pdf|idp|2025|both|94|text_fallback|certificates of title while the remaining 25,884 which is 92% are on customary land
CHAMA-DISTRICT-INTEGRATED-DEVELOPMENT-PLAN-28_02_2025.pdf|idp|2025|both|94|text_fallback|(Chama Town Council, 2024). As shown in Map 6, the remaining 23 wards are in
CHAMA-DISTRICT-INTEGRATED-DEVELOPMENT-PLAN-28_02_2025.pdf|idp|2025|both|94|text_fallback|need of planning services for planned settlements and coordinated housing
CHAMA-DISTRICT-INTEGRATED-DEVELOPMENT-PLAN-28_02_2025.pdf|idp|2025|both|94|text_fallback|infrastructure development.
CHAMA-DISTRICT-INTEGRATED-DEVELOPMENT-PLAN-28_02_2025.pdf|idp|2025|both|94|text_fallback|64
CHAMA-DISTRICT-INTEGRATED-DEVELOPMENT-PLAN-28_02_2025.pdf|idp|2025|both|95|text_fallback|Map 6: Map depicting the planning status of the district
CHAMA-DISTRICT-INTEGRATED-DEVELOPMENT-PLAN-28_02_2025.pdf|idp|2025|both|95|text_fallback|Source: Chama Town Council (2024)
CHAMA-DISTRICT-INTEGRATED-DEVELOPMENT-PLAN-28_02_2025.pdf|idp|2025|both|95|text_fallback|65
CHAMA-DISTRICT-INTEGRATED-DEVELOPMENT-PLAN-28_02_2025.pdf|idp|2025|both|96|text_fallback|Quality of services
CHAMA-DISTRICT-INTEGRATED-DEVELOPMENT-PLAN-28_02_2025.pdf|idp|2025|both|96|text_fallback|When it comes to the quality of the services delivered with regards to housing
CHAMA-DISTRICT-INTEGRATED-DEVELOPMENT-PLAN-28_02_2025.pdf|idp|2025|both|96|text_fallback|infrastructure, the district takes into consideration a number of parameters as
CHAMA-DISTRICT-INTEGRATED-DEVELOPMENT-PLAN-28_02_2025.pdf|idp|2025|both|96|text_fallback|prescribed under the Dioxiadis zoning code standards developed for Lusaka
CHAMA-DISTRICT-INTEGRATED-DEVELOPMENT-PLAN-28_02_2025.pdf|idp|2025|both|96|text_fallback|Province; The parameters include the type of construction material, availability of
CHAMA-DISTRICT-INTEGRATED-DEVELOPMENT-PLAN-28_02_2025.pdf|idp|2025|both|96|text_fallback|sanitary amenities (Wash rooms), availability of piped water, availability of
CHAMA-DISTRICT-INTEGRATED-DEVELOPMENT-PLAN-28_02_2025.pdf|idp|2025|both|96|text_fallback|electricity, and tenure of dwellings.
CHAMA-DISTRICT-INTEGRATED-DEVELOPMENT-PLAN-28_02_2025.pdf|idp|2025|both|96|text_fallback|An analysis of the district’s housing infrastructure shows that, only the few
CHAMA-DISTRICT-INTEGRATED-DEVELOPMENT-PLAN-28_02_2025.pdf|idp|2025|both|96|text_fallback|households 2,273 (8%) within the planned area located in Kamphemba ward are
CHAMA-DISTRICT-INTEGRATED-DEVELOPMENT-PLAN-28_02_2025.pdf|idp|2025|both|96|text_fallback|preview to standardized housing units. Though a few other settlements in various
CHAMA-DISTRICT-INTEGRATED-DEVELOPMENT-PLAN-28_02_2025.pdf|idp|2025|both|96|text_fallback|locations across the district have been adopting building standards under
CHAMA-DISTRICT-INTEGRATED-DEVELOPMENT-PLAN-28_02_2025.pdf|idp|2025|both|96|text_fallback|customary land. This is attributed to the advantages such as central location,
CHAMA-DISTRICT-INTEGRATED-DEVELOPMENT-PLAN-28_02_2025.pdf|idp|2025|both|96|text_fallback|access to construction material, presence of public utility services (water and
CHAMA-DISTRICT-INTEGRATED-DEVELOPMENT-PLAN-28_02_2025.pdf|idp|2025|both|96|text_fallback|power supply), and possibility to acquire ownership documentation.
CHAMA-DISTRICT-INTEGRATED-DEVELOPMENT-PLAN-28_02_2025.pdf|idp|2025|both|96|text_fallback|Issues arising from public participation process
CHAMA-DISTRICT-INTEGRATED-DEVELOPMENT-PLAN-28_02_2025.pdf|idp|2025|both|96|text_fallback|While availability or access to quality standard infrastructure is a significant issue
CHAMA-DISTRICT-INTEGRATED-DEVELOPMENT-PLAN-28_02_2025.pdf|idp|2025|both|96|text_fallback|on its own, the quality of the present infrastructure equally requires attention too.
CHAMA-DISTRICT-INTEGRATED-DEVELOPMENT-PLAN-28_02_2025.pdf|idp|2025|both|96|text_fallback|Chama district’s communities brought out a number of factors on this matter.
CHAMA-DISTRICT-INTEGRATED-DEVELOPMENT-PLAN-28_02_2025.pdf|idp|2025|both|96|text_fallback|Some factors cut across other sectors; this includes issues with transportation of
CHAMA-DISTRICT-INTEGRATED-DEVELOPMENT-PLAN-28_02_2025.pdf|idp|2025|both|96|text_fallback|building materials, poor road network, which in turn affects commodity prices,
CHAMA-DISTRICT-INTEGRATED-DEVELOPMENT-PLAN-28_02_2025.pdf|idp|2025|both|96|text_fallback|and subsequently may lead to compromise on the use of standard building
CHAMA-DISTRICT-INTEGRATED-DEVELOPMENT-PLAN-28_02_2025.pdf|idp|2025|both|96|text_fallback|materials.
CHAMA-DISTRICT-INTEGRATED-DEVELOPMENT-PLAN-28_02_2025.pdf|idp|2025|both|96|text_fallback|Other issues revolved around the acquisition of land tenure are state land or
CHAMA-DISTRICT-INTEGRATED-DEVELOPMENT-PLAN-28_02_2025.pdf|idp|2025|both|96|text_fallback|customary land. While interventions such as the ZILMIS and ZAMPAY platforms
CHAMA-DISTRICT-INTEGRATED-DEVELOPMENT-PLAN-28_02_2025.pdf|idp|2025|both|96|text_fallback|have made land administration easier, preliminary issues on the ground have
CHAMA-DISTRICT-INTEGRATED-DEVELOPMENT-PLAN-28_02_2025.pdf|idp|2025|both|96|text_fallback|66
CHAMA-DISTRICT-INTEGRATED-DEVELOPMENT-PLAN-28_02_2025.pdf|idp|2025|both|97|table|"USERS IN NEED OF HOUSING | FUTURE DEMAND FOR HOUSING"
CHAMA-DISTRICT-INTEGRATED-DEVELOPMENT-PLAN-28_02_2025.pdf|idp|2025|both|97|table|"CHAMA DISTRICT PUBLIC HOUSING | RESIDENTIAL HIGH COST – 19,407"
CHAMA-DISTRICT-INTEGRATED-DEVELOPMENT-PLAN-28_02_2025.pdf|idp|2025|both|97|table|" | RESIDENTIAL MEDIUM COST – 14,555"
CHAMA-DISTRICT-INTEGRATED-DEVELOPMENT-PLAN-28_02_2025.pdf|idp|2025|both|98|table|"AGRICULTURAL CAMP STAFF HOUSES | 71"
CHAMA-DISTRICT-INTEGRATED-DEVELOPMENT-PLAN-28_02_2025.pdf|idp|2025|both|98|table|"VETERINARY CAMP STAFF HOUSES | 7"
CHAMA-DISTRICT-INTEGRATED-DEVELOPMENT-PLAN-28_02_2025.pdf|idp|2025|both|98|table|"FORESTRY CAMP STAFF HOUSES | 5"
CHAMA-DISTRICT-INTEGRATED-DEVELOPMENT-PLAN-28_02_2025.pdf|idp|2025|both|98|table|"EDUCATION STAFF HOUSES | 1171"
CHAMA-DISTRICT-INTEGRATED-DEVELOPMENT-PLAN-28_02_2025.pdf|idp|2025|both|98|table|"HEALTH STAFF HOUSES | 572"
CHAMA-DISTRICT-INTEGRATED-DEVELOPMENT-PLAN-28_02_2025.pdf|idp|2025|both|98|table|"SECURITY STAFF HOUSES | 14"
CHAMA-DISTRICT-INTEGRATED-DEVELOPMENT-PLAN-28_02_2025.pdf|idp|2025|both|99|text_fallback|Issues Arising Relating to Gender Groups and Vulnerable Groups
CHAMA-DISTRICT-INTEGRATED-DEVELOPMENT-PLAN-28_02_2025.pdf|idp|2025|both|99|text_fallback|Housing shapes community experiences, especially for vulnerable groups like
CHAMA-DISTRICT-INTEGRATED-DEVELOPMENT-PLAN-28_02_2025.pdf|idp|2025|both|99|text_fallback|women, youth, and the differently abled.
CHAMA-DISTRICT-INTEGRATED-DEVELOPMENT-PLAN-28_02_2025.pdf|idp|2025|both|99|text_fallback|1. Women and Girls: In Chama District, housing shortages mean female
CHAMA-DISTRICT-INTEGRATED-DEVELOPMENT-PLAN-28_02_2025.pdf|idp|2025|both|99|text_fallback|students and women attending skills training face risks like gender-based
CHAMA-DISTRICT-INTEGRATED-DEVELOPMENT-PLAN-28_02_2025.pdf|idp|2025|both|99|text_fallback|violence when forced to live in unsafe areas. Although changing norms
CHAMA-DISTRICT-INTEGRATED-DEVELOPMENT-PLAN-28_02_2025.pdf|idp|2025|both|99|text_fallback|have improved women's access to land, they still face significant
CHAMA-DISTRICT-INTEGRATED-DEVELOPMENT-PLAN-28_02_2025.pdf|idp|2025|both|99|text_fallback|challenges around affordability and safety.
CHAMA-DISTRICT-INTEGRATED-DEVELOPMENT-PLAN-28_02_2025.pdf|idp|2025|both|99|text_fallback|2. Men and Boys: Stable housing provides men with mental well-being, a
CHAMA-DISTRICT-INTEGRATED-DEVELOPMENT-PLAN-28_02_2025.pdf|idp|2025|both|99|text_fallback|sense of pride, and community security. Lack of affordable housing can
CHAMA-DISTRICT-INTEGRATED-DEVELOPMENT-PLAN-28_02_2025.pdf|idp|2025|both|99|text_fallback|lead to homelessness, social isolation, and crime, particularly among low-
CHAMA-DISTRICT-INTEGRATED-DEVELOPMENT-PLAN-28_02_2025.pdf|idp|2025|both|99|text_fallback|income men.
CHAMA-DISTRICT-INTEGRATED-DEVELOPMENT-PLAN-28_02_2025.pdf|idp|2025|both|99|text_fallback|3. Youth: Young people need accessible housing for job opportunities and
CHAMA-DISTRICT-INTEGRATED-DEVELOPMENT-PLAN-28_02_2025.pdf|idp|2025|both|99|text_fallback|personal growth. In Chama, high demand for limited housing creates
CHAMA-DISTRICT-INTEGRATED-DEVELOPMENT-PLAN-28_02_2025.pdf|idp|2025|both|99|text_fallback|inequalities, pushing youth to migrate for better prospects and potentially
CHAMA-DISTRICT-INTEGRATED-DEVELOPMENT-PLAN-28_02_2025.pdf|idp|2025|both|99|text_fallback|weakening local development.
CHAMA-DISTRICT-INTEGRATED-DEVELOPMENT-PLAN-28_02_2025.pdf|idp|2025|both|99|text_fallback|4. Differently Abled: Housing infrastructure often fails to meet accessibility
CHAMA-DISTRICT-INTEGRATED-DEVELOPMENT-PLAN-28_02_2025.pdf|idp|2025|both|99|text_fallback|needs, limiting the economic opportunities and social inclusion of those
CHAMA-DISTRICT-INTEGRATED-DEVELOPMENT-PLAN-28_02_2025.pdf|idp|2025|both|99|text_fallback|with disabilities.
CHAMA-DISTRICT-INTEGRATED-DEVELOPMENT-PLAN-28_02_2025.pdf|idp|2025|both|99|text_fallback|Addressing these issues is crucial to fostering community stability, safety, and
CHAMA-DISTRICT-INTEGRATED-DEVELOPMENT-PLAN-28_02_2025.pdf|idp|2025|both|99|text_fallback|economic development.
CHAMA-DISTRICT-INTEGRATED-DEVELOPMENT-PLAN-28_02_2025.pdf|idp|2025|both|99|text_fallback|WATER AND SANITATION SECTOR
CHAMA-DISTRICT-INTEGRATED-DEVELOPMENT-PLAN-28_02_2025.pdf|idp|2025|both|99|text_fallback|The Water and Sanitation sector is responsible for development and
CHAMA-DISTRICT-INTEGRATED-DEVELOPMENT-PLAN-28_02_2025.pdf|idp|2025|both|99|text_fallback|management of water resources, provision of clean water supply and adequate
CHAMA-DISTRICT-INTEGRATED-DEVELOPMENT-PLAN-28_02_2025.pdf|idp|2025|both|99|text_fallback|sanitation in the district. This sector provides a review on existing plans and
CHAMA-DISTRICT-INTEGRATED-DEVELOPMENT-PLAN-28_02_2025.pdf|idp|2025|both|99|text_fallback|69
CHAMA-DISTRICT-INTEGRATED-DEVELOPMENT-PLAN-28_02_2025.pdf|idp|2025|both|100|text_fallback|strategies that govern the performance and highlights the core issues affecting
CHAMA-DISTRICT-INTEGRATED-DEVELOPMENT-PLAN-28_02_2025.pdf|idp|2025|both|100|text_fallback|sector development in the district.
CHAMA-DISTRICT-INTEGRATED-DEVELOPMENT-PLAN-28_02_2025.pdf|idp|2025|both|100|text_fallback|Key Government Priorities to Be Implemented at a Local Level
CHAMA-DISTRICT-INTEGRATED-DEVELOPMENT-PLAN-28_02_2025.pdf|idp|2025|both|100|text_fallback|The Chama district faces significant challenges due to inadequate clean water
CHAMA-DISTRICT-INTEGRATED-DEVELOPMENT-PLAN-28_02_2025.pdf|idp|2025|both|100|text_fallback|supply and underdeveloped sanitation infrastructure. These issues lead to disease
CHAMA-DISTRICT-INTEGRATED-DEVELOPMENT-PLAN-28_02_2025.pdf|idp|2025|both|100|text_fallback|outbreaks, environmental degradation, poor economic growth, and food
CHAMA-DISTRICT-INTEGRATED-DEVELOPMENT-PLAN-28_02_2025.pdf|idp|2025|both|100|text_fallback|insecurity. Residents often rely on shallow wells and pit latrines, increasing the risk
CHAMA-DISTRICT-INTEGRATED-DEVELOPMENT-PLAN-28_02_2025.pdf|idp|2025|both|100|text_fallback|of waterborne infections, especially during floods.
CHAMA-DISTRICT-INTEGRATED-DEVELOPMENT-PLAN-28_02_2025.pdf|idp|2025|both|100|text_fallback|To address these problems, Chama has outlined two main priorities aligned with
CHAMA-DISTRICT-INTEGRATED-DEVELOPMENT-PLAN-28_02_2025.pdf|idp|2025|both|100|text_fallback|national development plans: enhancing water resource management through
CHAMA-DISTRICT-INTEGRATED-DEVELOPMENT-PLAN-28_02_2025.pdf|idp|2025|both|100|text_fallback|increased investments and improving access to clean water and sanitation.
CHAMA-DISTRICT-INTEGRATED-DEVELOPMENT-PLAN-28_02_2025.pdf|idp|2025|both|100|text_fallback|Efforts will include establishing water points, constructing dams, developing water
CHAMA-DISTRICT-INTEGRATED-DEVELOPMENT-PLAN-28_02_2025.pdf|idp|2025|both|100|text_fallback|schemes, installing hand pumps, and promoting community awareness on
CHAMA-DISTRICT-INTEGRATED-DEVELOPMENT-PLAN-28_02_2025.pdf|idp|2025|both|100|text_fallback|sanitation practices. Implementing these strategies aims to improve public health,
CHAMA-DISTRICT-INTEGRATED-DEVELOPMENT-PLAN-28_02_2025.pdf|idp|2025|both|100|text_fallback|sanitation, and the overall economic conditions in the district.
CHAMA-DISTRICT-INTEGRATED-DEVELOPMENT-PLAN-28_02_2025.pdf|idp|2025|both|100|text_fallback|Description of the existing state of development
CHAMA-DISTRICT-INTEGRATED-DEVELOPMENT-PLAN-28_02_2025.pdf|idp|2025|both|100|text_fallback|The overall performance of water and sanitation sector in the district can be
CHAMA-DISTRICT-INTEGRATED-DEVELOPMENT-PLAN-28_02_2025.pdf|idp|2025|both|100|text_fallback|described as below average. It is below the set target of 90% both for water
CHAMA-DISTRICT-INTEGRATED-DEVELOPMENT-PLAN-28_02_2025.pdf|idp|2025|both|100|text_fallback|supply and sanitation.
CHAMA-DISTRICT-INTEGRATED-DEVELOPMENT-PLAN-28_02_2025.pdf|idp|2025|both|100|text_fallback|Urban Water Supply
CHAMA-DISTRICT-INTEGRATED-DEVELOPMENT-PLAN-28_02_2025.pdf|idp|2025|both|100|text_fallback|Public water supply and sanitation are essential for socio-economic
CHAMA-DISTRICT-INTEGRATED-DEVELOPMENT-PLAN-28_02_2025.pdf|idp|2025|both|100|text_fallback|development. The Eastern Water and Sanitation Company Limited (ESWC)
CHAMA-DISTRICT-INTEGRATED-DEVELOPMENT-PLAN-28_02_2025.pdf|idp|2025|both|100|text_fallback|provide piped water in urban and peri-urban areas, servicing 1,080 customers
CHAMA-DISTRICT-INTEGRATED-DEVELOPMENT-PLAN-28_02_2025.pdf|idp|2025|both|100|text_fallback|and 188 households through three kiosks. However, 10,998 households in these
CHAMA-DISTRICT-INTEGRATED-DEVELOPMENT-PLAN-28_02_2025.pdf|idp|2025|both|100|text_fallback|70
CHAMA-DISTRICT-INTEGRATED-DEVELOPMENT-PLAN-28_02_2025.pdf|idp|2025|both|101|text_fallback|areas rely on boreholes and do not receive piped water from ESWC. Areas lacking
CHAMA-DISTRICT-INTEGRATED-DEVELOPMENT-PLAN-28_02_2025.pdf|idp|2025|both|101|text_fallback|access to piped water include Chimwemwe, Makeni A and B, Mtayachalo
CHAMA-DISTRICT-INTEGRATED-DEVELOPMENT-PLAN-28_02_2025.pdf|idp|2025|both|101|text_fallback|compound, Hospital Area, Magroceries, Kazenga, Chizimba, parts of Lukombozi,
CHAMA-DISTRICT-INTEGRATED-DEVELOPMENT-PLAN-28_02_2025.pdf|idp|2025|both|101|text_fallback|and sections of East Rise. This urban network is as shown in Figure 6.
CHAMA-DISTRICT-INTEGRATED-DEVELOPMENT-PLAN-28_02_2025.pdf|idp|2025|both|101|text_fallback|71
CHAMA-DISTRICT-INTEGRATED-DEVELOPMENT-PLAN-28_02_2025.pdf|idp|2025|both|102|text_fallback|Figure 6: Layout of the Urban Water Reticulation Network
CHAMA-DISTRICT-INTEGRATED-DEVELOPMENT-PLAN-28_02_2025.pdf|idp|2025|both|102|text_fallback|Source: EWSC (2024)
CHAMA-DISTRICT-INTEGRATED-DEVELOPMENT-PLAN-28_02_2025.pdf|idp|2025|both|102|text_fallback|72
CHAMA-DISTRICT-INTEGRATED-DEVELOPMENT-PLAN-28_02_2025.pdf|idp|2025|both|103|text_fallback|Rural water Supply
CHAMA-DISTRICT-INTEGRATED-DEVELOPMENT-PLAN-28_02_2025.pdf|idp|2025|both|103|text_fallback|Chama District has a total of 471 functional boreholes serving a population of
CHAMA-DISTRICT-INTEGRATED-DEVELOPMENT-PLAN-28_02_2025.pdf|idp|2025|both|103|text_fallback|140,326. However, 66 boreholes are non-functional, contributing to water access
CHAMA-DISTRICT-INTEGRATED-DEVELOPMENT-PLAN-28_02_2025.pdf|idp|2025|both|103|text_fallback|challenges. The distribution of boreholes is uneven, with Kamphemba, Mwalala,
CHAMA-DISTRICT-INTEGRATED-DEVELOPMENT-PLAN-28_02_2025.pdf|idp|2025|both|103|text_fallback|Lumezi, Lupamazi, and Kalinkhu wards having a higher concentration of water
CHAMA-DISTRICT-INTEGRATED-DEVELOPMENT-PLAN-28_02_2025.pdf|idp|2025|both|103|text_fallback|points, while other wards face inadequate access to clean water as depicted in
CHAMA-DISTRICT-INTEGRATED-DEVELOPMENT-PLAN-28_02_2025.pdf|idp|2025|both|103|text_fallback|Map 7.
CHAMA-DISTRICT-INTEGRATED-DEVELOPMENT-PLAN-28_02_2025.pdf|idp|2025|both|103|text_fallback|73
CHAMA-DISTRICT-INTEGRATED-DEVELOPMENT-PLAN-28_02_2025.pdf|idp|2025|both|104|text_fallback|Map 7: Chama District Water Points
CHAMA-DISTRICT-INTEGRATED-DEVELOPMENT-PLAN-28_02_2025.pdf|idp|2025|both|104|text_fallback|Source: DWSD Chama District (2023)
CHAMA-DISTRICT-INTEGRATED-DEVELOPMENT-PLAN-28_02_2025.pdf|idp|2025|both|104|text_fallback|74
CHAMA-DISTRICT-INTEGRATED-DEVELOPMENT-PLAN-28_02_2025.pdf|idp|2025|both|105|text_fallback|The Local Authority, in collaboration with partners like World Vision Zambia,
CHAMA-DISTRICT-INTEGRATED-DEVELOPMENT-PLAN-28_02_2025.pdf|idp|2025|both|105|text_fallback|UNICEF, and the TRALARD project, is enhancing access to safe and adequate
CHAMA-DISTRICT-INTEGRATED-DEVELOPMENT-PLAN-28_02_2025.pdf|idp|2025|both|105|text_fallback|water in rural areas. UNICEF and the Local Authority installed 57 boreholes funded
CHAMA-DISTRICT-INTEGRATED-DEVELOPMENT-PLAN-28_02_2025.pdf|idp|2025|both|105|text_fallback|through the CDF to improve water supply. In 2022, World Vision Zambia drilled 17
CHAMA-DISTRICT-INTEGRATED-DEVELOPMENT-PLAN-28_02_2025.pdf|idp|2025|both|105|text_fallback|boreholes in Chikwa and Chifunda Chiefdoms as part of the Chikwa WASH
CHAMA-DISTRICT-INTEGRATED-DEVELOPMENT-PLAN-28_02_2025.pdf|idp|2025|both|105|text_fallback|project and aims to complete 52 boreholes (22 mechanized, 30 with hand
CHAMA-DISTRICT-INTEGRATED-DEVELOPMENT-PLAN-28_02_2025.pdf|idp|2025|both|105|text_fallback|pumps) over the next two years. The TRALARD project built 25 mechanized water
CHAMA-DISTRICT-INTEGRATED-DEVELOPMENT-PLAN-28_02_2025.pdf|idp|2025|both|105|text_fallback|systems to support vulnerable communities, while Reformed Open Community
CHAMA-DISTRICT-INTEGRATED-DEVELOPMENT-PLAN-28_02_2025.pdf|idp|2025|both|105|text_fallback|Schools (ROCS) rehabilitated 14 boreholes in community schools.
CHAMA-DISTRICT-INTEGRATED-DEVELOPMENT-PLAN-28_02_2025.pdf|idp|2025|both|105|text_fallback|Urban Sanitation
CHAMA-DISTRICT-INTEGRATED-DEVELOPMENT-PLAN-28_02_2025.pdf|idp|2025|both|105|text_fallback|Chama District lacks a public sewerage system, and most households rely on
CHAMA-DISTRICT-INTEGRATED-DEVELOPMENT-PLAN-28_02_2025.pdf|idp|2025|both|105|text_fallback|onsite treatment methods like septic tanks and soak ways for waste
CHAMA-DISTRICT-INTEGRATED-DEVELOPMENT-PLAN-28_02_2025.pdf|idp|2025|both|105|text_fallback|management. The district also does not have skip bins or adequate waste storage
CHAMA-DISTRICT-INTEGRATED-DEVELOPMENT-PLAN-28_02_2025.pdf|idp|2025|both|105|text_fallback|facilities for temporary disposal by traders and residents. With the urban
CHAMA-DISTRICT-INTEGRATED-DEVELOPMENT-PLAN-28_02_2025.pdf|idp|2025|both|105|text_fallback|population growing, there is a pressing need for investment in sanitation
CHAMA-DISTRICT-INTEGRATED-DEVELOPMENT-PLAN-28_02_2025.pdf|idp|2025|both|105|text_fallback|infrastructure to enhance sanitation for individual homes.
CHAMA-DISTRICT-INTEGRATED-DEVELOPMENT-PLAN-28_02_2025.pdf|idp|2025|both|105|text_fallback|Rural Sanitation
CHAMA-DISTRICT-INTEGRATED-DEVELOPMENT-PLAN-28_02_2025.pdf|idp|2025|both|105|text_fallback|In order to enhance sanitation levels in the rural areas, the Local Authority in
CHAMA-DISTRICT-INTEGRATED-DEVELOPMENT-PLAN-28_02_2025.pdf|idp|2025|both|105|text_fallback|cooperation with World Vision is running an Open Defecation Free status
CHAMA-DISTRICT-INTEGRATED-DEVELOPMENT-PLAN-28_02_2025.pdf|idp|2025|both|105|text_fallback|attainment programme in all the 6 wards in Chikwa and Chifunda. As it stands,
CHAMA-DISTRICT-INTEGRATED-DEVELOPMENT-PLAN-28_02_2025.pdf|idp|2025|both|105|text_fallback|only Lundu Chiefdom has been certified as Open Defecation Free (Map 8).
CHAMA-DISTRICT-INTEGRATED-DEVELOPMENT-PLAN-28_02_2025.pdf|idp|2025|both|105|text_fallback|75
CHAMA-DISTRICT-INTEGRATED-DEVELOPMENT-PLAN-28_02_2025.pdf|idp|2025|both|106|text_fallback|Map 8: Map depicting the ODF status
CHAMA-DISTRICT-INTEGRATED-DEVELOPMENT-PLAN-28_02_2025.pdf|idp|2025|both|106|text_fallback|Source: Chama Town Council (2024)
CHAMA-DISTRICT-INTEGRATED-DEVELOPMENT-PLAN-28_02_2025.pdf|idp|2025|both|106|text_fallback|76
CHAMA-DISTRICT-INTEGRATED-DEVELOPMENT-PLAN-28_02_2025.pdf|idp|2025|both|107|text_fallback|Issues arising from public participation process
CHAMA-DISTRICT-INTEGRATED-DEVELOPMENT-PLAN-28_02_2025.pdf|idp|2025|both|107|text_fallback|The situation in Chama District is dire, with most areas lacking access to clean
CHAMA-DISTRICT-INTEGRATED-DEVELOPMENT-PLAN-28_02_2025.pdf|idp|2025|both|107|text_fallback|water and sanitation services. Even where these services are available, they're
CHAMA-DISTRICT-INTEGRATED-DEVELOPMENT-PLAN-28_02_2025.pdf|idp|2025|both|107|text_fallback|often inadequate. This is particularly concerning in public institutions like schools
CHAMA-DISTRICT-INTEGRATED-DEVELOPMENT-PLAN-28_02_2025.pdf|idp|2025|both|107|text_fallback|and health facilities. For instance, out of 160 schools, only 8 have waterborne
CHAMA-DISTRICT-INTEGRATED-DEVELOPMENT-PLAN-28_02_2025.pdf|idp|2025|both|107|text_fallback|toilets, and 79 schools have access to clean water. More than 60% of health
CHAMA-DISTRICT-INTEGRATED-DEVELOPMENT-PLAN-28_02_2025.pdf|idp|2025|both|107|text_fallback|facilities in the district also lack these essential services. However, with the
CHAMA-DISTRICT-INTEGRATED-DEVELOPMENT-PLAN-28_02_2025.pdf|idp|2025|both|107|text_fallback|enhanced Constituency Development Funds (CDF) and other interventions,
CHAMA-DISTRICT-INTEGRATED-DEVELOPMENT-PLAN-28_02_2025.pdf|idp|2025|both|107|text_fallback|there's hope for improvement. The government's efforts to address these
CHAMA-DISTRICT-INTEGRATED-DEVELOPMENT-PLAN-28_02_2025.pdf|idp|2025|both|107|text_fallback|challenges, such as the construction of dams and boreholes, are crucial steps
CHAMA-DISTRICT-INTEGRATED-DEVELOPMENT-PLAN-28_02_2025.pdf|idp|2025|both|107|text_fallback|towards ensuring access to clean water and sanitation services for all
CHAMA-DISTRICT-INTEGRATED-DEVELOPMENT-PLAN-28_02_2025.pdf|idp|2025|both|107|text_fallback|Impact of Changes Anticipated Over the Next Ten Years
CHAMA-DISTRICT-INTEGRATED-DEVELOPMENT-PLAN-28_02_2025.pdf|idp|2025|both|107|text_fallback|One of the given and fundamental anticipated changes over the next ten years
CHAMA-DISTRICT-INTEGRATED-DEVELOPMENT-PLAN-28_02_2025.pdf|idp|2025|both|107|text_fallback|is population growth. Based on the calculated population projection, Chama
CHAMA-DISTRICT-INTEGRATED-DEVELOPMENT-PLAN-28_02_2025.pdf|idp|2025|both|107|text_fallback|district is to reach a population of 194,072 by 2035. This will place a demand for
CHAMA-DISTRICT-INTEGRATED-DEVELOPMENT-PLAN-28_02_2025.pdf|idp|2025|both|107|text_fallback|an additional water point, the extension of the current water supply network, and
CHAMA-DISTRICT-INTEGRATED-DEVELOPMENT-PLAN-28_02_2025.pdf|idp|2025|both|107|text_fallback|the establishment of functional sanitation facilities and infrastructure across the
CHAMA-DISTRICT-INTEGRATED-DEVELOPMENT-PLAN-28_02_2025.pdf|idp|2025|both|107|text_fallback|district. Furthermore, there is a need to consider significant investment in parallel
CHAMA-DISTRICT-INTEGRATED-DEVELOPMENT-PLAN-28_02_2025.pdf|idp|2025|both|107|text_fallback|infrastructure development to cope with the anticipated need for water supply
CHAMA-DISTRICT-INTEGRATED-DEVELOPMENT-PLAN-28_02_2025.pdf|idp|2025|both|107|text_fallback|in other sectors such as agriculture, industrial, and health among others.
CHAMA-DISTRICT-INTEGRATED-DEVELOPMENT-PLAN-28_02_2025.pdf|idp|2025|both|107|text_fallback|Future Demand for Services and Facilities Based on the Estimates of Population
CHAMA-DISTRICT-INTEGRATED-DEVELOPMENT-PLAN-28_02_2025.pdf|idp|2025|both|107|text_fallback|Change
CHAMA-DISTRICT-INTEGRATED-DEVELOPMENT-PLAN-28_02_2025.pdf|idp|2025|both|107|text_fallback|The increase in Population in the next ten (10) years based on the district’s
CHAMA-DISTRICT-INTEGRATED-DEVELOPMENT-PLAN-28_02_2025.pdf|idp|2025|both|107|text_fallback|calculation indicates a growth of up to 194,072 residents at a growth rate of 2.5%.
CHAMA-DISTRICT-INTEGRATED-DEVELOPMENT-PLAN-28_02_2025.pdf|idp|2025|both|107|text_fallback|This entails that the district should plan for supply of water to 38,814 households
CHAMA-DISTRICT-INTEGRATED-DEVELOPMENT-PLAN-28_02_2025.pdf|idp|2025|both|107|text_fallback|across the district. Based on the analysis of the current water point coverage, 136
CHAMA-DISTRICT-INTEGRATED-DEVELOPMENT-PLAN-28_02_2025.pdf|idp|2025|both|107|text_fallback|77
CHAMA-DISTRICT-INTEGRATED-DEVELOPMENT-PLAN-28_02_2025.pdf|idp|2025|both|108|text_fallback|additional water points are needed to adequately supply the current population
CHAMA-DISTRICT-INTEGRATED-DEVELOPMENT-PLAN-28_02_2025.pdf|idp|2025|both|108|text_fallback|at 140,784 (28,157 households) and approximately 837 water points for population
CHAMA-DISTRICT-INTEGRATED-DEVELOPMENT-PLAN-28_02_2025.pdf|idp|2025|both|108|text_fallback|at 2035 (Chama district, 2024). Sanitation services will need to be supplied to the
CHAMA-DISTRICT-INTEGRATED-DEVELOPMENT-PLAN-28_02_2025.pdf|idp|2025|both|108|text_fallback|projected population across the district.
CHAMA-DISTRICT-INTEGRATED-DEVELOPMENT-PLAN-28_02_2025.pdf|idp|2025|both|108|text_fallback|Impact of Ongoing Development Programmes on Land Use and Population
CHAMA-DISTRICT-INTEGRATED-DEVELOPMENT-PLAN-28_02_2025.pdf|idp|2025|both|108|text_fallback|Distribution Patterns
CHAMA-DISTRICT-INTEGRATED-DEVELOPMENT-PLAN-28_02_2025.pdf|idp|2025|both|108|text_fallback|The ongoing construction of water schemes and boreholes in Chikwa, Chifunda,
CHAMA-DISTRICT-INTEGRATED-DEVELOPMENT-PLAN-28_02_2025.pdf|idp|2025|both|108|text_fallback|and Chama North aims to enhance water access in the district, while the ODF
CHAMA-DISTRICT-INTEGRATED-DEVELOPMENT-PLAN-28_02_2025.pdf|idp|2025|both|108|text_fallback|(Open Defecation Free) program in Chama South is set to improve health and
CHAMA-DISTRICT-INTEGRATED-DEVELOPMENT-PLAN-28_02_2025.pdf|idp|2025|both|108|text_fallback|hygiene. Despite these efforts, there is a lack of strategic investment in sanitation
CHAMA-DISTRICT-INTEGRATED-DEVELOPMENT-PLAN-28_02_2025.pdf|idp|2025|both|108|text_fallback|infrastructure, leading to substandard stayaways and septic tanks, as well as
CHAMA-DISTRICT-INTEGRATED-DEVELOPMENT-PLAN-28_02_2025.pdf|idp|2025|both|108|text_fallback|numerous pit latrines and shallow wells that could compromise water quality.
CHAMA-DISTRICT-INTEGRATED-DEVELOPMENT-PLAN-28_02_2025.pdf|idp|2025|both|108|text_fallback|Population patterns are expected to remain consistent, with urban areas and
CHAMA-DISTRICT-INTEGRATED-DEVELOPMENT-PLAN-28_02_2025.pdf|idp|2025|both|108|text_fallback|rural zones near water sources experiencing continued growth, potentially
CHAMA-DISTRICT-INTEGRATED-DEVELOPMENT-PLAN-28_02_2025.pdf|idp|2025|both|108|text_fallback|resulting in encroachment on sensitive areas like the Kamphemba river buffer
CHAMA-DISTRICT-INTEGRATED-DEVELOPMENT-PLAN-28_02_2025.pdf|idp|2025|both|108|text_fallback|zone and groundwater well fields due to land shortages.
CHAMA-DISTRICT-INTEGRATED-DEVELOPMENT-PLAN-28_02_2025.pdf|idp|2025|both|108|text_fallback|Impact of Environment and Climate Change
CHAMA-DISTRICT-INTEGRATED-DEVELOPMENT-PLAN-28_02_2025.pdf|idp|2025|both|108|text_fallback|Implementing projects such as Dam construction poses several environmental
CHAMA-DISTRICT-INTEGRATED-DEVELOPMENT-PLAN-28_02_2025.pdf|idp|2025|both|108|text_fallback|challenges including Habitat Destruction. Dams can flood large areas of land,
CHAMA-DISTRICT-INTEGRATED-DEVELOPMENT-PLAN-28_02_2025.pdf|idp|2025|both|108|text_fallback|resulting into destruction of natural habitats for various species of plants and
CHAMA-DISTRICT-INTEGRATED-DEVELOPMENT-PLAN-28_02_2025.pdf|idp|2025|both|108|text_fallback|animals, Agricultural fields and infrastructure. Prior to construction, a lot of trees
CHAMA-DISTRICT-INTEGRATED-DEVELOPMENT-PLAN-28_02_2025.pdf|idp|2025|both|108|text_fallback|maybe cut down during and after construction of the Dam. This can lead to loss
CHAMA-DISTRICT-INTEGRATED-DEVELOPMENT-PLAN-28_02_2025.pdf|idp|2025|both|108|text_fallback|of biodiversity and disrupt ecological balance.
CHAMA-DISTRICT-INTEGRATED-DEVELOPMENT-PLAN-28_02_2025.pdf|idp|2025|both|108|text_fallback|Primitive practice trends such as Open Defecation will significantly affect the
CHAMA-DISTRICT-INTEGRATED-DEVELOPMENT-PLAN-28_02_2025.pdf|idp|2025|both|108|text_fallback|preservation of the environment for future generations because groundwater
CHAMA-DISTRICT-INTEGRATED-DEVELOPMENT-PLAN-28_02_2025.pdf|idp|2025|both|108|text_fallback|may be contaminated.
CHAMA-DISTRICT-INTEGRATED-DEVELOPMENT-PLAN-28_02_2025.pdf|idp|2025|both|108|text_fallback|78
CHAMA-DISTRICT-INTEGRATED-DEVELOPMENT-PLAN-28_02_2025.pdf|idp|2025|both|109|text_fallback|Addressing these challenges requires careful planning, comprehensive
CHAMA-DISTRICT-INTEGRATED-DEVELOPMENT-PLAN-28_02_2025.pdf|idp|2025|both|109|text_fallback|Environmental Impact Assessments, and implementation of Mitigation measures
CHAMA-DISTRICT-INTEGRATED-DEVELOPMENT-PLAN-28_02_2025.pdf|idp|2025|both|109|text_fallback|such as habitat restoration efforts. Engaging with the local communities and
CHAMA-DISTRICT-INTEGRATED-DEVELOPMENT-PLAN-28_02_2025.pdf|idp|2025|both|109|text_fallback|stakeholders throughout the planning and implementation process will be
CHAMA-DISTRICT-INTEGRATED-DEVELOPMENT-PLAN-28_02_2025.pdf|idp|2025|both|109|text_fallback|essential.
CHAMA-DISTRICT-INTEGRATED-DEVELOPMENT-PLAN-28_02_2025.pdf|idp|2025|both|109|text_fallback|Issues Arising Relating to Gender Groups and Vulnerable Groups
CHAMA-DISTRICT-INTEGRATED-DEVELOPMENT-PLAN-28_02_2025.pdf|idp|2025|both|109|text_fallback|In Chama District, traditional roles place a heavy burden on women and girls for
CHAMA-DISTRICT-INTEGRATED-DEVELOPMENT-PLAN-28_02_2025.pdf|idp|2025|both|109|text_fallback|household chores like fetching water, often requiring long, exhausting journeys.
CHAMA-DISTRICT-INTEGRATED-DEVELOPMENT-PLAN-28_02_2025.pdf|idp|2025|both|109|text_fallback|This affects girls' education, as they spend substantial time gathering water
CHAMA-DISTRICT-INTEGRATED-DEVELOPMENT-PLAN-28_02_2025.pdf|idp|2025|both|109|text_fallback|instead of attending school. Boys are also affected, as they often assist with water
CHAMA-DISTRICT-INTEGRATED-DEVELOPMENT-PLAN-28_02_2025.pdf|idp|2025|both|109|text_fallback|collection, impacting their schooling and well-being.
CHAMA-DISTRICT-INTEGRATED-DEVELOPMENT-PLAN-28_02_2025.pdf|idp|2025|both|109|text_fallback|Youth, the largest demographic, face inadequate water and sanitation
CHAMA-DISTRICT-INTEGRATED-DEVELOPMENT-PLAN-28_02_2025.pdf|idp|2025|both|109|text_fallback|infrastructure, although existing facilities are generally inclusive. The elderly and
CHAMA-DISTRICT-INTEGRATED-DEVELOPMENT-PLAN-28_02_2025.pdf|idp|2025|both|109|text_fallback|disabled encounter access challenges at hand-pump water points, experiencing
CHAMA-DISTRICT-INTEGRATED-DEVELOPMENT-PLAN-28_02_2025.pdf|idp|2025|both|109|text_fallback|discrimination and limited hygiene access. Women and vulnerable groups also
CHAMA-DISTRICT-INTEGRATED-DEVELOPMENT-PLAN-28_02_2025.pdf|idp|2025|both|109|text_fallback|lack awareness about cross-cutting issues like HIV/AIDS, with some falling victim to
CHAMA-DISTRICT-INTEGRATED-DEVELOPMENT-PLAN-28_02_2025.pdf|idp|2025|both|109|text_fallback|exploitative situations involving contractors on water projects.
CHAMA-DISTRICT-INTEGRATED-DEVELOPMENT-PLAN-28_02_2025.pdf|idp|2025|both|109|text_fallback|Addressing these issues demands infrastructure improvements, better sanitation,
CHAMA-DISTRICT-INTEGRATED-DEVELOPMENT-PLAN-28_02_2025.pdf|idp|2025|both|109|text_fallback|and gender equality efforts.
CHAMA-DISTRICT-INTEGRATED-DEVELOPMENT-PLAN-28_02_2025.pdf|idp|2025|both|109|text_fallback|External Factors Contributing to the Issue
CHAMA-DISTRICT-INTEGRATED-DEVELOPMENT-PLAN-28_02_2025.pdf|idp|2025|both|109|text_fallback|The major external factor contributing to these issues is inadequate investment in
CHAMA-DISTRICT-INTEGRATED-DEVELOPMENT-PLAN-28_02_2025.pdf|idp|2025|both|109|text_fallback|the water and sanitation sector and erratic funding of programmes in the water
CHAMA-DISTRICT-INTEGRATED-DEVELOPMENT-PLAN-28_02_2025.pdf|idp|2025|both|109|text_fallback|sector. The lack of spatial analysis in the distribution of water points has
CHAMA-DISTRICT-INTEGRATED-DEVELOPMENT-PLAN-28_02_2025.pdf|idp|2025|both|109|text_fallback|contributed to the identified issue. This had caused biased drilling and installation
CHAMA-DISTRICT-INTEGRATED-DEVELOPMENT-PLAN-28_02_2025.pdf|idp|2025|both|109|text_fallback|of boreholes in the rural parts of the district. There are other notable factors
CHAMA-DISTRICT-INTEGRATED-DEVELOPMENT-PLAN-28_02_2025.pdf|idp|2025|both|109|text_fallback|79
CHAMA-DISTRICT-INTEGRATED-DEVELOPMENT-PLAN-28_02_2025.pdf|idp|2025|both|110|text_fallback|contributing to the issues such as unplanned settlement under housing sector
CHAMA-DISTRICT-INTEGRATED-DEVELOPMENT-PLAN-28_02_2025.pdf|idp|2025|both|110|text_fallback|affecting issues of water and sanitation. Attaining Open defecation free (ODF)
CHAMA-DISTRICT-INTEGRATED-DEVELOPMENT-PLAN-28_02_2025.pdf|idp|2025|both|110|text_fallback|status has been an issue in rural areas due to noncompliance of community
CHAMA-DISTRICT-INTEGRATED-DEVELOPMENT-PLAN-28_02_2025.pdf|idp|2025|both|110|text_fallback|members and lack of support from Traditional leaders as major external factors.
CHAMA-DISTRICT-INTEGRATED-DEVELOPMENT-PLAN-28_02_2025.pdf|idp|2025|both|110|text_fallback|Lack of crossing points in the district has also led to inadequate water and
CHAMA-DISTRICT-INTEGRATED-DEVELOPMENT-PLAN-28_02_2025.pdf|idp|2025|both|110|text_fallback|sanitation facilities in the district.
CHAMA-DISTRICT-INTEGRATED-DEVELOPMENT-PLAN-28_02_2025.pdf|idp|2025|both|110|text_fallback|ENVIRONMENT AND FORESTRY SECTOR
CHAMA-DISTRICT-INTEGRATED-DEVELOPMENT-PLAN-28_02_2025.pdf|idp|2025|both|110|text_fallback|Forestry and Natural Resources sector is mandated to oversee, conserve, and
CHAMA-DISTRICT-INTEGRATED-DEVELOPMENT-PLAN-28_02_2025.pdf|idp|2025|both|110|text_fallback|preserve natural resources and protect the environment. Forests and Natural
CHAMA-DISTRICT-INTEGRATED-DEVELOPMENT-PLAN-28_02_2025.pdf|idp|2025|both|110|text_fallback|Resources are central to the achievement of a low carbon green economy and
CHAMA-DISTRICT-INTEGRATED-DEVELOPMENT-PLAN-28_02_2025.pdf|idp|2025|both|110|text_fallback|sustainable development. The following chapter looks into the environment and
CHAMA-DISTRICT-INTEGRATED-DEVELOPMENT-PLAN-28_02_2025.pdf|idp|2025|both|110|text_fallback|forest sector; Insights of this sector include governmental plans, priorities, and
CHAMA-DISTRICT-INTEGRATED-DEVELOPMENT-PLAN-28_02_2025.pdf|idp|2025|both|110|text_fallback|policies implemented at district level including analyses of the district’s
CHAMA-DISTRICT-INTEGRATED-DEVELOPMENT-PLAN-28_02_2025.pdf|idp|2025|both|110|text_fallback|performance and issues raised by residents.
CHAMA-DISTRICT-INTEGRATED-DEVELOPMENT-PLAN-28_02_2025.pdf|idp|2025|both|110|text_fallback|Key Government Priorities to Be Implemented at A Local Level
CHAMA-DISTRICT-INTEGRATED-DEVELOPMENT-PLAN-28_02_2025.pdf|idp|2025|both|110|text_fallback|As one of the unique districts located in a game management area with a
CHAMA-DISTRICT-INTEGRATED-DEVELOPMENT-PLAN-28_02_2025.pdf|idp|2025|both|110|text_fallback|gazetted national forest, Chama faces a threat of environmental degradation
CHAMA-DISTRICT-INTEGRATED-DEVELOPMENT-PLAN-28_02_2025.pdf|idp|2025|both|110|text_fallback|which is the core issue of the environment and forestry sector. Loss of biodiversity
CHAMA-DISTRICT-INTEGRATED-DEVELOPMENT-PLAN-28_02_2025.pdf|idp|2025|both|110|text_fallback|and forest cover poses threat to the tourism industry, compromises resilience to
CHAMA-DISTRICT-INTEGRATED-DEVELOPMENT-PLAN-28_02_2025.pdf|idp|2025|both|110|text_fallback|floods and droughts, and affects good economic growth among other factors.
CHAMA-DISTRICT-INTEGRATED-DEVELOPMENT-PLAN-28_02_2025.pdf|idp|2025|both|110|text_fallback|In order to address this issue, the government at district level has identified two
CHAMA-DISTRICT-INTEGRATED-DEVELOPMENT-PLAN-28_02_2025.pdf|idp|2025|both|110|text_fallback|key priorities; Government intends to regulate and monitor the exploitation of
CHAMA-DISTRICT-INTEGRATED-DEVELOPMENT-PLAN-28_02_2025.pdf|idp|2025|both|110|text_fallback|forest resources and industrial activities in the district and increase forest
CHAMA-DISTRICT-INTEGRATED-DEVELOPMENT-PLAN-28_02_2025.pdf|idp|2025|both|110|text_fallback|hectarage under community forest management. Through collaborative efforts
CHAMA-DISTRICT-INTEGRATED-DEVELOPMENT-PLAN-28_02_2025.pdf|idp|2025|both|110|text_fallback|among government departments and other organizations, the district will
CHAMA-DISTRICT-INTEGRATED-DEVELOPMENT-PLAN-28_02_2025.pdf|idp|2025|both|110|text_fallback|80
CHAMA-DISTRICT-INTEGRATED-DEVELOPMENT-PLAN-28_02_2025.pdf|idp|2025|both|111|text_fallback|facilitate the regeneration of forest areas, facilitate the establishment of
CHAMA-DISTRICT-INTEGRATED-DEVELOPMENT-PLAN-28_02_2025.pdf|idp|2025|both|111|text_fallback|community forest management areas, regulate and monitor the exploitation of
CHAMA-DISTRICT-INTEGRATED-DEVELOPMENT-PLAN-28_02_2025.pdf|idp|2025|both|111|text_fallback|forest resources, and enforce environmental regulations.
CHAMA-DISTRICT-INTEGRATED-DEVELOPMENT-PLAN-28_02_2025.pdf|idp|2025|both|111|text_fallback|Description of the existing state of development
CHAMA-DISTRICT-INTEGRATED-DEVELOPMENT-PLAN-28_02_2025.pdf|idp|2025|both|111|text_fallback|The section below gives description on the existing state of development in
CHAMA-DISTRICT-INTEGRATED-DEVELOPMENT-PLAN-28_02_2025.pdf|idp|2025|both|111|text_fallback|Chama district. As depicted in Figure 14, there are three main types of
CHAMA-DISTRICT-INTEGRATED-DEVELOPMENT-PLAN-28_02_2025.pdf|idp|2025|both|111|text_fallback|predominant vegetation under Chama District namely, (a) Mopane woodlands
CHAMA-DISTRICT-INTEGRATED-DEVELOPMENT-PLAN-28_02_2025.pdf|idp|2025|both|111|text_fallback|which are infertile and found on poor sandy loam soil, (b) Miombo woodlands,
CHAMA-DISTRICT-INTEGRATED-DEVELOPMENT-PLAN-28_02_2025.pdf|idp|2025|both|111|text_fallback|found on hilly highlands with moderate fertile soils and (c) Munga, locally known
CHAMA-DISTRICT-INTEGRATED-DEVELOPMENT-PLAN-28_02_2025.pdf|idp|2025|both|111|text_fallback|as Musangu usually found on fertile alluvial soils where human settlements are
CHAMA-DISTRICT-INTEGRATED-DEVELOPMENT-PLAN-28_02_2025.pdf|idp|2025|both|111|text_fallback|mostly concentrated. However, it is worth noting that there are also minor
CHAMA-DISTRICT-INTEGRATED-DEVELOPMENT-PLAN-28_02_2025.pdf|idp|2025|both|111|text_fallback|occurrences constituting watersheds and small patches of palm communities
CHAMA-DISTRICT-INTEGRATED-DEVELOPMENT-PLAN-28_02_2025.pdf|idp|2025|both|111|text_fallback|and traces of grass land found along the riverbanks and surrounding areas as
CHAMA-DISTRICT-INTEGRATED-DEVELOPMENT-PLAN-28_02_2025.pdf|idp|2025|both|111|text_fallback|shown in Map 9.
CHAMA-DISTRICT-INTEGRATED-DEVELOPMENT-PLAN-28_02_2025.pdf|idp|2025|both|111|text_fallback|81
CHAMA-DISTRICT-INTEGRATED-DEVELOPMENT-PLAN-28_02_2025.pdf|idp|2025|both|112|text_fallback|Map 9: Chama district vegetation distribution
CHAMA-DISTRICT-INTEGRATED-DEVELOPMENT-PLAN-28_02_2025.pdf|idp|2025|both|112|text_fallback|Source: Forestry Department (2024)
CHAMA-DISTRICT-INTEGRATED-DEVELOPMENT-PLAN-28_02_2025.pdf|idp|2025|both|112|text_fallback|82
CHAMA-DISTRICT-INTEGRATED-DEVELOPMENT-PLAN-28_02_2025.pdf|idp|2025|both|113|text_fallback|Furthermore, an assessment of forest cover over the previous two decades from
CHAMA-DISTRICT-INTEGRATED-DEVELOPMENT-PLAN-28_02_2025.pdf|idp|2025|both|113|text_fallback|2002 to 2022 shows that majority of the district’s territory is predominantly savanna.
CHAMA-DISTRICT-INTEGRATED-DEVELOPMENT-PLAN-28_02_2025.pdf|idp|2025|both|113|text_fallback|It was also deduced that there is a case of regeneration of ever green forests
CHAMA-DISTRICT-INTEGRATED-DEVELOPMENT-PLAN-28_02_2025.pdf|idp|2025|both|113|text_fallback|particularly in Chama South over the past two decades. Deciduous Broadleaf
CHAMA-DISTRICT-INTEGRATED-DEVELOPMENT-PLAN-28_02_2025.pdf|idp|2025|both|113|text_fallback|Forest cover on the other hand has significantly declined particularly in the area
CHAMA-DISTRICT-INTEGRATED-DEVELOPMENT-PLAN-28_02_2025.pdf|idp|2025|both|113|text_fallback|of the Lundazi National Forest in Chasato and Kalovya. This can be attributed to
CHAMA-DISTRICT-INTEGRATED-DEVELOPMENT-PLAN-28_02_2025.pdf|idp|2025|both|113|text_fallback|the rise in settlements within the area. Changes in forest cover over the past two
CHAMA-DISTRICT-INTEGRATED-DEVELOPMENT-PLAN-28_02_2025.pdf|idp|2025|both|113|text_fallback|decades have been presented in Figure 7.
CHAMA-DISTRICT-INTEGRATED-DEVELOPMENT-PLAN-28_02_2025.pdf|idp|2025|both|113|text_fallback|83
CHAMA-DISTRICT-INTEGRATED-DEVELOPMENT-PLAN-28_02_2025.pdf|idp|2025|both|114|text_fallback|Figure 7: Land-Use Land-Cover assessment of the district from 2002 (left) to 2022 (right).
CHAMA-DISTRICT-INTEGRATED-DEVELOPMENT-PLAN-28_02_2025.pdf|idp|2025|both|114|text_fallback|Source: Chama Town Council (2024)
CHAMA-DISTRICT-INTEGRATED-DEVELOPMENT-PLAN-28_02_2025.pdf|idp|2025|both|114|text_fallback|84
CHAMA-DISTRICT-INTEGRATED-DEVELOPMENT-PLAN-28_02_2025.pdf|idp|2025|both|115|table|"SN | Forest Reserve | Hectares | Location and current status in the district"
CHAMA-DISTRICT-INTEGRATED-DEVELOPMENT-PLAN-28_02_2025.pdf|idp|2025|both|115|table|"1. | Lundazi
National
Forest in Chama
only | 289,960 | This is the largest forest located along
Kambombo, Tembwe & Chikwa and
Chifunda Chiefdoms. Lundazi forest is
heavily encroached mainly due to
unsustainable agricultural practices
especially in Kalovya, Sitwe, Kamfutu
and Chasato area where there are
several fields and farms.
Notwithstanding that, the reserve has
not been spared with illegal activities by
surrounding villages. These illegal
activities include illegal logging, illegal
charcoal production, and fuel wood
collection for sale and for burning bricks
for construction. The district has been
receiving appropriation in aid (AIA) from
Muchinga provincial Administration for
the past 2 years towards forest
protection, community sensitisation
among others."
CHAMA-DISTRICT-INTEGRATED-DEVELOPMENT-PLAN-28_02_2025.pdf|idp|2025|both|115|table|"2. | Makutu
National Forest | 38,849 | The forest is located in along Mulilo,
Kambombo and also partly in Tendele
Chiefdom of Mafinga District. It is
stocked, and it is on the hills."
CHAMA-DISTRICT-INTEGRATED-DEVELOPMENT-PLAN-28_02_2025.pdf|idp|2025|both|115|table|"3. | Chire National
Forest | 2,765 | The forest is located in Kanyelele and
surrounding areas in Chief Kambombo’s"
CHAMA-DISTRICT-INTEGRATED-DEVELOPMENT-PLAN-28_02_2025.pdf|idp|2025|both|116|table|"4. | Fibale National
Forest | 1,720 | This forest is lies inside Chikwa chiefdom
across Luangwa River between Pondo
and Mwila. The forest’s condition is good
and it’s the watershed in the Southwest
of the district."
CHAMA-DISTRICT-INTEGRATED-DEVELOPMENT-PLAN-28_02_2025.pdf|idp|2025|both|116|table|"5. | Pondo Local
Forest | 272 | The forest is in Pondo area in Chikwa
chiefdom. The forest is not gazzeted."
CHAMA-DISTRICT-INTEGRATED-DEVELOPMENT-PLAN-28_02_2025.pdf|idp|2025|both|116|table|"SN | CFMG Name | Hectarage | Chiefdom"
CHAMA-DISTRICT-INTEGRATED-DEVELOPMENT-PLAN-28_02_2025.pdf|idp|2025|both|116|table|"1. | Chabulika | 65,610 | Lundu"
CHAMA-DISTRICT-INTEGRATED-DEVELOPMENT-PLAN-28_02_2025.pdf|idp|2025|both|116|table|"2. | Chifunda | 89,236 | Chifunda"
CHAMA-DISTRICT-INTEGRATED-DEVELOPMENT-PLAN-28_02_2025.pdf|idp|2025|both|116|table|"3. | Chikwa | 80,357 | Chikwa"
CHAMA-DISTRICT-INTEGRATED-DEVELOPMENT-PLAN-28_02_2025.pdf|idp|2025|both|116|table|"4. | Chilumba | 12,500 | Chikwa"
CHAMA-DISTRICT-INTEGRATED-DEVELOPMENT-PLAN-28_02_2025.pdf|idp|2025|both|116|table|"5. | Chisope | 76,488 | Lundu"
CHAMA-DISTRICT-INTEGRATED-DEVELOPMENT-PLAN-28_02_2025.pdf|idp|2025|both|116|table|"6. | Kambombo | 28,221 | Kambombo"
CHAMA-DISTRICT-INTEGRATED-DEVELOPMENT-PLAN-28_02_2025.pdf|idp|2025|both|116|table|"7. | Kambombo Nature Park | 77,182 | Kambombo"
CHAMA-DISTRICT-INTEGRATED-DEVELOPMENT-PLAN-28_02_2025.pdf|idp|2025|both|116|table|"8. | Kamimbili | 29,500 | Tembwe"
CHAMA-DISTRICT-INTEGRATED-DEVELOPMENT-PLAN-28_02_2025.pdf|idp|2025|both|116|table|"9. | Katenya | 23,279 | Tembwe"
CHAMA-DISTRICT-INTEGRATED-DEVELOPMENT-PLAN-28_02_2025.pdf|idp|2025|both|116|table|"10. | Limwezi | 93,782 | Lundu"
CHAMA-DISTRICT-INTEGRATED-DEVELOPMENT-PLAN-28_02_2025.pdf|idp|2025|both|116|table|"11. | Lundu | 119,477 | Lundu"
CHAMA-DISTRICT-INTEGRATED-DEVELOPMENT-PLAN-28_02_2025.pdf|idp|2025|both|116|table|"12. | Luvila | 81,691 | Chikwa"
CHAMA-DISTRICT-INTEGRATED-DEVELOPMENT-PLAN-28_02_2025.pdf|idp|2025|both|116|table|"13. | Magologodo
Luswang’ombe | 4,708 | Chifunda"
CHAMA-DISTRICT-INTEGRATED-DEVELOPMENT-PLAN-28_02_2025.pdf|idp|2025|both|116|table|"14. | Mulilo | 28,838 | Mulilo"
CHAMA-DISTRICT-INTEGRATED-DEVELOPMENT-PLAN-28_02_2025.pdf|idp|2025|both|116|table|"15. | Nthabalumba | 5,453 | Chifunda"
CHAMA-DISTRICT-INTEGRATED-DEVELOPMENT-PLAN-28_02_2025.pdf|idp|2025|both|116|table|"16. | Tembwe | 36,745 | Tembwe"
CHAMA-DISTRICT-INTEGRATED-DEVELOPMENT-PLAN-28_02_2025.pdf|idp|2025|both|116|table|"17. | Tiyeseko | 12,303 | Mulilo"
CHAMA-DISTRICT-INTEGRATED-DEVELOPMENT-PLAN-28_02_2025.pdf|idp|2025|both|116|table|"Total Hectarage |  | 865,370 | "
CHAMA-DISTRICT-INTEGRATED-DEVELOPMENT-PLAN-28_02_2025.pdf|idp|2025|both|117|text_fallback|Map 10: Location of Community Forest Management Areas in Chama District.
CHAMA-DISTRICT-INTEGRATED-DEVELOPMENT-PLAN-28_02_2025.pdf|idp|2025|both|117|text_fallback|Source: Forestry Department (2024)
CHAMA-DISTRICT-INTEGRATED-DEVELOPMENT-PLAN-28_02_2025.pdf|idp|2025|both|117|text_fallback|87
CHAMA-DISTRICT-INTEGRATED-DEVELOPMENT-PLAN-28_02_2025.pdf|idp|2025|both|118|text_fallback|Availability of services
CHAMA-DISTRICT-INTEGRATED-DEVELOPMENT-PLAN-28_02_2025.pdf|idp|2025|both|118|text_fallback|The forestry department executes a number of functions as prescribed under the
CHAMA-DISTRICT-INTEGRATED-DEVELOPMENT-PLAN-28_02_2025.pdf|idp|2025|both|118|text_fallback|Forestry Act 2015; Functions of the Forestry department include;
CHAMA-DISTRICT-INTEGRATED-DEVELOPMENT-PLAN-28_02_2025.pdf|idp|2025|both|118|text_fallback|1. To Identify and demarcate forest areas to be protected as National Forests,
CHAMA-DISTRICT-INTEGRATED-DEVELOPMENT-PLAN-28_02_2025.pdf|idp|2025|both|118|text_fallback|Local Forests, Botanical Reserves, Community forests and Joint Forest
CHAMA-DISTRICT-INTEGRATED-DEVELOPMENT-PLAN-28_02_2025.pdf|idp|2025|both|118|text_fallback|Management Areas.
CHAMA-DISTRICT-INTEGRATED-DEVELOPMENT-PLAN-28_02_2025.pdf|idp|2025|both|118|text_fallback|2. Control, manage, conserve and administer Protected Forest Areas.
CHAMA-DISTRICT-INTEGRATED-DEVELOPMENT-PLAN-28_02_2025.pdf|idp|2025|both|118|text_fallback|3. Promote methods for sustainable utilization, conservation and
CHAMA-DISTRICT-INTEGRATED-DEVELOPMENT-PLAN-28_02_2025.pdf|idp|2025|both|118|text_fallback|preservation of ecosystems and
CHAMA-DISTRICT-INTEGRATED-DEVELOPMENT-PLAN-28_02_2025.pdf|idp|2025|both|118|text_fallback|biological diversity in non- protected forest areas.
CHAMA-DISTRICT-INTEGRATED-DEVELOPMENT-PLAN-28_02_2025.pdf|idp|2025|both|118|text_fallback|4. Develop and implement strategies for reducing emissions from
CHAMA-DISTRICT-INTEGRATED-DEVELOPMENT-PLAN-28_02_2025.pdf|idp|2025|both|118|text_fallback|deforestation and forest degradation to address impacts of climate
CHAMA-DISTRICT-INTEGRATED-DEVELOPMENT-PLAN-28_02_2025.pdf|idp|2025|both|118|text_fallback|change through mitigation and adaptation measures.
CHAMA-DISTRICT-INTEGRATED-DEVELOPMENT-PLAN-28_02_2025.pdf|idp|2025|both|118|text_fallback|5. Establish and manage local and regional supply forest plantations.
CHAMA-DISTRICT-INTEGRATED-DEVELOPMENT-PLAN-28_02_2025.pdf|idp|2025|both|118|text_fallback|6. Promote and provide technical support for private sector participation in
CHAMA-DISTRICT-INTEGRATED-DEVELOPMENT-PLAN-28_02_2025.pdf|idp|2025|both|118|text_fallback|the development of forest plantations, timber industry, beekeeping and
CHAMA-DISTRICT-INTEGRATED-DEVELOPMENT-PLAN-28_02_2025.pdf|idp|2025|both|118|text_fallback|non-wood forest products.
CHAMA-DISTRICT-INTEGRATED-DEVELOPMENT-PLAN-28_02_2025.pdf|idp|2025|both|118|text_fallback|7. Conduct research on forestry and related matters.
CHAMA-DISTRICT-INTEGRATED-DEVELOPMENT-PLAN-28_02_2025.pdf|idp|2025|both|118|text_fallback|8. Maintain a forest information management system.
CHAMA-DISTRICT-INTEGRATED-DEVELOPMENT-PLAN-28_02_2025.pdf|idp|2025|both|118|text_fallback|In order to carry out these functions, the forestry department extends its services
CHAMA-DISTRICT-INTEGRATED-DEVELOPMENT-PLAN-28_02_2025.pdf|idp|2025|both|118|text_fallback|through a network of forest camps; the department has 5 forest camps namely
CHAMA-DISTRICT-INTEGRATED-DEVELOPMENT-PLAN-28_02_2025.pdf|idp|2025|both|118|text_fallback|Kalovya, Makutu, Chire, Fibale, and Pondo.
CHAMA-DISTRICT-INTEGRATED-DEVELOPMENT-PLAN-28_02_2025.pdf|idp|2025|both|118|text_fallback|Forest camps in strategic areas lack officers due to insufficient housing, hindering
CHAMA-DISTRICT-INTEGRATED-DEVELOPMENT-PLAN-28_02_2025.pdf|idp|2025|both|118|text_fallback|effective environmental management and resource monitoring. The forest
CHAMA-DISTRICT-INTEGRATED-DEVELOPMENT-PLAN-28_02_2025.pdf|idp|2025|both|118|text_fallback|department relies on partnerships with other district stakeholders to perform its
CHAMA-DISTRICT-INTEGRATED-DEVELOPMENT-PLAN-28_02_2025.pdf|idp|2025|both|118|text_fallback|functions, which are restricted to shared interests with other government bodies,
CHAMA-DISTRICT-INTEGRATED-DEVELOPMENT-PLAN-28_02_2025.pdf|idp|2025|both|118|text_fallback|88
CHAMA-DISTRICT-INTEGRATED-DEVELOPMENT-PLAN-28_02_2025.pdf|idp|2025|both|119|text_fallback|such as law enforcement. Consequently, most communities, except those near
CHAMA-DISTRICT-INTEGRATED-DEVELOPMENT-PLAN-28_02_2025.pdf|idp|2025|both|119|text_fallback|Kamphemba ward, have no local forest department officer presence.
CHAMA-DISTRICT-INTEGRATED-DEVELOPMENT-PLAN-28_02_2025.pdf|idp|2025|both|119|text_fallback|Quality of services
CHAMA-DISTRICT-INTEGRATED-DEVELOPMENT-PLAN-28_02_2025.pdf|idp|2025|both|119|text_fallback|From the functions stated in above, the district’s department has endeavored to
CHAMA-DISTRICT-INTEGRATED-DEVELOPMENT-PLAN-28_02_2025.pdf|idp|2025|both|119|text_fallback|provide quality services to the residents and stakeholders. Through collaborative
CHAMA-DISTRICT-INTEGRATED-DEVELOPMENT-PLAN-28_02_2025.pdf|idp|2025|both|119|text_fallback|efforts, the department makes amends for some of the lacked administrative
CHAMA-DISTRICT-INTEGRATED-DEVELOPMENT-PLAN-28_02_2025.pdf|idp|2025|both|119|text_fallback|capacity deficits such as limited manpower and financial resources. This has
CHAMA-DISTRICT-INTEGRATED-DEVELOPMENT-PLAN-28_02_2025.pdf|idp|2025|both|119|text_fallback|helped particularly with provision of services such as issuance of permits,
CHAMA-DISTRICT-INTEGRATED-DEVELOPMENT-PLAN-28_02_2025.pdf|idp|2025|both|119|text_fallback|facilitation for concession licenses, community capacity building, and others such
CHAMA-DISTRICT-INTEGRATED-DEVELOPMENT-PLAN-28_02_2025.pdf|idp|2025|both|119|text_fallback|as establishment of plantations and nurseries. Though as it stands, the district does
CHAMA-DISTRICT-INTEGRATED-DEVELOPMENT-PLAN-28_02_2025.pdf|idp|2025|both|119|text_fallback|not have an established plantation.
CHAMA-DISTRICT-INTEGRATED-DEVELOPMENT-PLAN-28_02_2025.pdf|idp|2025|both|119|text_fallback|Other functions are based on the mandate to regulate the exploitation of natural
CHAMA-DISTRICT-INTEGRATED-DEVELOPMENT-PLAN-28_02_2025.pdf|idp|2025|both|119|text_fallback|resources, this involves monitoring and inspection patrols in the gazzetted national
CHAMA-DISTRICT-INTEGRATED-DEVELOPMENT-PLAN-28_02_2025.pdf|idp|2025|both|119|text_fallback|forest as well as community forests. Similar to the previously stated functions,
CHAMA-DISTRICT-INTEGRATED-DEVELOPMENT-PLAN-28_02_2025.pdf|idp|2025|both|119|text_fallback|limitations include a lack of human and financial resources as well as other
CHAMA-DISTRICT-INTEGRATED-DEVELOPMENT-PLAN-28_02_2025.pdf|idp|2025|both|119|text_fallback|necessities namely monitoring vehicles, and camp staff houses among others.
CHAMA-DISTRICT-INTEGRATED-DEVELOPMENT-PLAN-28_02_2025.pdf|idp|2025|both|119|text_fallback|Issues Arising from Community and Stakeholder Consultations
CHAMA-DISTRICT-INTEGRATED-DEVELOPMENT-PLAN-28_02_2025.pdf|idp|2025|both|119|text_fallback|Stakeholder engagement revealed several challenges faced by communities
CHAMA-DISTRICT-INTEGRATED-DEVELOPMENT-PLAN-28_02_2025.pdf|idp|2025|both|119|text_fallback|and stakeholders. These include the lack of affordable alternative energy sources
CHAMA-DISTRICT-INTEGRATED-DEVELOPMENT-PLAN-28_02_2025.pdf|idp|2025|both|119|text_fallback|to replace or supplement the widespread use of wood and charcoal fuel.
CHAMA-DISTRICT-INTEGRATED-DEVELOPMENT-PLAN-28_02_2025.pdf|idp|2025|both|119|text_fallback|Additionally, the high cost of establishing individual alternative energy systems is
CHAMA-DISTRICT-INTEGRATED-DEVELOPMENT-PLAN-28_02_2025.pdf|idp|2025|both|119|text_fallback|especially burdensome in rural areas. The absence of forestry officers in forest
CHAMA-DISTRICT-INTEGRATED-DEVELOPMENT-PLAN-28_02_2025.pdf|idp|2025|both|119|text_fallback|camps also hinders timely access to services for natural resource exploitation and
CHAMA-DISTRICT-INTEGRATED-DEVELOPMENT-PLAN-28_02_2025.pdf|idp|2025|both|119|text_fallback|the acquisition of licenses and permits, particularly for residents in remote areas.
CHAMA-DISTRICT-INTEGRATED-DEVELOPMENT-PLAN-28_02_2025.pdf|idp|2025|both|119|text_fallback|Although carbon trading is seen as a positive development in the district, many
CHAMA-DISTRICT-INTEGRATED-DEVELOPMENT-PLAN-28_02_2025.pdf|idp|2025|both|119|text_fallback|residents struggle to embrace it due to the limited immediate benefits.
CHAMA-DISTRICT-INTEGRATED-DEVELOPMENT-PLAN-28_02_2025.pdf|idp|2025|both|119|text_fallback|89
CHAMA-DISTRICT-INTEGRATED-DEVELOPMENT-PLAN-28_02_2025.pdf|idp|2025|both|120|text_fallback|Impact of Changes Anticipated Over the Next Ten Years
CHAMA-DISTRICT-INTEGRATED-DEVELOPMENT-PLAN-28_02_2025.pdf|idp|2025|both|120|text_fallback|Population growth intensifies the demand for forest products, such as timber,
CHAMA-DISTRICT-INTEGRATED-DEVELOPMENT-PLAN-28_02_2025.pdf|idp|2025|both|120|text_fallback|fuelwood, and charcoal, impacting the environment significantly. This increase in
CHAMA-DISTRICT-INTEGRATED-DEVELOPMENT-PLAN-28_02_2025.pdf|idp|2025|both|120|text_fallback|demand leads to deforestation, which disrupts the hydrological cycle and
CHAMA-DISTRICT-INTEGRATED-DEVELOPMENT-PLAN-28_02_2025.pdf|idp|2025|both|120|text_fallback|biodiversity, especially as forested land is converted for agriculture near water
CHAMA-DISTRICT-INTEGRATED-DEVELOPMENT-PLAN-28_02_2025.pdf|idp|2025|both|120|text_fallback|bodies. The forestry sector faces added strain from increased resource extraction,
CHAMA-DISTRICT-INTEGRATED-DEVELOPMENT-PLAN-28_02_2025.pdf|idp|2025|both|120|text_fallback|necessitating more patrols, infrastructure, and staffing to protect natural resources
CHAMA-DISTRICT-INTEGRATED-DEVELOPMENT-PLAN-28_02_2025.pdf|idp|2025|both|120|text_fallback|and combat illegal activities. Additionally, poverty exacerbates environmental
CHAMA-DISTRICT-INTEGRATED-DEVELOPMENT-PLAN-28_02_2025.pdf|idp|2025|both|120|text_fallback|degradation, as population growth amplifies pressure on natural resources,
CHAMA-DISTRICT-INTEGRATED-DEVELOPMENT-PLAN-28_02_2025.pdf|idp|2025|both|120|text_fallback|further stressing conservation efforts.
CHAMA-DISTRICT-INTEGRATED-DEVELOPMENT-PLAN-28_02_2025.pdf|idp|2025|both|120|text_fallback|Impact of Ongoing Development Programmes on Land Use and Population
CHAMA-DISTRICT-INTEGRATED-DEVELOPMENT-PLAN-28_02_2025.pdf|idp|2025|both|120|text_fallback|Distribution Patterns
CHAMA-DISTRICT-INTEGRATED-DEVELOPMENT-PLAN-28_02_2025.pdf|idp|2025|both|120|text_fallback|Land use change is arguably the most pervasive socioeconomic force driving
CHAMA-DISTRICT-INTEGRATED-DEVELOPMENT-PLAN-28_02_2025.pdf|idp|2025|both|120|text_fallback|changes and degradation of ecosystems. This trend will cause loss of soil fertility,
CHAMA-DISTRICT-INTEGRATED-DEVELOPMENT-PLAN-28_02_2025.pdf|idp|2025|both|120|text_fallback|loss of biodiversity, soil erosion, siltation, climate change, global warming, water
CHAMA-DISTRICT-INTEGRATED-DEVELOPMENT-PLAN-28_02_2025.pdf|idp|2025|both|120|text_fallback|and air pollution, vegetation loss, topography destruction, water table
CHAMA-DISTRICT-INTEGRATED-DEVELOPMENT-PLAN-28_02_2025.pdf|idp|2025|both|120|text_fallback|destruction and recharge zones will be affected. Population distribution pattern
CHAMA-DISTRICT-INTEGRATED-DEVELOPMENT-PLAN-28_02_2025.pdf|idp|2025|both|120|text_fallback|might cause high encroachment in protected forest reserves due to shortage of
CHAMA-DISTRICT-INTEGRATED-DEVELOPMENT-PLAN-28_02_2025.pdf|idp|2025|both|120|text_fallback|land and loss of soil fertility (shifting cultivation).
CHAMA-DISTRICT-INTEGRATED-DEVELOPMENT-PLAN-28_02_2025.pdf|idp|2025|both|120|text_fallback|The department and other stakeholders have to work with other sectors to ensure
CHAMA-DISTRICT-INTEGRATED-DEVELOPMENT-PLAN-28_02_2025.pdf|idp|2025|both|120|text_fallback|that the right land use is achieved as well as making sure that no plots or land is
CHAMA-DISTRICT-INTEGRATED-DEVELOPMENT-PLAN-28_02_2025.pdf|idp|2025|both|120|text_fallback|falling in any protected forest area. It is also imperative that the planners,
CHAMA-DISTRICT-INTEGRATED-DEVELOPMENT-PLAN-28_02_2025.pdf|idp|2025|both|120|text_fallback|agriculture officers and forest officers see to it that adherence in terms observing
CHAMA-DISTRICT-INTEGRATED-DEVELOPMENT-PLAN-28_02_2025.pdf|idp|2025|both|120|text_fallback|farms are 50m away from streams and rivers.
CHAMA-DISTRICT-INTEGRATED-DEVELOPMENT-PLAN-28_02_2025.pdf|idp|2025|both|120|text_fallback|90
CHAMA-DISTRICT-INTEGRATED-DEVELOPMENT-PLAN-28_02_2025.pdf|idp|2025|both|121|text_fallback|Impact of Environment and Climate Change
CHAMA-DISTRICT-INTEGRATED-DEVELOPMENT-PLAN-28_02_2025.pdf|idp|2025|both|121|text_fallback|Global climate change, driven mainly by greenhouse gas emissions, is causing
CHAMA-DISTRICT-INTEGRATED-DEVELOPMENT-PLAN-28_02_2025.pdf|idp|2025|both|121|text_fallback|rising temperatures and altering weather patterns, leading to more extreme
CHAMA-DISTRICT-INTEGRATED-DEVELOPMENT-PLAN-28_02_2025.pdf|idp|2025|both|121|text_fallback|weather events. Mining expansion, increased timber concessions, and
CHAMA-DISTRICT-INTEGRATED-DEVELOPMENT-PLAN-28_02_2025.pdf|idp|2025|both|121|text_fallback|unsustainable farming practices are further depleting forest resources, disrupting
CHAMA-DISTRICT-INTEGRATED-DEVELOPMENT-PLAN-28_02_2025.pdf|idp|2025|both|121|text_fallback|the hydrological cycle, and exacerbating climate impacts. These activities
CHAMA-DISTRICT-INTEGRATED-DEVELOPMENT-PLAN-28_02_2025.pdf|idp|2025|both|121|text_fallback|threaten conserved lands and accelerate resource depletion.
CHAMA-DISTRICT-INTEGRATED-DEVELOPMENT-PLAN-28_02_2025.pdf|idp|2025|both|121|text_fallback|Forestry departments are tasked with revenue generation, ecosystem
CHAMA-DISTRICT-INTEGRATED-DEVELOPMENT-PLAN-28_02_2025.pdf|idp|2025|both|121|text_fallback|preservation, and biodiversity conservation. Revenue from wood and non-wood
CHAMA-DISTRICT-INTEGRATED-DEVELOPMENT-PLAN-28_02_2025.pdf|idp|2025|both|121|text_fallback|forest products, which supports rural livelihoods and provides alternative income
CHAMA-DISTRICT-INTEGRATED-DEVELOPMENT-PLAN-28_02_2025.pdf|idp|2025|both|121|text_fallback|sources, is at risk if canopy cover decreases, negatively impacting beekeeping
CHAMA-DISTRICT-INTEGRATED-DEVELOPMENT-PLAN-28_02_2025.pdf|idp|2025|both|121|text_fallback|and other forest-dependent activities. Reduced forest cover also diminishes
CHAMA-DISTRICT-INTEGRATED-DEVELOPMENT-PLAN-28_02_2025.pdf|idp|2025|both|121|text_fallback|carbon sequestration, which may alter temperatures and rainfall patterns. The
CHAMA-DISTRICT-INTEGRATED-DEVELOPMENT-PLAN-28_02_2025.pdf|idp|2025|both|121|text_fallback|department’s primary focus is on sustainable natural resource management to
CHAMA-DISTRICT-INTEGRATED-DEVELOPMENT-PLAN-28_02_2025.pdf|idp|2025|both|121|text_fallback|protect these resources for future generations.
CHAMA-DISTRICT-INTEGRATED-DEVELOPMENT-PLAN-28_02_2025.pdf|idp|2025|both|121|text_fallback|Issues Arising Relating to Gender Groups and Vulnerable Groups
CHAMA-DISTRICT-INTEGRATED-DEVELOPMENT-PLAN-28_02_2025.pdf|idp|2025|both|121|text_fallback|Efforts in community forest management (CFM) promote gender equity, with 30%
CHAMA-DISTRICT-INTEGRATED-DEVELOPMENT-PLAN-28_02_2025.pdf|idp|2025|both|121|text_fallback|of women participating in decision-making. This inclusion reduces social and
CHAMA-DISTRICT-INTEGRATED-DEVELOPMENT-PLAN-28_02_2025.pdf|idp|2025|both|121|text_fallback|economic hardships for women, who rely heavily on forest resources like
CHAMA-DISTRICT-INTEGRATED-DEVELOPMENT-PLAN-28_02_2025.pdf|idp|2025|both|121|text_fallback|fuelwood, mushrooms, and other non-timber products. Deforestation poses a
CHAMA-DISTRICT-INTEGRATED-DEVELOPMENT-PLAN-28_02_2025.pdf|idp|2025|both|121|text_fallback|unique challenge for women, increasing their travel distances and decreasing
CHAMA-DISTRICT-INTEGRATED-DEVELOPMENT-PLAN-28_02_2025.pdf|idp|2025|both|121|text_fallback|resource availability, thus affecting livelihoods.
CHAMA-DISTRICT-INTEGRATED-DEVELOPMENT-PLAN-28_02_2025.pdf|idp|2025|both|121|text_fallback|In beekeeping, cultural beliefs often exclude women, though they show high
CHAMA-DISTRICT-INTEGRATED-DEVELOPMENT-PLAN-28_02_2025.pdf|idp|2025|both|121|text_fallback|dedication in forest management. Support for women’s beekeeping initiatives
CHAMA-DISTRICT-INTEGRATED-DEVELOPMENT-PLAN-28_02_2025.pdf|idp|2025|both|121|text_fallback|through training and resources are underway. Men’s engagement in traditionally
CHAMA-DISTRICT-INTEGRATED-DEVELOPMENT-PLAN-28_02_2025.pdf|idp|2025|both|121|text_fallback|female forest activities could enhance income generation for communities.
CHAMA-DISTRICT-INTEGRATED-DEVELOPMENT-PLAN-28_02_2025.pdf|idp|2025|both|121|text_fallback|91
CHAMA-DISTRICT-INTEGRATED-DEVELOPMENT-PLAN-28_02_2025.pdf|idp|2025|both|122|text_fallback|Youth involvement in environmental programs is encouraged to instill sustainable
CHAMA-DISTRICT-INTEGRATED-DEVELOPMENT-PLAN-28_02_2025.pdf|idp|2025|both|122|text_fallback|practices. For persons with disabilities, environmental barriers restrict participation,
CHAMA-DISTRICT-INTEGRATED-DEVELOPMENT-PLAN-28_02_2025.pdf|idp|2025|both|122|text_fallback|and climate change disproportionately impacts them, heightening risks like HIV
CHAMA-DISTRICT-INTEGRATED-DEVELOPMENT-PLAN-28_02_2025.pdf|idp|2025|both|122|text_fallback|transmission during climate-related migrations.
CHAMA-DISTRICT-INTEGRATED-DEVELOPMENT-PLAN-28_02_2025.pdf|idp|2025|both|122|text_fallback|External Factors Contributing to The Issue
CHAMA-DISTRICT-INTEGRATED-DEVELOPMENT-PLAN-28_02_2025.pdf|idp|2025|both|122|text_fallback|Human activities like mining, industrialization, deforestation, and unsustainable
CHAMA-DISTRICT-INTEGRATED-DEVELOPMENT-PLAN-28_02_2025.pdf|idp|2025|both|122|text_fallback|farming are significantly impacting the environment by disrupting water tables,
CHAMA-DISTRICT-INTEGRATED-DEVELOPMENT-PLAN-28_02_2025.pdf|idp|2025|both|122|text_fallback|recharge zones, and ecosystems. This leads to disturbances in the hydrological
CHAMA-DISTRICT-INTEGRATED-DEVELOPMENT-PLAN-28_02_2025.pdf|idp|2025|both|122|text_fallback|cycle, contributes to climate change, and causes biodiversity loss. Over time,
CHAMA-DISTRICT-INTEGRATED-DEVELOPMENT-PLAN-28_02_2025.pdf|idp|2025|both|122|text_fallback|such disturbances may cause a shift in forest species composition, known as
CHAMA-DISTRICT-INTEGRATED-DEVELOPMENT-PLAN-28_02_2025.pdf|idp|2025|both|122|text_fallback|succession, potentially eliminating endemic species.
CHAMA-DISTRICT-INTEGRATED-DEVELOPMENT-PLAN-28_02_2025.pdf|idp|2025|both|122|text_fallback|Climate Change and Environmental Sustainability
CHAMA-DISTRICT-INTEGRATED-DEVELOPMENT-PLAN-28_02_2025.pdf|idp|2025|both|122|text_fallback|The district's environmental sustainability assessment focuses on the pivotal issue
CHAMA-DISTRICT-INTEGRATED-DEVELOPMENT-PLAN-28_02_2025.pdf|idp|2025|both|122|text_fallback|of environmental degradation, encompassing deforestation, threats to wildlife
CHAMA-DISTRICT-INTEGRATED-DEVELOPMENT-PLAN-28_02_2025.pdf|idp|2025|both|122|text_fallback|habitats, detrimental practices, and population growth. A comprehensive
CHAMA-DISTRICT-INTEGRATED-DEVELOPMENT-PLAN-28_02_2025.pdf|idp|2025|both|122|text_fallback|approach is employed, presenting interventions to address the core issue,
CHAMA-DISTRICT-INTEGRATED-DEVELOPMENT-PLAN-28_02_2025.pdf|idp|2025|both|122|text_fallback|alongside analyses of anticipated changes, public concerns, and external factors
CHAMA-DISTRICT-INTEGRATED-DEVELOPMENT-PLAN-28_02_2025.pdf|idp|2025|both|122|text_fallback|exacerbating environmental degradation.
CHAMA-DISTRICT-INTEGRATED-DEVELOPMENT-PLAN-28_02_2025.pdf|idp|2025|both|122|text_fallback|Key Government Priorities to Be Implemented at A Local Level
CHAMA-DISTRICT-INTEGRATED-DEVELOPMENT-PLAN-28_02_2025.pdf|idp|2025|both|122|text_fallback|The threat of environmental degradation was prompted proactive action from
CHAMA-DISTRICT-INTEGRATED-DEVELOPMENT-PLAN-28_02_2025.pdf|idp|2025|both|122|text_fallback|the government at district level. As such, the government has prioritized the
CHAMA-DISTRICT-INTEGRATED-DEVELOPMENT-PLAN-28_02_2025.pdf|idp|2025|both|122|text_fallback|promotion of sufficient sustainable mitigation and adaptation initiatives as well as
CHAMA-DISTRICT-INTEGRATED-DEVELOPMENT-PLAN-28_02_2025.pdf|idp|2025|both|122|text_fallback|increase access to alternative energy sources to combat climate change and
CHAMA-DISTRICT-INTEGRATED-DEVELOPMENT-PLAN-28_02_2025.pdf|idp|2025|both|122|text_fallback|enhance environmental protection. Collaborative effort will be made to secure
CHAMA-DISTRICT-INTEGRATED-DEVELOPMENT-PLAN-28_02_2025.pdf|idp|2025|both|122|text_fallback|water sources, regulate the exploitation of natural resources, reinforce
CHAMA-DISTRICT-INTEGRATED-DEVELOPMENT-PLAN-28_02_2025.pdf|idp|2025|both|122|text_fallback|92
CHAMA-DISTRICT-INTEGRATED-DEVELOPMENT-PLAN-28_02_2025.pdf|idp|2025|both|123|text_fallback|environmental regulations, and promote relocation of settlements from flood
CHAMA-DISTRICT-INTEGRATED-DEVELOPMENT-PLAN-28_02_2025.pdf|idp|2025|both|123|text_fallback|prone areas.
CHAMA-DISTRICT-INTEGRATED-DEVELOPMENT-PLAN-28_02_2025.pdf|idp|2025|both|123|text_fallback|Description of the existing state of development and key performance indicators
CHAMA-DISTRICT-INTEGRATED-DEVELOPMENT-PLAN-28_02_2025.pdf|idp|2025|both|123|text_fallback|The Urban and Regional Planning Regulations of 2020, under the Urban and
CHAMA-DISTRICT-INTEGRATED-DEVELOPMENT-PLAN-28_02_2025.pdf|idp|2025|both|123|text_fallback|Regional Planning Act of 2015, support development control through land use
CHAMA-DISTRICT-INTEGRATED-DEVELOPMENT-PLAN-28_02_2025.pdf|idp|2025|both|123|text_fallback|regulations for various purposes (housing, commercial, agricultural, industrial). This
CHAMA-DISTRICT-INTEGRATED-DEVELOPMENT-PLAN-28_02_2025.pdf|idp|2025|both|123|text_fallback|control incorporates environmental protection and climate change
CHAMA-DISTRICT-INTEGRATED-DEVELOPMENT-PLAN-28_02_2025.pdf|idp|2025|both|123|text_fallback|considerations for obtaining development permissions. Effective control,
CHAMA-DISTRICT-INTEGRATED-DEVELOPMENT-PLAN-28_02_2025.pdf|idp|2025|both|123|text_fallback|however, is primarily enforceable on state land (e.g., part of Kamphemba ward),
CHAMA-DISTRICT-INTEGRATED-DEVELOPMENT-PLAN-28_02_2025.pdf|idp|2025|both|123|text_fallback|with planning agreements proposed for customary land administration.
CHAMA-DISTRICT-INTEGRATED-DEVELOPMENT-PLAN-28_02_2025.pdf|idp|2025|both|123|text_fallback|Water management in Chama is supported by the 2022–2026 Strategic Plan
CHAMA-DISTRICT-INTEGRATED-DEVELOPMENT-PLAN-28_02_2025.pdf|idp|2025|both|123|text_fallback|involving stakeholders like Chama Town Council, EWSC, and UNICEF. Activities
CHAMA-DISTRICT-INTEGRATED-DEVELOPMENT-PLAN-28_02_2025.pdf|idp|2025|both|123|text_fallback|include aquifer mapping and water point improvements. The district aims for
CHAMA-DISTRICT-INTEGRATED-DEVELOPMENT-PLAN-28_02_2025.pdf|idp|2025|both|123|text_fallback|green energy transitions via solar power plants in Lundu and Kambombo
CHAMA-DISTRICT-INTEGRATED-DEVELOPMENT-PLAN-28_02_2025.pdf|idp|2025|both|123|text_fallback|chiefdoms, but efforts require expansion for comprehensive energy sustainability.
CHAMA-DISTRICT-INTEGRATED-DEVELOPMENT-PLAN-28_02_2025.pdf|idp|2025|both|123|text_fallback|Forest conservation is mandated by the National Forestry Act, promoting
CHAMA-DISTRICT-INTEGRATED-DEVELOPMENT-PLAN-28_02_2025.pdf|idp|2025|both|123|text_fallback|Community Forest Management Areas (CFMAs). Chama has 1 national and 4
CHAMA-DISTRICT-INTEGRATED-DEVELOPMENT-PLAN-28_02_2025.pdf|idp|2025|both|123|text_fallback|local forests with 17 CFMGs aiding forest protection. The Game Management Plan
CHAMA-DISTRICT-INTEGRATED-DEVELOPMENT-PLAN-28_02_2025.pdf|idp|2025|both|123|text_fallback|(GMP) aligns with local Community Resource Boards (CRBs), managed by chiefs,
CHAMA-DISTRICT-INTEGRATED-DEVELOPMENT-PLAN-28_02_2025.pdf|idp|2025|both|123|text_fallback|to oversee wildlife habitat conservation across five chiefdoms.
CHAMA-DISTRICT-INTEGRATED-DEVELOPMENT-PLAN-28_02_2025.pdf|idp|2025|both|123|text_fallback|Climate-smart agriculture covers 12,000 hectares, promoting sustainable farming
CHAMA-DISTRICT-INTEGRATED-DEVELOPMENT-PLAN-28_02_2025.pdf|idp|2025|both|123|text_fallback|to mitigate environmental impact. In an effort to mitigate climatic impacts such
CHAMA-DISTRICT-INTEGRATED-DEVELOPMENT-PLAN-28_02_2025.pdf|idp|2025|both|123|text_fallback|as floods, the district has mapped flood prone areas as depicted in Figure 17 and
CHAMA-DISTRICT-INTEGRATED-DEVELOPMENT-PLAN-28_02_2025.pdf|idp|2025|both|123|text_fallback|through the Disaster Management and Mitigation Unit (DMMU), has provided aid
CHAMA-DISTRICT-INTEGRATED-DEVELOPMENT-PLAN-28_02_2025.pdf|idp|2025|both|123|text_fallback|and relief interventions to such areas. The challenge is that settlements have
CHAMA-DISTRICT-INTEGRATED-DEVELOPMENT-PLAN-28_02_2025.pdf|idp|2025|both|123|text_fallback|developed and keep developing in flood prone areas because communities
CHAMA-DISTRICT-INTEGRATED-DEVELOPMENT-PLAN-28_02_2025.pdf|idp|2025|both|123|text_fallback|93
CHAMA-DISTRICT-INTEGRATED-DEVELOPMENT-PLAN-28_02_2025.pdf|idp|2025|both|124|text_fallback|know that they will receive food from government. Therefore, there is need for a
CHAMA-DISTRICT-INTEGRATED-DEVELOPMENT-PLAN-28_02_2025.pdf|idp|2025|both|124|text_fallback|robust resettlement plan for such areas.
CHAMA-DISTRICT-INTEGRATED-DEVELOPMENT-PLAN-28_02_2025.pdf|idp|2025|both|124|text_fallback|Availability of services
CHAMA-DISTRICT-INTEGRATED-DEVELOPMENT-PLAN-28_02_2025.pdf|idp|2025|both|124|text_fallback|The summary of development control and related efforts in Chama District
CHAMA-DISTRICT-INTEGRATED-DEVELOPMENT-PLAN-28_02_2025.pdf|idp|2025|both|124|text_fallback|highlights several key challenges and initiatives. Chama District faces significant
CHAMA-DISTRICT-INTEGRATED-DEVELOPMENT-PLAN-28_02_2025.pdf|idp|2025|both|124|text_fallback|difficulties in enforcing development control, particularly in areas of customary
CHAMA-DISTRICT-INTEGRATED-DEVELOPMENT-PLAN-28_02_2025.pdf|idp|2025|both|124|text_fallback|land, which constitute over 90% of its territory. This challenge is exacerbated by
CHAMA-DISTRICT-INTEGRATED-DEVELOPMENT-PLAN-28_02_2025.pdf|idp|2025|both|124|text_fallback|unregulated local land uses that pose environmental threats. Areas covered at
CHAMA-DISTRICT-INTEGRATED-DEVELOPMENT-PLAN-28_02_2025.pdf|idp|2025|both|124|text_fallback|present are those with planned state land in Kamphemba ward while measures
CHAMA-DISTRICT-INTEGRATED-DEVELOPMENT-PLAN-28_02_2025.pdf|idp|2025|both|124|text_fallback|to cover the remaining areas in the 24 wards are being developed.
CHAMA-DISTRICT-INTEGRATED-DEVELOPMENT-PLAN-28_02_2025.pdf|idp|2025|both|124|text_fallback|To mitigate these environmental degradation and climatic impact issues, various
CHAMA-DISTRICT-INTEGRATED-DEVELOPMENT-PLAN-28_02_2025.pdf|idp|2025|both|124|text_fallback|initiatives have been devised. Environmental initiatives include utilizing the
CHAMA-DISTRICT-INTEGRATED-DEVELOPMENT-PLAN-28_02_2025.pdf|idp|2025|both|124|text_fallback|Constituency Development Fund (CDF) to establish tree nurseries and ensuring
CHAMA-DISTRICT-INTEGRATED-DEVELOPMENT-PLAN-28_02_2025.pdf|idp|2025|both|124|text_fallback|that contractors replant trees cleared during construction. Additionally, the URP
CHAMA-DISTRICT-INTEGRATED-DEVELOPMENT-PLAN-28_02_2025.pdf|idp|2025|both|124|text_fallback|planning regulations of 2020 require that all developments reserve at least 20% of
CHAMA-DISTRICT-INTEGRATED-DEVELOPMENT-PLAN-28_02_2025.pdf|idp|2025|both|124|text_fallback|their area for greenery.
CHAMA-DISTRICT-INTEGRATED-DEVELOPMENT-PLAN-28_02_2025.pdf|idp|2025|both|124|text_fallback|In terms of water and sanitation, efforts are being made to map and secure
CHAMA-DISTRICT-INTEGRATED-DEVELOPMENT-PLAN-28_02_2025.pdf|idp|2025|both|124|text_fallback|aquifer areas while promoting District Water and Sanitation Health Education
CHAMA-DISTRICT-INTEGRATED-DEVELOPMENT-PLAN-28_02_2025.pdf|idp|2025|both|124|text_fallback|(DWASHE). At current, only Kamphemba area has a mapped-out water aquifer.
CHAMA-DISTRICT-INTEGRATED-DEVELOPMENT-PLAN-28_02_2025.pdf|idp|2025|both|124|text_fallback|There are also plans for solar power plants in Lundu and Kambombo chiefdoms
CHAMA-DISTRICT-INTEGRATED-DEVELOPMENT-PLAN-28_02_2025.pdf|idp|2025|both|124|text_fallback|to enhance renewable energy sources.
CHAMA-DISTRICT-INTEGRATED-DEVELOPMENT-PLAN-28_02_2025.pdf|idp|2025|both|124|text_fallback|Forest management is supported by the presence of the existing national and
CHAMA-DISTRICT-INTEGRATED-DEVELOPMENT-PLAN-28_02_2025.pdf|idp|2025|both|124|text_fallback|local forests and 17 Community Forest Management Groups (CFMGs).
CHAMA-DISTRICT-INTEGRATED-DEVELOPMENT-PLAN-28_02_2025.pdf|idp|2025|both|124|text_fallback|Reinforcing CFMGs will help reduce flood impacts in most of the flood prone areas
CHAMA-DISTRICT-INTEGRATED-DEVELOPMENT-PLAN-28_02_2025.pdf|idp|2025|both|124|text_fallback|depicted in Map 11 below.
CHAMA-DISTRICT-INTEGRATED-DEVELOPMENT-PLAN-28_02_2025.pdf|idp|2025|both|124|text_fallback|94
CHAMA-DISTRICT-INTEGRATED-DEVELOPMENT-PLAN-28_02_2025.pdf|idp|2025|both|125|text_fallback|Map 11: Flood Prone Areas
CHAMA-DISTRICT-INTEGRATED-DEVELOPMENT-PLAN-28_02_2025.pdf|idp|2025|both|125|text_fallback|Source: Chama Town Council (2024)
CHAMA-DISTRICT-INTEGRATED-DEVELOPMENT-PLAN-28_02_2025.pdf|idp|2025|both|125|text_fallback|95
CHAMA-DISTRICT-INTEGRATED-DEVELOPMENT-PLAN-28_02_2025.pdf|idp|2025|both|126|table|"CONTROL MEASURE | STANDARD | STATUS"
CHAMA-DISTRICT-INTEGRATED-DEVELOPMENT-PLAN-28_02_2025.pdf|idp|2025|both|126|table|"DEVELOPMENT
CONTROL | • Number of
applications for
planning permission
with environmental
protection measures | Although the previously
approved applications for
planning permission met
the overall requirements as
prescribed in the
regulations, measures for
environmental protection
are not explicitly stated."
CHAMA-DISTRICT-INTEGRATED-DEVELOPMENT-PLAN-28_02_2025.pdf|idp|2025|both|126|table|"IMPLEMENTATION
OF THE WDS
STRATEGY 2022-2026 | • Well-fields
characterized,
Identified and
developed for water
supply and irrigation | As it stands, only
Kamphemba area has a
mapped-out water aquifer.
Though plans to map out
more areas have been
developed and await
implementation."
CHAMA-DISTRICT-INTEGRATED-DEVELOPMENT-PLAN-28_02_2025.pdf|idp|2025|both|127|table|" | • Local Aquifers
identified and
mapped
• Aquifer and water
protection
enforcement
mechanisms
operationalized
• Climate smart water
harvesting
technologies
promoted and
applied
• Awareness increased
on water harvesting
technologies | "
CHAMA-DISTRICT-INTEGRATED-DEVELOPMENT-PLAN-28_02_2025.pdf|idp|2025|both|127|table|"ESTABLISHMENT OF
GREEN AND
RENEWABLE
ENERGY SOURCES | • Renewable and
alternative energy
infrastructure
developed | Construction of Lundu solar
power plant is underway."
CHAMA-DISTRICT-INTEGRATED-DEVELOPMENT-PLAN-28_02_2025.pdf|idp|2025|both|127|table|"FOREST
MANAGEMENT | • Routine monitoring
and inspections field
visits
• Mapping and GPS
marking of identified
forests
• Survey to ascertain
the status of the
forest areas
• Development of
management plans
• Construction of
Standard Nursery Site
• Train communities on
other alternative
livelihoods
(enterprise
development)
• Natural Forest
regeneration areas
established | Patrols are carried out
within the designated
areas though not
frequently due to
insufficient manpower and
housing infrastructure in
forest areas across the
district."
CHAMA-DISTRICT-INTEGRATED-DEVELOPMENT-PLAN-28_02_2025.pdf|idp|2025|both|128|table|"CONSERVATION OF
THE WILDLIFE
NATURAL HABITAT | • Research on wildlife
(population
monitoring and
habitat
management) | Activity has been planned
for."
CHAMA-DISTRICT-INTEGRATED-DEVELOPMENT-PLAN-28_02_2025.pdf|idp|2025|both|128|table|"CLIMATE SMART
AGRICULTURE | • Community
sensitization on
improved seed (Rice,
Maize, Groundnuts,
Soybeans, Sunflower)
• Establish smallholder
low-cost community
irrigation facilities
and Schemes
• Training smallholder
farmer and staff in
irrigation
management system
• Identify and train
local seed growers
• Training agriculture
staff and farmers in
Climate Smart
Agricultural
technologies.
• Conduct awareness
campaigns on
climate change
mitigation and
adaptation | Activities are being
implemented in Chama."
CHAMA-DISTRICT-INTEGRATED-DEVELOPMENT-PLAN-28_02_2025.pdf|idp|2025|both|128|table|"DISASTER
MANAGEMENT AND
MITIGATION IN THE
DISTRICT | • Conduct disaster
response and
mitigation activities
• Conduct awareness
campaigns on
climate change
mitigation and
adaptation
• Conduct sensitization
campaigns on flood
resilience initiatives | Activities are conducted
accordingly. The only
challenge is the availability
of funds for proactive
interventions such as flood
mitigation infrastructure
among others."
CHAMA-DISTRICT-INTEGRATED-DEVELOPMENT-PLAN-28_02_2025.pdf|idp|2025|both|129|text_fallback|Source: Chama Town Council (2024)
CHAMA-DISTRICT-INTEGRATED-DEVELOPMENT-PLAN-28_02_2025.pdf|idp|2025|both|129|text_fallback|Issues from Public Participation Process
CHAMA-DISTRICT-INTEGRATED-DEVELOPMENT-PLAN-28_02_2025.pdf|idp|2025|both|129|text_fallback|The stakeholder engagement in Chama District revealed public concerns that,
CHAMA-DISTRICT-INTEGRATED-DEVELOPMENT-PLAN-28_02_2025.pdf|idp|2025|both|129|text_fallback|while not directly linked to environmental protection, impact the effectiveness of
CHAMA-DISTRICT-INTEGRATED-DEVELOPMENT-PLAN-28_02_2025.pdf|idp|2025|both|129|text_fallback|existing initiatives. Mitigation measures focus on reducing environmentally harmful
CHAMA-DISTRICT-INTEGRATED-DEVELOPMENT-PLAN-28_02_2025.pdf|idp|2025|both|129|text_fallback|practices and promoting alternative livelihoods, facilitated by community groups
CHAMA-DISTRICT-INTEGRATED-DEVELOPMENT-PLAN-28_02_2025.pdf|idp|2025|both|129|text_fallback|like CRBs and cooperatives. However, challenges persist, including unequal
CHAMA-DISTRICT-INTEGRATED-DEVELOPMENT-PLAN-28_02_2025.pdf|idp|2025|both|129|text_fallback|benefit distribution, uneven workloads, and a preference for immediate returns
CHAMA-DISTRICT-INTEGRATED-DEVELOPMENT-PLAN-28_02_2025.pdf|idp|2025|both|129|text_fallback|over long-term programs like carbon trading. Other issues include non-
CHAMA-DISTRICT-INTEGRATED-DEVELOPMENT-PLAN-28_02_2025.pdf|idp|2025|both|129|text_fallback|compliance among members, retention of traditional farming methods due to
CHAMA-DISTRICT-INTEGRATED-DEVELOPMENT-PLAN-28_02_2025.pdf|idp|2025|both|129|text_fallback|difficulty adopting new practices, and insufficient technical support.
CHAMA-DISTRICT-INTEGRATED-DEVELOPMENT-PLAN-28_02_2025.pdf|idp|2025|both|129|text_fallback|Various environmental programs are implemented district-wide, though not all
CHAMA-DISTRICT-INTEGRATED-DEVELOPMENT-PLAN-28_02_2025.pdf|idp|2025|both|129|text_fallback|reach every area. Key initiatives include development control, water resource
CHAMA-DISTRICT-INTEGRATED-DEVELOPMENT-PLAN-28_02_2025.pdf|idp|2025|both|129|text_fallback|management, wildlife conservation, and forest management. Programs such as
CHAMA-DISTRICT-INTEGRATED-DEVELOPMENT-PLAN-28_02_2025.pdf|idp|2025|both|129|text_fallback|TRALARD and carbon harvesting aim to promote resilience, but some remain in
CHAMA-DISTRICT-INTEGRATED-DEVELOPMENT-PLAN-28_02_2025.pdf|idp|2025|both|129|text_fallback|early phases or face logistical challenges. Solar energy projects are yet to be
CHAMA-DISTRICT-INTEGRATED-DEVELOPMENT-PLAN-28_02_2025.pdf|idp|2025|both|129|text_fallback|established, while flood response and food security programs are more reactive.
CHAMA-DISTRICT-INTEGRATED-DEVELOPMENT-PLAN-28_02_2025.pdf|idp|2025|both|129|text_fallback|Overall, while there is growing recognition of the importance of environmental
CHAMA-DISTRICT-INTEGRATED-DEVELOPMENT-PLAN-28_02_2025.pdf|idp|2025|both|129|text_fallback|protection, enhanced support, training, and adoption of alternative energy
CHAMA-DISTRICT-INTEGRATED-DEVELOPMENT-PLAN-28_02_2025.pdf|idp|2025|both|129|text_fallback|solutions are needed to boost effectiveness.
CHAMA-DISTRICT-INTEGRATED-DEVELOPMENT-PLAN-28_02_2025.pdf|idp|2025|both|129|text_fallback|Impact of Changes Anticipated Over the Next Ten Years
CHAMA-DISTRICT-INTEGRATED-DEVELOPMENT-PLAN-28_02_2025.pdf|idp|2025|both|129|text_fallback|Arising from the projection of population growth, it is anticipated that should the
CHAMA-DISTRICT-INTEGRATED-DEVELOPMENT-PLAN-28_02_2025.pdf|idp|2025|both|129|text_fallback|current development trends persist, there will be a more rapid loss of forest cover
CHAMA-DISTRICT-INTEGRATED-DEVELOPMENT-PLAN-28_02_2025.pdf|idp|2025|both|129|text_fallback|especially in areas where livelihood activities heavily depend on forest resources.
CHAMA-DISTRICT-INTEGRATED-DEVELOPMENT-PLAN-28_02_2025.pdf|idp|2025|both|129|text_fallback|Areas experiencing the pressure of development are the major growth nodes
CHAMA-DISTRICT-INTEGRATED-DEVELOPMENT-PLAN-28_02_2025.pdf|idp|2025|both|129|text_fallback|99
CHAMA-DISTRICT-INTEGRATED-DEVELOPMENT-PLAN-28_02_2025.pdf|idp|2025|both|130|text_fallback|(Chibale, Lundu, Kalinkhu, Kambombo, Chikwa, and Chifunda). This is attributed
CHAMA-DISTRICT-INTEGRATED-DEVELOPMENT-PLAN-28_02_2025.pdf|idp|2025|both|130|text_fallback|to the sparse location trend of settlements that are distant from one to another in
CHAMA-DISTRICT-INTEGRATED-DEVELOPMENT-PLAN-28_02_2025.pdf|idp|2025|both|130|text_fallback|areas like Lundu, Chikwa and Chifunda hence the need for reinforcement of
CHAMA-DISTRICT-INTEGRATED-DEVELOPMENT-PLAN-28_02_2025.pdf|idp|2025|both|130|text_fallback|stakeholder engagements and implementation of environmentally sustainable
CHAMA-DISTRICT-INTEGRATED-DEVELOPMENT-PLAN-28_02_2025.pdf|idp|2025|both|130|text_fallback|economic alternative livelihood activities. Areas like Kalinkhu, Kambombo, and
CHAMA-DISTRICT-INTEGRATED-DEVELOPMENT-PLAN-28_02_2025.pdf|idp|2025|both|130|text_fallback|Chibale on the other hand, have a nucleated settlement pattern and as a result,
CHAMA-DISTRICT-INTEGRATED-DEVELOPMENT-PLAN-28_02_2025.pdf|idp|2025|both|130|text_fallback|this places a demand for environmental protection due to increase in population
CHAMA-DISTRICT-INTEGRATED-DEVELOPMENT-PLAN-28_02_2025.pdf|idp|2025|both|130|text_fallback|and economic activity.
CHAMA-DISTRICT-INTEGRATED-DEVELOPMENT-PLAN-28_02_2025.pdf|idp|2025|both|130|text_fallback|Impact of Environment and Climate Change
CHAMA-DISTRICT-INTEGRATED-DEVELOPMENT-PLAN-28_02_2025.pdf|idp|2025|both|130|text_fallback|As observed from past events, the Chama district has been at the receiving end
CHAMA-DISTRICT-INTEGRATED-DEVELOPMENT-PLAN-28_02_2025.pdf|idp|2025|both|130|text_fallback|of natural disasters induced by climate change; The 2019, 2021, 2022, and 2024
CHAMA-DISTRICT-INTEGRATED-DEVELOPMENT-PLAN-28_02_2025.pdf|idp|2025|both|130|text_fallback|floods in both North and South Constituencies are examples of how climate
CHAMA-DISTRICT-INTEGRATED-DEVELOPMENT-PLAN-28_02_2025.pdf|idp|2025|both|130|text_fallback|change has affected the district. While climate change may be a global
CHAMA-DISTRICT-INTEGRATED-DEVELOPMENT-PLAN-28_02_2025.pdf|idp|2025|both|130|text_fallback|phenomenon, a closer investigation shows that the Chama district had a role to
CHAMA-DISTRICT-INTEGRATED-DEVELOPMENT-PLAN-28_02_2025.pdf|idp|2025|both|130|text_fallback|play in the magnitude of the impacts. Agricultural activity in areas such as
CHAMA-DISTRICT-INTEGRATED-DEVELOPMENT-PLAN-28_02_2025.pdf|idp|2025|both|130|text_fallback|riverbanks weakened the river borders. This coupled with the clearing of land
CHAMA-DISTRICT-INTEGRATED-DEVELOPMENT-PLAN-28_02_2025.pdf|idp|2025|both|130|text_fallback|increased the extent of the damage caused by the floods.
CHAMA-DISTRICT-INTEGRATED-DEVELOPMENT-PLAN-28_02_2025.pdf|idp|2025|both|130|text_fallback|Additionally, the increase in population also places a demand for wood fuel
CHAMA-DISTRICT-INTEGRATED-DEVELOPMENT-PLAN-28_02_2025.pdf|idp|2025|both|130|text_fallback|which directly links to the depletion of natural forest resources. With the
CHAMA-DISTRICT-INTEGRATED-DEVELOPMENT-PLAN-28_02_2025.pdf|idp|2025|both|130|text_fallback|anticipated growth in the next ten years, the district will face more dire
CHAMA-DISTRICT-INTEGRATED-DEVELOPMENT-PLAN-28_02_2025.pdf|idp|2025|both|130|text_fallback|consequences should such trends be left unchecked. Consequences may
CHAMA-DISTRICT-INTEGRATED-DEVELOPMENT-PLAN-28_02_2025.pdf|idp|2025|both|130|text_fallback|include;
CHAMA-DISTRICT-INTEGRATED-DEVELOPMENT-PLAN-28_02_2025.pdf|idp|2025|both|130|text_fallback|✓ Migration of wildlife from past animal corridors
CHAMA-DISTRICT-INTEGRATED-DEVELOPMENT-PLAN-28_02_2025.pdf|idp|2025|both|130|text_fallback|✓ Further devastation of public infrastructure
CHAMA-DISTRICT-INTEGRATED-DEVELOPMENT-PLAN-28_02_2025.pdf|idp|2025|both|130|text_fallback|✓ Collapse of fragile local area marketing networks
CHAMA-DISTRICT-INTEGRATED-DEVELOPMENT-PLAN-28_02_2025.pdf|idp|2025|both|130|text_fallback|100
CHAMA-DISTRICT-INTEGRATED-DEVELOPMENT-PLAN-28_02_2025.pdf|idp|2025|both|131|text_fallback|Issues Arising Relating to Gender Groups and Vulnerable Groups
CHAMA-DISTRICT-INTEGRATED-DEVELOPMENT-PLAN-28_02_2025.pdf|idp|2025|both|131|text_fallback|Climate change exacerbates environmental degradation and social
CHAMA-DISTRICT-INTEGRATED-DEVELOPMENT-PLAN-28_02_2025.pdf|idp|2025|both|131|text_fallback|vulnerabilities in Chama District, disproportionately affecting women, girls, youths,
CHAMA-DISTRICT-INTEGRATED-DEVELOPMENT-PLAN-28_02_2025.pdf|idp|2025|both|131|text_fallback|differently-abled individuals, and those living with HIV/AIDS. Women and girls face
CHAMA-DISTRICT-INTEGRATED-DEVELOPMENT-PLAN-28_02_2025.pdf|idp|2025|both|131|text_fallback|displacement, domestic burdens, gender-based violence, and limited decision-
CHAMA-DISTRICT-INTEGRATED-DEVELOPMENT-PLAN-28_02_2025.pdf|idp|2025|both|131|text_fallback|making power, while men and boys encounter health hazards and human-wildlife
CHAMA-DISTRICT-INTEGRATED-DEVELOPMENT-PLAN-28_02_2025.pdf|idp|2025|both|131|text_fallback|conflicts. Youths are vulnerable to environmental and economic challenges,
CHAMA-DISTRICT-INTEGRATED-DEVELOPMENT-PLAN-28_02_2025.pdf|idp|2025|both|131|text_fallback|leading to poverty and job scarcity. Despite these challenges, Chama District is
CHAMA-DISTRICT-INTEGRATED-DEVELOPMENT-PLAN-28_02_2025.pdf|idp|2025|both|131|text_fallback|actively working towards gender balance, climate resilience, and inclusive
CHAMA-DISTRICT-INTEGRATED-DEVELOPMENT-PLAN-28_02_2025.pdf|idp|2025|both|131|text_fallback|development, promoting equal opportunities, social equity, and economic
CHAMA-DISTRICT-INTEGRATED-DEVELOPMENT-PLAN-28_02_2025.pdf|idp|2025|both|131|text_fallback|participation for all, including differently-abled individuals and those
CHAMA-DISTRICT-INTEGRATED-DEVELOPMENT-PLAN-28_02_2025.pdf|idp|2025|both|131|text_fallback|living with HIV/AIDS.
CHAMA-DISTRICT-INTEGRATED-DEVELOPMENT-PLAN-28_02_2025.pdf|idp|2025|both|131|text_fallback|External Factors Contributing to the Issue
CHAMA-DISTRICT-INTEGRATED-DEVELOPMENT-PLAN-28_02_2025.pdf|idp|2025|both|131|text_fallback|Global climate change has far-reaching implications, and consequently,
CHAMA-DISTRICT-INTEGRATED-DEVELOPMENT-PLAN-28_02_2025.pdf|idp|2025|both|131|text_fallback|economic activities beyond Chama District's borders that generate substantial
CHAMA-DISTRICT-INTEGRATED-DEVELOPMENT-PLAN-28_02_2025.pdf|idp|2025|both|131|text_fallback|greenhouse gas emissions constitute an external factor influencing the district's
CHAMA-DISTRICT-INTEGRATED-DEVELOPMENT-PLAN-28_02_2025.pdf|idp|2025|both|131|text_fallback|environmental sustainability.
CHAMA-DISTRICT-INTEGRATED-DEVELOPMENT-PLAN-28_02_2025.pdf|idp|2025|both|131|text_fallback|MINING SECTOR
CHAMA-DISTRICT-INTEGRATED-DEVELOPMENT-PLAN-28_02_2025.pdf|idp|2025|both|131|text_fallback|The Chama Integrated Development Plan (IDP) recognizes the strategic
CHAMA-DISTRICT-INTEGRATED-DEVELOPMENT-PLAN-28_02_2025.pdf|idp|2025|both|131|text_fallback|importance of the mining sector in driving economic growth, stimulating
CHAMA-DISTRICT-INTEGRATED-DEVELOPMENT-PLAN-28_02_2025.pdf|idp|2025|both|131|text_fallback|development, and improving livelihoods in the rural district. Currently, informal
CHAMA-DISTRICT-INTEGRATED-DEVELOPMENT-PLAN-28_02_2025.pdf|idp|2025|both|131|text_fallback|mining activities dominate the sector, presenting both opportunities and
CHAMA-DISTRICT-INTEGRATED-DEVELOPMENT-PLAN-28_02_2025.pdf|idp|2025|both|131|text_fallback|challenges. Simultaneously, the district is receiving exploration applications from
CHAMA-DISTRICT-INTEGRATED-DEVELOPMENT-PLAN-28_02_2025.pdf|idp|2025|both|131|text_fallback|potential investors, signaling growing interest in the area's mineral resources. The
CHAMA-DISTRICT-INTEGRATED-DEVELOPMENT-PLAN-28_02_2025.pdf|idp|2025|both|131|text_fallback|101
CHAMA-DISTRICT-INTEGRATED-DEVELOPMENT-PLAN-28_02_2025.pdf|idp|2025|both|132|text_fallback|following chapter looks into the mining sector at district level analyzing the
CHAMA-DISTRICT-INTEGRATED-DEVELOPMENT-PLAN-28_02_2025.pdf|idp|2025|both|132|text_fallback|district’s performance and issues faced by the residents and stakeholders.
CHAMA-DISTRICT-INTEGRATED-DEVELOPMENT-PLAN-28_02_2025.pdf|idp|2025|both|132|text_fallback|Key Government Priorities to Be Implemented at a Local Level
CHAMA-DISTRICT-INTEGRATED-DEVELOPMENT-PLAN-28_02_2025.pdf|idp|2025|both|132|text_fallback|Government recognizes the importance of mining in economic transformation
CHAMA-DISTRICT-INTEGRATED-DEVELOPMENT-PLAN-28_02_2025.pdf|idp|2025|both|132|text_fallback|and job creation, with industrial value chains taking center stage through value
CHAMA-DISTRICT-INTEGRATED-DEVELOPMENT-PLAN-28_02_2025.pdf|idp|2025|both|132|text_fallback|addition and mineral beneficiation to frontload the industrialization agenda.
CHAMA-DISTRICT-INTEGRATED-DEVELOPMENT-PLAN-28_02_2025.pdf|idp|2025|both|132|text_fallback|Mining is seen as the key driver in this agenda. Government will create an
CHAMA-DISTRICT-INTEGRATED-DEVELOPMENT-PLAN-28_02_2025.pdf|idp|2025|both|132|text_fallback|enabling environment to support enhanced exploration and exploitation of
CHAMA-DISTRICT-INTEGRATED-DEVELOPMENT-PLAN-28_02_2025.pdf|idp|2025|both|132|text_fallback|minerals and petroleum including improved management of mining operations
CHAMA-DISTRICT-INTEGRATED-DEVELOPMENT-PLAN-28_02_2025.pdf|idp|2025|both|132|text_fallback|to promote stability in mining taxation which will support economic
CHAMA-DISTRICT-INTEGRATED-DEVELOPMENT-PLAN-28_02_2025.pdf|idp|2025|both|132|text_fallback|transformation. Another intervention will be to promote Small-scale miners and
CHAMA-DISTRICT-INTEGRATED-DEVELOPMENT-PLAN-28_02_2025.pdf|idp|2025|both|132|text_fallback|investors Partnerships, and further, formalization and capacitating of Artisanal
CHAMA-DISTRICT-INTEGRATED-DEVELOPMENT-PLAN-28_02_2025.pdf|idp|2025|both|132|text_fallback|mining operations will also support employment creation and income generation.
CHAMA-DISTRICT-INTEGRATED-DEVELOPMENT-PLAN-28_02_2025.pdf|idp|2025|both|132|text_fallback|The government’s priority at district level is to legalize, regulate and promote the
CHAMA-DISTRICT-INTEGRATED-DEVELOPMENT-PLAN-28_02_2025.pdf|idp|2025|both|132|text_fallback|growth of all mining activities in the district in line with the following legislature;
CHAMA-DISTRICT-INTEGRATED-DEVELOPMENT-PLAN-28_02_2025.pdf|idp|2025|both|132|text_fallback|✓ Mines and Minerals Development Act No.11 of 2015
CHAMA-DISTRICT-INTEGRATED-DEVELOPMENT-PLAN-28_02_2025.pdf|idp|2025|both|132|text_fallback|✓ The Mining and Minerals Environmental Fund (EFP)Regulations of 1998 (SI
CHAMA-DISTRICT-INTEGRATED-DEVELOPMENT-PLAN-28_02_2025.pdf|idp|2025|both|132|text_fallback|102)
CHAMA-DISTRICT-INTEGRATED-DEVELOPMENT-PLAN-28_02_2025.pdf|idp|2025|both|132|text_fallback|✓ The Land Acquisition Act of 1995
CHAMA-DISTRICT-INTEGRATED-DEVELOPMENT-PLAN-28_02_2025.pdf|idp|2025|both|132|text_fallback|✓ Urban and Regional Planning Act No.3 Of 2015
CHAMA-DISTRICT-INTEGRATED-DEVELOPMENT-PLAN-28_02_2025.pdf|idp|2025|both|132|text_fallback|✓ Local Government Act No.2 of 2019
CHAMA-DISTRICT-INTEGRATED-DEVELOPMENT-PLAN-28_02_2025.pdf|idp|2025|both|132|text_fallback|✓ The Public Health Act of 1996
CHAMA-DISTRICT-INTEGRATED-DEVELOPMENT-PLAN-28_02_2025.pdf|idp|2025|both|132|text_fallback|✓ Occupational Health and Safety Act .2010
CHAMA-DISTRICT-INTEGRATED-DEVELOPMENT-PLAN-28_02_2025.pdf|idp|2025|both|132|text_fallback|✓ Employment Code Act 3 of 2019
CHAMA-DISTRICT-INTEGRATED-DEVELOPMENT-PLAN-28_02_2025.pdf|idp|2025|both|132|text_fallback|✓ National Council of Zambia Act.10 of 2010
CHAMA-DISTRICT-INTEGRATED-DEVELOPMENT-PLAN-28_02_2025.pdf|idp|2025|both|132|text_fallback|✓ Forestry Act, 2015
CHAMA-DISTRICT-INTEGRATED-DEVELOPMENT-PLAN-28_02_2025.pdf|idp|2025|both|132|text_fallback|102
CHAMA-DISTRICT-INTEGRATED-DEVELOPMENT-PLAN-28_02_2025.pdf|idp|2025|both|133|table|"S/N | LISENCE APPLICATION | APPLICATIONS
RECEIVED | LOCATION (WARD)"
CHAMA-DISTRICT-INTEGRATED-DEVELOPMENT-PLAN-28_02_2025.pdf|idp|2025|both|133|table|"1. | SMALL SCALE GOLD
MINING | 1 | VILIMUKULU"
CHAMA-DISTRICT-INTEGRATED-DEVELOPMENT-PLAN-28_02_2025.pdf|idp|2025|both|133|table|"2. | OPEN PIT MINING | 3 | VILIMUKULU"
CHAMA-DISTRICT-INTEGRATED-DEVELOPMENT-PLAN-28_02_2025.pdf|idp|2025|both|133|table|"3. | PROSPECTING | 1 | CHIBUNGWE AND
CHILUBALUBA"
CHAMA-DISTRICT-INTEGRATED-DEVELOPMENT-PLAN-28_02_2025.pdf|idp|2025|both|133|table|"4. | SMALL SCALE MINING | 1 | VILIMUKULU"
CHAMA-DISTRICT-INTEGRATED-DEVELOPMENT-PLAN-28_02_2025.pdf|idp|2025|both|133|table|"5. | LARGE SCALE
EXPLORATION | 1 | MUCHINGA"
CHAMA-DISTRICT-INTEGRATED-DEVELOPMENT-PLAN-28_02_2025.pdf|idp|2025|both|134|text_fallback|Map 12: Mining Potential Areas in Chama
CHAMA-DISTRICT-INTEGRATED-DEVELOPMENT-PLAN-28_02_2025.pdf|idp|2025|both|134|text_fallback|Source: Chama Town Council (2024)
CHAMA-DISTRICT-INTEGRATED-DEVELOPMENT-PLAN-28_02_2025.pdf|idp|2025|both|134|text_fallback|104
CHAMA-DISTRICT-INTEGRATED-DEVELOPMENT-PLAN-28_02_2025.pdf|idp|2025|both|135|text_fallback|Assessment of the Quality of Services Relevant to this Sector
CHAMA-DISTRICT-INTEGRATED-DEVELOPMENT-PLAN-28_02_2025.pdf|idp|2025|both|135|text_fallback|The quality of service of the existing mines and exploration mines are below
CHAMA-DISTRICT-INTEGRATED-DEVELOPMENT-PLAN-28_02_2025.pdf|idp|2025|both|135|text_fallback|standards due to limited financial investment and lack of technology in the
CHAMA-DISTRICT-INTEGRATED-DEVELOPMENT-PLAN-28_02_2025.pdf|idp|2025|both|135|text_fallback|sector. The illegal miners work without safety and in the current state of the sector,
CHAMA-DISTRICT-INTEGRATED-DEVELOPMENT-PLAN-28_02_2025.pdf|idp|2025|both|135|text_fallback|it is difficult to determine the number of miners accessing health services. In
CHAMA-DISTRICT-INTEGRATED-DEVELOPMENT-PLAN-28_02_2025.pdf|idp|2025|both|135|text_fallback|addition, it cannot be determined if the current mine activities improve the
CHAMA-DISTRICT-INTEGRATED-DEVELOPMENT-PLAN-28_02_2025.pdf|idp|2025|both|135|text_fallback|miner’s income and livelihood and also enhance community well-being and
CHAMA-DISTRICT-INTEGRATED-DEVELOPMENT-PLAN-28_02_2025.pdf|idp|2025|both|135|text_fallback|social cohesion.
CHAMA-DISTRICT-INTEGRATED-DEVELOPMENT-PLAN-28_02_2025.pdf|idp|2025|both|135|text_fallback|Therefore, there is need to provide for or advocate for a means to enhance
CHAMA-DISTRICT-INTEGRATED-DEVELOPMENT-PLAN-28_02_2025.pdf|idp|2025|both|135|text_fallback|accessibility of artisanal miners to small-scale licenses as they operate without
CHAMA-DISTRICT-INTEGRATED-DEVELOPMENT-PLAN-28_02_2025.pdf|idp|2025|both|135|text_fallback|licenses. This is due to the cost of obtaining licenses to take part in the sector.
CHAMA-DISTRICT-INTEGRATED-DEVELOPMENT-PLAN-28_02_2025.pdf|idp|2025|both|135|text_fallback|There is need for PPPs in the sector, and foster partnerships with Local Authorities,
CHAMA-DISTRICT-INTEGRATED-DEVELOPMENT-PLAN-28_02_2025.pdf|idp|2025|both|135|text_fallback|NGOs and communities; push for policy reforms to encourage local communities
CHAMA-DISTRICT-INTEGRATED-DEVELOPMENT-PLAN-28_02_2025.pdf|idp|2025|both|135|text_fallback|access artisanal licenses.
CHAMA-DISTRICT-INTEGRATED-DEVELOPMENT-PLAN-28_02_2025.pdf|idp|2025|both|135|text_fallback|Issues arising from the public participation process
CHAMA-DISTRICT-INTEGRATED-DEVELOPMENT-PLAN-28_02_2025.pdf|idp|2025|both|135|text_fallback|Arising from various interactions with the local community, the following issues
CHAMA-DISTRICT-INTEGRATED-DEVELOPMENT-PLAN-28_02_2025.pdf|idp|2025|both|135|text_fallback|were identified;
CHAMA-DISTRICT-INTEGRATED-DEVELOPMENT-PLAN-28_02_2025.pdf|idp|2025|both|135|text_fallback|✓ No decent jobs have been created from the mining
CHAMA-DISTRICT-INTEGRATED-DEVELOPMENT-PLAN-28_02_2025.pdf|idp|2025|both|135|text_fallback|✓ The artisanal licenses are expensive
CHAMA-DISTRICT-INTEGRATED-DEVELOPMENT-PLAN-28_02_2025.pdf|idp|2025|both|135|text_fallback|✓ Safety and security of mining areas is not guaranteed
CHAMA-DISTRICT-INTEGRATED-DEVELOPMENT-PLAN-28_02_2025.pdf|idp|2025|both|135|text_fallback|✓ Communities have not seen social corporate responsibilities from the
CHAMA-DISTRICT-INTEGRATED-DEVELOPMENT-PLAN-28_02_2025.pdf|idp|2025|both|135|text_fallback|mining companies
CHAMA-DISTRICT-INTEGRATED-DEVELOPMENT-PLAN-28_02_2025.pdf|idp|2025|both|135|text_fallback|✓ Lack of technology and innovation in the sector
CHAMA-DISTRICT-INTEGRATED-DEVELOPMENT-PLAN-28_02_2025.pdf|idp|2025|both|135|text_fallback|✓ Difficulty locating and accessing illegal mining sites
CHAMA-DISTRICT-INTEGRATED-DEVELOPMENT-PLAN-28_02_2025.pdf|idp|2025|both|135|text_fallback|105
CHAMA-DISTRICT-INTEGRATED-DEVELOPMENT-PLAN-28_02_2025.pdf|idp|2025|both|136|text_fallback|Impact of Changes Anticipated Over the Next Ten Years
CHAMA-DISTRICT-INTEGRATED-DEVELOPMENT-PLAN-28_02_2025.pdf|idp|2025|both|136|text_fallback|The mining sector creates opportunities for employment, an increase to the
CHAMA-DISTRICT-INTEGRATED-DEVELOPMENT-PLAN-28_02_2025.pdf|idp|2025|both|136|text_fallback|sustenance to local and also a national treasury. It has been noted that overall,
CHAMA-DISTRICT-INTEGRATED-DEVELOPMENT-PLAN-28_02_2025.pdf|idp|2025|both|136|text_fallback|Chama has received proposals to establish mines from individuals and firms
CHAMA-DISTRICT-INTEGRATED-DEVELOPMENT-PLAN-28_02_2025.pdf|idp|2025|both|136|text_fallback|obtaining prospecting licenses which is even more likely to increase. Within the
CHAMA-DISTRICT-INTEGRATED-DEVELOPMENT-PLAN-28_02_2025.pdf|idp|2025|both|136|text_fallback|next ten years, it can be anticipated that the district may have more than two
CHAMA-DISTRICT-INTEGRATED-DEVELOPMENT-PLAN-28_02_2025.pdf|idp|2025|both|136|text_fallback|mining firms operating. Nevertheless, the impacts anticipated also pose
CHAMA-DISTRICT-INTEGRATED-DEVELOPMENT-PLAN-28_02_2025.pdf|idp|2025|both|136|text_fallback|detrimental effects to various social groups and the environment.
CHAMA-DISTRICT-INTEGRATED-DEVELOPMENT-PLAN-28_02_2025.pdf|idp|2025|both|136|text_fallback|In light of the above, collaborative efforts among line ministries and stakeholders
CHAMA-DISTRICT-INTEGRATED-DEVELOPMENT-PLAN-28_02_2025.pdf|idp|2025|both|136|text_fallback|will be necessary to adequately address any and every adverse impact the
CHAMA-DISTRICT-INTEGRATED-DEVELOPMENT-PLAN-28_02_2025.pdf|idp|2025|both|136|text_fallback|venture may bring.
CHAMA-DISTRICT-INTEGRATED-DEVELOPMENT-PLAN-28_02_2025.pdf|idp|2025|both|136|text_fallback|Impact of Environment and Climate Change
CHAMA-DISTRICT-INTEGRATED-DEVELOPMENT-PLAN-28_02_2025.pdf|idp|2025|both|136|text_fallback|The mining sector is highly energy-intensive, contributing significantly to
CHAMA-DISTRICT-INTEGRATED-DEVELOPMENT-PLAN-28_02_2025.pdf|idp|2025|both|136|text_fallback|greenhouse gas emissions. Carbon dioxide emissions vary depending on the type
CHAMA-DISTRICT-INTEGRATED-DEVELOPMENT-PLAN-28_02_2025.pdf|idp|2025|both|136|text_fallback|of resource mined and the mining processes used. Environmentally, mining leads
CHAMA-DISTRICT-INTEGRATED-DEVELOPMENT-PLAN-28_02_2025.pdf|idp|2025|both|136|text_fallback|to hillside erosion, deforestation, pollution, and biodiversity loss. Many exploratory
CHAMA-DISTRICT-INTEGRATED-DEVELOPMENT-PLAN-28_02_2025.pdf|idp|2025|both|136|text_fallback|mines are situated in remote, flood-prone areas, making access difficult,
CHAMA-DISTRICT-INTEGRATED-DEVELOPMENT-PLAN-28_02_2025.pdf|idp|2025|both|136|text_fallback|especially during extreme weather events. Unpredictable weather, especially
CHAMA-DISTRICT-INTEGRATED-DEVELOPMENT-PLAN-28_02_2025.pdf|idp|2025|both|136|text_fallback|flooding, often halts mineral production as site access for investors becomes
CHAMA-DISTRICT-INTEGRATED-DEVELOPMENT-PLAN-28_02_2025.pdf|idp|2025|both|136|text_fallback|limited.
CHAMA-DISTRICT-INTEGRATED-DEVELOPMENT-PLAN-28_02_2025.pdf|idp|2025|both|136|text_fallback|Issues Arising Relating to Gender Groups and Vulnerable Groups
CHAMA-DISTRICT-INTEGRATED-DEVELOPMENT-PLAN-28_02_2025.pdf|idp|2025|both|136|text_fallback|Mining in Chama district is predominantly male-dominated due to perceptions
CHAMA-DISTRICT-INTEGRATED-DEVELOPMENT-PLAN-28_02_2025.pdf|idp|2025|both|136|text_fallback|that mining requires intensive labour, limiting female participation. Youths, aged
CHAMA-DISTRICT-INTEGRATED-DEVELOPMENT-PLAN-28_02_2025.pdf|idp|2025|both|136|text_fallback|18-35, are the most active demographic in both legal and illegal mining activities.
CHAMA-DISTRICT-INTEGRATED-DEVELOPMENT-PLAN-28_02_2025.pdf|idp|2025|both|136|text_fallback|Although most roles are filled by men, one environmental mining project is
CHAMA-DISTRICT-INTEGRATED-DEVELOPMENT-PLAN-28_02_2025.pdf|idp|2025|both|136|text_fallback|106
CHAMA-DISTRICT-INTEGRATED-DEVELOPMENT-PLAN-28_02_2025.pdf|idp|2025|both|137|text_fallback|managed by a woman, highlighting the need for more gender sensitivity to
CHAMA-DISTRICT-INTEGRATED-DEVELOPMENT-PLAN-28_02_2025.pdf|idp|2025|both|137|text_fallback|promote equity. The district has only illegal mines, and women are typically
CHAMA-DISTRICT-INTEGRATED-DEVELOPMENT-PLAN-28_02_2025.pdf|idp|2025|both|137|text_fallback|involved in non-mining roles, such as meal preparation.
CHAMA-DISTRICT-INTEGRATED-DEVELOPMENT-PLAN-28_02_2025.pdf|idp|2025|both|137|text_fallback|TOURISM SECTOR
CHAMA-DISTRICT-INTEGRATED-DEVELOPMENT-PLAN-28_02_2025.pdf|idp|2025|both|137|text_fallback|The tourism industry is an economic mainstay of the district. It has the potential to
CHAMA-DISTRICT-INTEGRATED-DEVELOPMENT-PLAN-28_02_2025.pdf|idp|2025|both|137|text_fallback|open Chama as the preferred tourism destination in the northern circuit. It is at
CHAMA-DISTRICT-INTEGRATED-DEVELOPMENT-PLAN-28_02_2025.pdf|idp|2025|both|137|text_fallback|the Malawi-Zambia Trans frontier Conservation Area (MAZA TFCA) where it
CHAMA-DISTRICT-INTEGRATED-DEVELOPMENT-PLAN-28_02_2025.pdf|idp|2025|both|137|text_fallback|connects the Zambian conservation efforts with Malawi to reduce the natural
CHAMA-DISTRICT-INTEGRATED-DEVELOPMENT-PLAN-28_02_2025.pdf|idp|2025|both|137|text_fallback|habitat degradation. It generates revenue, creates jobs, promotes wildlife
CHAMA-DISTRICT-INTEGRATED-DEVELOPMENT-PLAN-28_02_2025.pdf|idp|2025|both|137|text_fallback|conservation, and improves standard of living of the local people. The section
CHAMA-DISTRICT-INTEGRATED-DEVELOPMENT-PLAN-28_02_2025.pdf|idp|2025|both|137|text_fallback|provides a review on key priorities in the existing plans that govern the
CHAMA-DISTRICT-INTEGRATED-DEVELOPMENT-PLAN-28_02_2025.pdf|idp|2025|both|137|text_fallback|performance and presents the core issues affecting sector development in the
CHAMA-DISTRICT-INTEGRATED-DEVELOPMENT-PLAN-28_02_2025.pdf|idp|2025|both|137|text_fallback|district.
CHAMA-DISTRICT-INTEGRATED-DEVELOPMENT-PLAN-28_02_2025.pdf|idp|2025|both|137|text_fallback|Key Government Priorities to Be Implemented at a Local Level
CHAMA-DISTRICT-INTEGRATED-DEVELOPMENT-PLAN-28_02_2025.pdf|idp|2025|both|137|text_fallback|Government’s priority is to diversify the economy through value addition in tourism
CHAMA-DISTRICT-INTEGRATED-DEVELOPMENT-PLAN-28_02_2025.pdf|idp|2025|both|137|text_fallback|which has forward and backward linkages. In order to do this, government will
CHAMA-DISTRICT-INTEGRATED-DEVELOPMENT-PLAN-28_02_2025.pdf|idp|2025|both|137|text_fallback|promote tourism growth through, development of tourism infrastructure, develop
CHAMA-DISTRICT-INTEGRATED-DEVELOPMENT-PLAN-28_02_2025.pdf|idp|2025|both|137|text_fallback|new innovative tourism products, and promote and market tourism products.
CHAMA-DISTRICT-INTEGRATED-DEVELOPMENT-PLAN-28_02_2025.pdf|idp|2025|both|137|text_fallback|Other programmes will include conducting 2500 Arts events, 1000 Art promoters
CHAMA-DISTRICT-INTEGRATED-DEVELOPMENT-PLAN-28_02_2025.pdf|idp|2025|both|137|text_fallback|registered, and 5000 of artists trained in various skills related to tourism (8NDP,
CHAMA-DISTRICT-INTEGRATED-DEVELOPMENT-PLAN-28_02_2025.pdf|idp|2025|both|137|text_fallback|2022).
CHAMA-DISTRICT-INTEGRATED-DEVELOPMENT-PLAN-28_02_2025.pdf|idp|2025|both|137|text_fallback|Tourism growth is expected to be promoted through increased investments to the
CHAMA-DISTRICT-INTEGRATED-DEVELOPMENT-PLAN-28_02_2025.pdf|idp|2025|both|137|text_fallback|sector, particularly in the undeveloped areas such as Chama which have strong
CHAMA-DISTRICT-INTEGRATED-DEVELOPMENT-PLAN-28_02_2025.pdf|idp|2025|both|137|text_fallback|potential for tourism, enhancing capacities of artists, improving the heritage sites,
CHAMA-DISTRICT-INTEGRATED-DEVELOPMENT-PLAN-28_02_2025.pdf|idp|2025|both|137|text_fallback|attracting Local and Foreign Direct Investment in tourism theme parks, Meetings
CHAMA-DISTRICT-INTEGRATED-DEVELOPMENT-PLAN-28_02_2025.pdf|idp|2025|both|137|text_fallback|107
CHAMA-DISTRICT-INTEGRATED-DEVELOPMENT-PLAN-28_02_2025.pdf|idp|2025|both|138|text_fallback|Incentives, Conferences and Events (MICE), tourism sites, hotels, lodges and
CHAMA-DISTRICT-INTEGRATED-DEVELOPMENT-PLAN-28_02_2025.pdf|idp|2025|both|138|text_fallback|adventure packages under cultural and adrenaline tourism (8NDP, 2022)
CHAMA-DISTRICT-INTEGRATED-DEVELOPMENT-PLAN-28_02_2025.pdf|idp|2025|both|138|text_fallback|Attributed to Chama district’s abundant natural tourism resource, this section
CHAMA-DISTRICT-INTEGRATED-DEVELOPMENT-PLAN-28_02_2025.pdf|idp|2025|both|138|text_fallback|gives an overview of the tourism sector at district level. In addition, this section
CHAMA-DISTRICT-INTEGRATED-DEVELOPMENT-PLAN-28_02_2025.pdf|idp|2025|both|138|text_fallback|highlights the legal framework and policies guiding the development of tourism
CHAMA-DISTRICT-INTEGRATED-DEVELOPMENT-PLAN-28_02_2025.pdf|idp|2025|both|138|text_fallback|sector. The general policies are:
CHAMA-DISTRICT-INTEGRATED-DEVELOPMENT-PLAN-28_02_2025.pdf|idp|2025|both|138|text_fallback|✓ The Zambia Wildlife Act (2015)
CHAMA-DISTRICT-INTEGRATED-DEVELOPMENT-PLAN-28_02_2025.pdf|idp|2025|both|138|text_fallback|✓ Forest Act (2015)
CHAMA-DISTRICT-INTEGRATED-DEVELOPMENT-PLAN-28_02_2025.pdf|idp|2025|both|138|text_fallback|✓ Environmental Management Act (2011)
CHAMA-DISTRICT-INTEGRATED-DEVELOPMENT-PLAN-28_02_2025.pdf|idp|2025|both|138|text_fallback|✓ Tourism policy
CHAMA-DISTRICT-INTEGRATED-DEVELOPMENT-PLAN-28_02_2025.pdf|idp|2025|both|138|text_fallback|✓ National parks and wildlife policy (1998)
CHAMA-DISTRICT-INTEGRATED-DEVELOPMENT-PLAN-28_02_2025.pdf|idp|2025|both|138|text_fallback|✓ Forest policy (2014)
CHAMA-DISTRICT-INTEGRATED-DEVELOPMENT-PLAN-28_02_2025.pdf|idp|2025|both|138|text_fallback|✓ National culture policy
CHAMA-DISTRICT-INTEGRATED-DEVELOPMENT-PLAN-28_02_2025.pdf|idp|2025|both|138|text_fallback|✓ Heritage conservation policy
CHAMA-DISTRICT-INTEGRATED-DEVELOPMENT-PLAN-28_02_2025.pdf|idp|2025|both|138|text_fallback|✓ National Biodiversity Strategy Plan
CHAMA-DISTRICT-INTEGRATED-DEVELOPMENT-PLAN-28_02_2025.pdf|idp|2025|both|138|text_fallback|Description of the Existing State of Development and key performance indicator
CHAMA-DISTRICT-INTEGRATED-DEVELOPMENT-PLAN-28_02_2025.pdf|idp|2025|both|138|text_fallback|Despite having certain tourist attractions, such as Nyika Plateau National Park,
CHAMA-DISTRICT-INTEGRATED-DEVELOPMENT-PLAN-28_02_2025.pdf|idp|2025|both|138|text_fallback|which is located in Zambia's Chama District in the Eastern region and spans an
CHAMA-DISTRICT-INTEGRATED-DEVELOPMENT-PLAN-28_02_2025.pdf|idp|2025|both|138|text_fallback|area of around 80 square kilometers, the district has not seen many tourism-
CHAMA-DISTRICT-INTEGRATED-DEVELOPMENT-PLAN-28_02_2025.pdf|idp|2025|both|138|text_fallback|related activities. In 1972, Nyika was designated as a national park. Along the
CHAMA-DISTRICT-INTEGRATED-DEVELOPMENT-PLAN-28_02_2025.pdf|idp|2025|both|138|text_fallback|international border, Nyika Plateau National Park has a shared boundary with
CHAMA-DISTRICT-INTEGRATED-DEVELOPMENT-PLAN-28_02_2025.pdf|idp|2025|both|138|text_fallback|Malawi Nyika National Park. The highest altitude park in Zambia's national park
CHAMA-DISTRICT-INTEGRATED-DEVELOPMENT-PLAN-28_02_2025.pdf|idp|2025|both|138|text_fallback|system is Nyika, which ranges from 1,295 to 2225 meters above sea level.
CHAMA-DISTRICT-INTEGRATED-DEVELOPMENT-PLAN-28_02_2025.pdf|idp|2025|both|138|text_fallback|In terms of vegetation, The Nyika Plateau National Park is a strikingly a beautiful
CHAMA-DISTRICT-INTEGRATED-DEVELOPMENT-PLAN-28_02_2025.pdf|idp|2025|both|138|text_fallback|park of montane grassland and relict forest patches. The common small animal
CHAMA-DISTRICT-INTEGRATED-DEVELOPMENT-PLAN-28_02_2025.pdf|idp|2025|both|138|text_fallback|fauna includes the four striped grass rat, the black and red squirrel, the two-
CHAMA-DISTRICT-INTEGRATED-DEVELOPMENT-PLAN-28_02_2025.pdf|idp|2025|both|138|text_fallback|108
CHAMA-DISTRICT-INTEGRATED-DEVELOPMENT-PLAN-28_02_2025.pdf|idp|2025|both|139|text_fallback|spotted palm civet and three species of swamp rat. The larger mammals include
CHAMA-DISTRICT-INTEGRATED-DEVELOPMENT-PLAN-28_02_2025.pdf|idp|2025|both|139|text_fallback|Maloney’s monkey, klipspringer, reedbuck, bushbuck, blue duiker, zebra, roan
CHAMA-DISTRICT-INTEGRATED-DEVELOPMENT-PLAN-28_02_2025.pdf|idp|2025|both|139|text_fallback|antelope, eland and leopard. Bird-watching is excellent all year round at Nyika
CHAMA-DISTRICT-INTEGRATED-DEVELOPMENT-PLAN-28_02_2025.pdf|idp|2025|both|139|text_fallback|Plateau National Park but best between October and January, when migrant
CHAMA-DISTRICT-INTEGRATED-DEVELOPMENT-PLAN-28_02_2025.pdf|idp|2025|both|139|text_fallback|birds are present. The common birds include secretary bird, auger buzzard, green
CHAMA-DISTRICT-INTEGRATED-DEVELOPMENT-PLAN-28_02_2025.pdf|idp|2025|both|139|text_fallback|loerie, white-neck raven, black-eyed bulbul, common stone chart, African
CHAMA-DISTRICT-INTEGRATED-DEVELOPMENT-PLAN-28_02_2025.pdf|idp|2025|both|139|text_fallback|boubou, fiscal shrike, common waxbill.
CHAMA-DISTRICT-INTEGRATED-DEVELOPMENT-PLAN-28_02_2025.pdf|idp|2025|both|139|text_fallback|The district has a rare and natural wood fossilization and palaeontology site at
CHAMA-DISTRICT-INTEGRATED-DEVELOPMENT-PLAN-28_02_2025.pdf|idp|2025|both|139|text_fallback|Sitwe (Figure 8) located 38.9km from Chama CBD and it covers an area of about
CHAMA-DISTRICT-INTEGRATED-DEVELOPMENT-PLAN-28_02_2025.pdf|idp|2025|both|139|text_fallback|100 meters in radius that is believed to have existed for over 150 million years.
CHAMA-DISTRICT-INTEGRATED-DEVELOPMENT-PLAN-28_02_2025.pdf|idp|2025|both|139|text_fallback|However, the site is not protected making it vulnerable to human disturbance and
CHAMA-DISTRICT-INTEGRATED-DEVELOPMENT-PLAN-28_02_2025.pdf|idp|2025|both|139|text_fallback|the local people do not know the importance of a fossil land or area.
CHAMA-DISTRICT-INTEGRATED-DEVELOPMENT-PLAN-28_02_2025.pdf|idp|2025|both|139|text_fallback|Figure 8: Fossified Wood as Sitwe Palaeontological Site
CHAMA-DISTRICT-INTEGRATED-DEVELOPMENT-PLAN-28_02_2025.pdf|idp|2025|both|139|text_fallback|Source: Chama District Situation Analysis (2020)
CHAMA-DISTRICT-INTEGRATED-DEVELOPMENT-PLAN-28_02_2025.pdf|idp|2025|both|139|text_fallback|Other tourism attraction sites include hot springs and notable ones being the
CHAMA-DISTRICT-INTEGRATED-DEVELOPMENT-PLAN-28_02_2025.pdf|idp|2025|both|139|text_fallback|Mwine Mwambwa Hotspring, Kalimulilo Hotspring, and Kalunguvu Hotspring.
CHAMA-DISTRICT-INTEGRATED-DEVELOPMENT-PLAN-28_02_2025.pdf|idp|2025|both|139|text_fallback|These sites are attractive place to wildlife such as baboons, elephants, buffaloes,
CHAMA-DISTRICT-INTEGRATED-DEVELOPMENT-PLAN-28_02_2025.pdf|idp|2025|both|139|text_fallback|puku, bush pigs, kudus which frequent the site for water and salt (Figure 9).
CHAMA-DISTRICT-INTEGRATED-DEVELOPMENT-PLAN-28_02_2025.pdf|idp|2025|both|139|text_fallback|109
CHAMA-DISTRICT-INTEGRATED-DEVELOPMENT-PLAN-28_02_2025.pdf|idp|2025|both|140|text_fallback|Figure 9: Various Hot Springs in the District (Mwambwa -Left, Kalunguvyu – middle, and
CHAMA-DISTRICT-INTEGRATED-DEVELOPMENT-PLAN-28_02_2025.pdf|idp|2025|both|140|text_fallback|Kalimulilo - right)
CHAMA-DISTRICT-INTEGRATED-DEVELOPMENT-PLAN-28_02_2025.pdf|idp|2025|both|140|text_fallback|Source: Chama District Situation Analysis (2020)
CHAMA-DISTRICT-INTEGRATED-DEVELOPMENT-PLAN-28_02_2025.pdf|idp|2025|both|140|text_fallback|The district hosts a magnificent traditional ceremony known as Kwenje. The main
CHAMA-DISTRICT-INTEGRATED-DEVELOPMENT-PLAN-28_02_2025.pdf|idp|2025|both|140|text_fallback|goal of the ceremony is to educate and raise awareness among Zambians about
CHAMA-DISTRICT-INTEGRATED-DEVELOPMENT-PLAN-28_02_2025.pdf|idp|2025|both|140|text_fallback|"the ""Sound of the Kwenje"" drums, which proclaim danger, coronation, and"
CHAMA-DISTRICT-INTEGRATED-DEVELOPMENT-PLAN-28_02_2025.pdf|idp|2025|both|140|text_fallback|funerals. Various dances, including the male-dominated Visangu/Gogo dances
CHAMA-DISTRICT-INTEGRATED-DEVELOPMENT-PLAN-28_02_2025.pdf|idp|2025|both|140|text_fallback|and the Chidiwiti dance for both sexes, are performed throughout the event. The
CHAMA-DISTRICT-INTEGRATED-DEVELOPMENT-PLAN-28_02_2025.pdf|idp|2025|both|140|text_fallback|ceremony, marked by a wild party atmosphere complete with drums and
CHAMA-DISTRICT-INTEGRATED-DEVELOPMENT-PLAN-28_02_2025.pdf|idp|2025|both|140|text_fallback|whistles, is held in the Chiefdom of Kambombo.
CHAMA-DISTRICT-INTEGRATED-DEVELOPMENT-PLAN-28_02_2025.pdf|idp|2025|both|140|text_fallback|The district's hospitality sector comprises 16 lodges and guest houses, although
CHAMA-DISTRICT-INTEGRATED-DEVELOPMENT-PLAN-28_02_2025.pdf|idp|2025|both|140|text_fallback|none meet the standards of a full-fledged hotel. While these establishments cater
CHAMA-DISTRICT-INTEGRATED-DEVELOPMENT-PLAN-28_02_2025.pdf|idp|2025|both|140|text_fallback|to local and regional visitors, they fall short of accommodating international
CHAMA-DISTRICT-INTEGRATED-DEVELOPMENT-PLAN-28_02_2025.pdf|idp|2025|both|140|text_fallback|tourists' expectations. However, during hunting season, the district experiences an
CHAMA-DISTRICT-INTEGRATED-DEVELOPMENT-PLAN-28_02_2025.pdf|idp|2025|both|140|text_fallback|influx of tourists, primarily served by a limited number of hunting camps, notably
CHAMA-DISTRICT-INTEGRATED-DEVELOPMENT-PLAN-28_02_2025.pdf|idp|2025|both|140|text_fallback|Kanusha and Nutoboze.
CHAMA-DISTRICT-INTEGRATED-DEVELOPMENT-PLAN-28_02_2025.pdf|idp|2025|both|140|text_fallback|The district is home to two significant Iron Stone Age sites, Mutemba Libwe and
CHAMA-DISTRICT-INTEGRATED-DEVELOPMENT-PLAN-28_02_2025.pdf|idp|2025|both|140|text_fallback|Njunga, which hold immense tourism potential due to their rich iron smelting
CHAMA-DISTRICT-INTEGRATED-DEVELOPMENT-PLAN-28_02_2025.pdf|idp|2025|both|140|text_fallback|materials, including bog iron, Haematite stone, and ancient furnace ruins. These
CHAMA-DISTRICT-INTEGRATED-DEVELOPMENT-PLAN-28_02_2025.pdf|idp|2025|both|140|text_fallback|sites offer a unique glimpse into the region's cultural and industrial heritage, but
CHAMA-DISTRICT-INTEGRATED-DEVELOPMENT-PLAN-28_02_2025.pdf|idp|2025|both|140|text_fallback|lack essential amenities to fully develop as tourist destinations, presenting an
CHAMA-DISTRICT-INTEGRATED-DEVELOPMENT-PLAN-28_02_2025.pdf|idp|2025|both|140|text_fallback|110
CHAMA-DISTRICT-INTEGRATED-DEVELOPMENT-PLAN-28_02_2025.pdf|idp|2025|both|141|text_fallback|opportunity for infrastructure development and preservation efforts to unlock their
CHAMA-DISTRICT-INTEGRATED-DEVELOPMENT-PLAN-28_02_2025.pdf|idp|2025|both|141|text_fallback|potential.
CHAMA-DISTRICT-INTEGRATED-DEVELOPMENT-PLAN-28_02_2025.pdf|idp|2025|both|141|text_fallback|The district is home to two revered royal burial sites: Kambombo and Mulilo. The
CHAMA-DISTRICT-INTEGRATED-DEVELOPMENT-PLAN-28_02_2025.pdf|idp|2025|both|141|text_fallback|Kambombo site, with a rich history spanning over 200 years, serves as the final
CHAMA-DISTRICT-INTEGRATED-DEVELOPMENT-PLAN-28_02_2025.pdf|idp|2025|both|141|text_fallback|resting place of Chief Zamangwe. These sacred sites host seasonal rituals, paying
CHAMA-DISTRICT-INTEGRATED-DEVELOPMENT-PLAN-28_02_2025.pdf|idp|2025|both|141|text_fallback|homage to the spirits of deceased chiefs and seeking blessings of good health,
CHAMA-DISTRICT-INTEGRATED-DEVELOPMENT-PLAN-28_02_2025.pdf|idp|2025|both|141|text_fallback|prosperity, and success for the chiefdom. The rituals foster peace, reverence, and
CHAMA-DISTRICT-INTEGRATED-DEVELOPMENT-PLAN-28_02_2025.pdf|idp|2025|both|141|text_fallback|unity among the community, emphasizing the importance of honouring their
CHAMA-DISTRICT-INTEGRATED-DEVELOPMENT-PLAN-28_02_2025.pdf|idp|2025|both|141|text_fallback|heritage and leadership. However, there is need to secure these sites and
CHAMA-DISTRICT-INTEGRATED-DEVELOPMENT-PLAN-28_02_2025.pdf|idp|2025|both|141|text_fallback|improve them in order for them to become attractive visiting sites. Map 13 shows
CHAMA-DISTRICT-INTEGRATED-DEVELOPMENT-PLAN-28_02_2025.pdf|idp|2025|both|141|text_fallback|where tourism attraction sites are located.
CHAMA-DISTRICT-INTEGRATED-DEVELOPMENT-PLAN-28_02_2025.pdf|idp|2025|both|141|text_fallback|111
CHAMA-DISTRICT-INTEGRATED-DEVELOPMENT-PLAN-28_02_2025.pdf|idp|2025|both|142|text_fallback|Map 13: Tourism Attraction Sites
CHAMA-DISTRICT-INTEGRATED-DEVELOPMENT-PLAN-28_02_2025.pdf|idp|2025|both|142|text_fallback|Source: Chama Town Council, 2024
CHAMA-DISTRICT-INTEGRATED-DEVELOPMENT-PLAN-28_02_2025.pdf|idp|2025|both|142|text_fallback|112
CHAMA-DISTRICT-INTEGRATED-DEVELOPMENT-PLAN-28_02_2025.pdf|idp|2025|both|143|table|"No. | Proposed facilities | No. of proposed
facilities | Location"
CHAMA-DISTRICT-INTEGRATED-DEVELOPMENT-PLAN-28_02_2025.pdf|idp|2025|both|143|table|"1 | Community bush camp | 1 | Kambombo
Chiefdom"
CHAMA-DISTRICT-INTEGRATED-DEVELOPMENT-PLAN-28_02_2025.pdf|idp|2025|both|143|table|"2 | Community bush camp | 1 | Tembwe Chiefdom"
CHAMA-DISTRICT-INTEGRATED-DEVELOPMENT-PLAN-28_02_2025.pdf|idp|2025|both|143|table|"3 | Community bush camp | 1 | Chikwa Chiefdom"
CHAMA-DISTRICT-INTEGRATED-DEVELOPMENT-PLAN-28_02_2025.pdf|idp|2025|both|143|table|"4 | 5-Star hotel | 1 | Chifunda Chiefdom"
CHAMA-DISTRICT-INTEGRATED-DEVELOPMENT-PLAN-28_02_2025.pdf|idp|2025|both|143|table|"5 | Lodge | 1 | Lundu Chiefdom"
CHAMA-DISTRICT-INTEGRATED-DEVELOPMENT-PLAN-28_02_2025.pdf|idp|2025|both|143|table|" | TOTAL | 5 | "
CHAMA-DISTRICT-INTEGRATED-DEVELOPMENT-PLAN-28_02_2025.pdf|idp|2025|both|143|table|"S/No | Chiefdoms | No. of existing
Camps | No. of Proposed
Camps | No. of safari
Camps"
CHAMA-DISTRICT-INTEGRATED-DEVELOPMENT-PLAN-28_02_2025.pdf|idp|2025|both|143|table|"1 | Chifunda | 6 | 0 | 0"
CHAMA-DISTRICT-INTEGRATED-DEVELOPMENT-PLAN-28_02_2025.pdf|idp|2025|both|143|table|"2 | Chikwa | 9 | 0 | 1"
CHAMA-DISTRICT-INTEGRATED-DEVELOPMENT-PLAN-28_02_2025.pdf|idp|2025|both|143|table|"3 | Tembwe | 4 | 3 | 1"
CHAMA-DISTRICT-INTEGRATED-DEVELOPMENT-PLAN-28_02_2025.pdf|idp|2025|both|143|table|"4 | Kambombo | 4 | 2 | "
CHAMA-DISTRICT-INTEGRATED-DEVELOPMENT-PLAN-28_02_2025.pdf|idp|2025|both|143|table|"5 | Lundu | 3 | 0 | 1"
CHAMA-DISTRICT-INTEGRATED-DEVELOPMENT-PLAN-28_02_2025.pdf|idp|2025|both|143|table|"6 | Chibale | 0 | 5 | 0"
CHAMA-DISTRICT-INTEGRATED-DEVELOPMENT-PLAN-28_02_2025.pdf|idp|2025|both|143|table|"7 | Mulilo | 0 | 5 | 0"
CHAMA-DISTRICT-INTEGRATED-DEVELOPMENT-PLAN-28_02_2025.pdf|idp|2025|both|143|table|" | TOTAL | 26 | 15 | 3"
CHAMA-DISTRICT-INTEGRATED-DEVELOPMENT-PLAN-28_02_2025.pdf|idp|2025|both|144|text_fallback|Issues from Public Participation Process
CHAMA-DISTRICT-INTEGRATED-DEVELOPMENT-PLAN-28_02_2025.pdf|idp|2025|both|144|text_fallback|One of the major issues that rose from community and stakeholder consultation
CHAMA-DISTRICT-INTEGRATED-DEVELOPMENT-PLAN-28_02_2025.pdf|idp|2025|both|144|text_fallback|process was on human wildlife conflict, community members complained on the
CHAMA-DISTRICT-INTEGRATED-DEVELOPMENT-PLAN-28_02_2025.pdf|idp|2025|both|144|text_fallback|damages that animals cause on their livestock, crops and human lives. They
CHAMA-DISTRICT-INTEGRATED-DEVELOPMENT-PLAN-28_02_2025.pdf|idp|2025|both|144|text_fallback|demand for DNPW to start compensating them once they are affected. Other
CHAMA-DISTRICT-INTEGRATED-DEVELOPMENT-PLAN-28_02_2025.pdf|idp|2025|both|144|text_fallback|major issues include the following:
CHAMA-DISTRICT-INTEGRATED-DEVELOPMENT-PLAN-28_02_2025.pdf|idp|2025|both|144|text_fallback|✓ Encroachment on animal corridors and forest reserves
CHAMA-DISTRICT-INTEGRATED-DEVELOPMENT-PLAN-28_02_2025.pdf|idp|2025|both|144|text_fallback|✓ Illegal offtake of natural resources
CHAMA-DISTRICT-INTEGRATED-DEVELOPMENT-PLAN-28_02_2025.pdf|idp|2025|both|144|text_fallback|✓ Habitat degradation and fragmentation due to human activities such
CHAMA-DISTRICT-INTEGRATED-DEVELOPMENT-PLAN-28_02_2025.pdf|idp|2025|both|144|text_fallback|as unregulated settlements, unsustainable farming practices and
CHAMA-DISTRICT-INTEGRATED-DEVELOPMENT-PLAN-28_02_2025.pdf|idp|2025|both|144|text_fallback|deforestation
CHAMA-DISTRICT-INTEGRATED-DEVELOPMENT-PLAN-28_02_2025.pdf|idp|2025|both|144|text_fallback|✓ Delay to respond to Human Wildlife Conflicts
CHAMA-DISTRICT-INTEGRATED-DEVELOPMENT-PLAN-28_02_2025.pdf|idp|2025|both|144|text_fallback|✓ Less patrols conducted
CHAMA-DISTRICT-INTEGRATED-DEVELOPMENT-PLAN-28_02_2025.pdf|idp|2025|both|144|text_fallback|✓ Unexploited potential and limited supporting infrastructure
CHAMA-DISTRICT-INTEGRATED-DEVELOPMENT-PLAN-28_02_2025.pdf|idp|2025|both|144|text_fallback|Impact of Changes Anticipated Over the Next Ten Years
CHAMA-DISTRICT-INTEGRATED-DEVELOPMENT-PLAN-28_02_2025.pdf|idp|2025|both|144|text_fallback|In a period of 10 years, the population of the district is expected to rise and this is
CHAMA-DISTRICT-INTEGRATED-DEVELOPMENT-PLAN-28_02_2025.pdf|idp|2025|both|144|text_fallback|likely to trigger an increase in demand for services and facilities in the tourism
CHAMA-DISTRICT-INTEGRATED-DEVELOPMENT-PLAN-28_02_2025.pdf|idp|2025|both|144|text_fallback|sector. With more investments in the sector, more tourism facilities such as lodges,
CHAMA-DISTRICT-INTEGRATED-DEVELOPMENT-PLAN-28_02_2025.pdf|idp|2025|both|144|text_fallback|hotels, and bush camps will be established, hence the demand for hospitality
CHAMA-DISTRICT-INTEGRATED-DEVELOPMENT-PLAN-28_02_2025.pdf|idp|2025|both|144|text_fallback|services will be high. An increase in population is likely to bring about more illicit
CHAMA-DISTRICT-INTEGRATED-DEVELOPMENT-PLAN-28_02_2025.pdf|idp|2025|both|144|text_fallback|activities on natural resources. For effective patrolling and ensuring the safety of
CHAMA-DISTRICT-INTEGRATED-DEVELOPMENT-PLAN-28_02_2025.pdf|idp|2025|both|144|text_fallback|communities, more wildlife officers and village scouts will be required. The
CHAMA-DISTRICT-INTEGRATED-DEVELOPMENT-PLAN-28_02_2025.pdf|idp|2025|both|144|text_fallback|continued change of land for tourism in an unsustainable way may continue to
CHAMA-DISTRICT-INTEGRATED-DEVELOPMENT-PLAN-28_02_2025.pdf|idp|2025|both|144|text_fallback|affect the environment negatively.
CHAMA-DISTRICT-INTEGRATED-DEVELOPMENT-PLAN-28_02_2025.pdf|idp|2025|both|144|text_fallback|114
CHAMA-DISTRICT-INTEGRATED-DEVELOPMENT-PLAN-28_02_2025.pdf|idp|2025|both|145|text_fallback|Impact of Environment and Climate Change
CHAMA-DISTRICT-INTEGRATED-DEVELOPMENT-PLAN-28_02_2025.pdf|idp|2025|both|145|text_fallback|Clearing of areas for development of tourism facilities such as lodges and hotels,
CHAMA-DISTRICT-INTEGRATED-DEVELOPMENT-PLAN-28_02_2025.pdf|idp|2025|both|145|text_fallback|this will see the disturbance of a large area by cutting down vegetation and
CHAMA-DISTRICT-INTEGRATED-DEVELOPMENT-PLAN-28_02_2025.pdf|idp|2025|both|145|text_fallback|disturbing the natural habitat of animals for the purpose of construction. Even the
CHAMA-DISTRICT-INTEGRATED-DEVELOPMENT-PLAN-28_02_2025.pdf|idp|2025|both|145|text_fallback|noise that comes with the construction will tend to scare off animal species to
CHAMA-DISTRICT-INTEGRATED-DEVELOPMENT-PLAN-28_02_2025.pdf|idp|2025|both|145|text_fallback|different areas.
CHAMA-DISTRICT-INTEGRATED-DEVELOPMENT-PLAN-28_02_2025.pdf|idp|2025|both|145|text_fallback|Climate change has negatively affected the sector this has led to the increased
CHAMA-DISTRICT-INTEGRATED-DEVELOPMENT-PLAN-28_02_2025.pdf|idp|2025|both|145|text_fallback|reports of HWC as wildlife is moving from their habitats to human settlements in
CHAMA-DISTRICT-INTEGRATED-DEVELOPMENT-PLAN-28_02_2025.pdf|idp|2025|both|145|text_fallback|search of food and water. Some areas are experiencing dry spells that have
CHAMA-DISTRICT-INTEGRATED-DEVELOPMENT-PLAN-28_02_2025.pdf|idp|2025|both|145|text_fallback|negatively affected the production of food for the communities and this has
CHAMA-DISTRICT-INTEGRATED-DEVELOPMENT-PLAN-28_02_2025.pdf|idp|2025|both|145|text_fallback|negatively affected their livelihood. Flash floods in the landscape because of
CHAMA-DISTRICT-INTEGRATED-DEVELOPMENT-PLAN-28_02_2025.pdf|idp|2025|both|145|text_fallback|climate change tend to negatively affect the operations of Department of
CHAMA-DISTRICT-INTEGRATED-DEVELOPMENT-PLAN-28_02_2025.pdf|idp|2025|both|145|text_fallback|National Parks Wildlife (DNPW); most of the areas become an accessible.
CHAMA-DISTRICT-INTEGRATED-DEVELOPMENT-PLAN-28_02_2025.pdf|idp|2025|both|145|text_fallback|Issues Arising Relating to Gender Groups and Vulnerable Groups
CHAMA-DISTRICT-INTEGRATED-DEVELOPMENT-PLAN-28_02_2025.pdf|idp|2025|both|145|text_fallback|This sector offers particular benefits for women, who can access jobs in the
CHAMA-DISTRICT-INTEGRATED-DEVELOPMENT-PLAN-28_02_2025.pdf|idp|2025|both|145|text_fallback|hospitality industry and develop entrepreneurial skills through crafting and selling
CHAMA-DISTRICT-INTEGRATED-DEVELOPMENT-PLAN-28_02_2025.pdf|idp|2025|both|145|text_fallback|local artifacts, enhancing their economic independence and social status. By
CHAMA-DISTRICT-INTEGRATED-DEVELOPMENT-PLAN-28_02_2025.pdf|idp|2025|both|145|text_fallback|tapping into tourism, the district can stimulate local economic growth, reduce
CHAMA-DISTRICT-INTEGRATED-DEVELOPMENT-PLAN-28_02_2025.pdf|idp|2025|both|145|text_fallback|poverty and unemployment, preserve cultural heritage and traditions, and foster
CHAMA-DISTRICT-INTEGRATED-DEVELOPMENT-PLAN-28_02_2025.pdf|idp|2025|both|145|text_fallback|community development and empowerment, ultimately improving the quality of
CHAMA-DISTRICT-INTEGRATED-DEVELOPMENT-PLAN-28_02_2025.pdf|idp|2025|both|145|text_fallback|life for its citizens.
CHAMA-DISTRICT-INTEGRATED-DEVELOPMENT-PLAN-28_02_2025.pdf|idp|2025|both|145|text_fallback|TRANSPORTATION AND COMMUNICATION SECTOR
CHAMA-DISTRICT-INTEGRATED-DEVELOPMENT-PLAN-28_02_2025.pdf|idp|2025|both|145|text_fallback|The sector is comprised of transport and communication infrastructures which
CHAMA-DISTRICT-INTEGRATED-DEVELOPMENT-PLAN-28_02_2025.pdf|idp|2025|both|145|text_fallback|include telecommunication, roads and storm-water drainage. A well-established
CHAMA-DISTRICT-INTEGRATED-DEVELOPMENT-PLAN-28_02_2025.pdf|idp|2025|both|145|text_fallback|115
CHAMA-DISTRICT-INTEGRATED-DEVELOPMENT-PLAN-28_02_2025.pdf|idp|2025|both|146|text_fallback|transport system enables efficiency in transporting goods and services and overall
CHAMA-DISTRICT-INTEGRATED-DEVELOPMENT-PLAN-28_02_2025.pdf|idp|2025|both|146|text_fallback|cost of conducting business.
CHAMA-DISTRICT-INTEGRATED-DEVELOPMENT-PLAN-28_02_2025.pdf|idp|2025|both|146|text_fallback|Key Government Priorities to Be Implemented At a Local Level
CHAMA-DISTRICT-INTEGRATED-DEVELOPMENT-PLAN-28_02_2025.pdf|idp|2025|both|146|text_fallback|The sector is currently using the National Transport Policy of 2019. The policy
CHAMA-DISTRICT-INTEGRATED-DEVELOPMENT-PLAN-28_02_2025.pdf|idp|2025|both|146|text_fallback|endeavors to promote development of road transport services, facilities and
CHAMA-DISTRICT-INTEGRATED-DEVELOPMENT-PLAN-28_02_2025.pdf|idp|2025|both|146|text_fallback|infrastructure that meet the global safety standards through construction,
CHAMA-DISTRICT-INTEGRATED-DEVELOPMENT-PLAN-28_02_2025.pdf|idp|2025|both|146|text_fallback|maintenance, upgrading, and rehabilitation, thereby promoting sustainable
CHAMA-DISTRICT-INTEGRATED-DEVELOPMENT-PLAN-28_02_2025.pdf|idp|2025|both|146|text_fallback|mobility of both goods and passengers to achieve economic and social needs,
CHAMA-DISTRICT-INTEGRATED-DEVELOPMENT-PLAN-28_02_2025.pdf|idp|2025|both|146|text_fallback|and develop systems to facilitate Non-Motorized Transport.
CHAMA-DISTRICT-INTEGRATED-DEVELOPMENT-PLAN-28_02_2025.pdf|idp|2025|both|146|text_fallback|The Eighth National Development Plan prioritizes at improving the road network
CHAMA-DISTRICT-INTEGRATED-DEVELOPMENT-PLAN-28_02_2025.pdf|idp|2025|both|146|text_fallback|infrastructure and improve Information Communication and Technology (ICT)
CHAMA-DISTRICT-INTEGRATED-DEVELOPMENT-PLAN-28_02_2025.pdf|idp|2025|both|146|text_fallback|infrastructure for quality service delivery. These strategies are to be implemented
CHAMA-DISTRICT-INTEGRATED-DEVELOPMENT-PLAN-28_02_2025.pdf|idp|2025|both|146|text_fallback|at local level through the construction of and maintenance township and feeder
CHAMA-DISTRICT-INTEGRATED-DEVELOPMENT-PLAN-28_02_2025.pdf|idp|2025|both|146|text_fallback|roads, installation and construction of culverts and bridges, installation of mast
CHAMA-DISTRICT-INTEGRATED-DEVELOPMENT-PLAN-28_02_2025.pdf|idp|2025|both|146|text_fallback|towers, and improvement of the local community radio station for efficient
CHAMA-DISTRICT-INTEGRATED-DEVELOPMENT-PLAN-28_02_2025.pdf|idp|2025|both|146|text_fallback|transportation and communications, construction and maintenance of a bus
CHAMA-DISTRICT-INTEGRATED-DEVELOPMENT-PLAN-28_02_2025.pdf|idp|2025|both|146|text_fallback|station, establishment of a new taxi rank, construction of a filling stations and
CHAMA-DISTRICT-INTEGRATED-DEVELOPMENT-PLAN-28_02_2025.pdf|idp|2025|both|146|text_fallback|develop systems to facilitate non-motorized transport in the district.
CHAMA-DISTRICT-INTEGRATED-DEVELOPMENT-PLAN-28_02_2025.pdf|idp|2025|both|146|text_fallback|Status of Implementation of Existing Plans
CHAMA-DISTRICT-INTEGRATED-DEVELOPMENT-PLAN-28_02_2025.pdf|idp|2025|both|146|text_fallback|The district has 5 major roads leading into and out of the district namely; Chama-
CHAMA-DISTRICT-INTEGRATED-DEVELOPMENT-PLAN-28_02_2025.pdf|idp|2025|both|146|text_fallback|Matumbo Road, Chama-Lundazi Road, Tembwe Road, Muyombe Road, and
CHAMA-DISTRICT-INTEGRATED-DEVELOPMENT-PLAN-28_02_2025.pdf|idp|2025|both|146|text_fallback|Chama-Chibale Road. The municipality has a large and well-maintained street
CHAMA-DISTRICT-INTEGRATED-DEVELOPMENT-PLAN-28_02_2025.pdf|idp|2025|both|146|text_fallback|network with a drainage system. These township Roads have street lights installed,
CHAMA-DISTRICT-INTEGRATED-DEVELOPMENT-PLAN-28_02_2025.pdf|idp|2025|both|146|text_fallback|making the streets safe and secure and improve on the business hours. Chama
CHAMA-DISTRICT-INTEGRATED-DEVELOPMENT-PLAN-28_02_2025.pdf|idp|2025|both|146|text_fallback|Town Council plays a major role in the maintenance of the township roads.
CHAMA-DISTRICT-INTEGRATED-DEVELOPMENT-PLAN-28_02_2025.pdf|idp|2025|both|146|text_fallback|116
CHAMA-DISTRICT-INTEGRATED-DEVELOPMENT-PLAN-28_02_2025.pdf|idp|2025|both|147|text_fallback|Additionally, the district lacks a modern bus station which can house all the public
CHAMA-DISTRICT-INTEGRATED-DEVELOPMENT-PLAN-28_02_2025.pdf|idp|2025|both|147|text_fallback|transport.
CHAMA-DISTRICT-INTEGRATED-DEVELOPMENT-PLAN-28_02_2025.pdf|idp|2025|both|147|text_fallback|The district's rural areas are connected via a network of poor, often impassable,
CHAMA-DISTRICT-INTEGRATED-DEVELOPMENT-PLAN-28_02_2025.pdf|idp|2025|both|147|text_fallback|gravel and earth roads. The majority of roads require maintenance, including the
CHAMA-DISTRICT-INTEGRATED-DEVELOPMENT-PLAN-28_02_2025.pdf|idp|2025|both|147|text_fallback|construction of crossing points and bridges, which are often nonexistent. Under
CHAMA-DISTRICT-INTEGRATED-DEVELOPMENT-PLAN-28_02_2025.pdf|idp|2025|both|147|text_fallback|road development and maintenance, the Local Authority in collaboration with
CHAMA-DISTRICT-INTEGRATED-DEVELOPMENT-PLAN-28_02_2025.pdf|idp|2025|both|147|text_fallback|Road Development Agency conduct routine works for vegetation control along
CHAMA-DISTRICT-INTEGRATED-DEVELOPMENT-PLAN-28_02_2025.pdf|idp|2025|both|147|text_fallback|the Chama-Matumbo Road and Chama-Lundazi Road. The local authority has
CHAMA-DISTRICT-INTEGRATED-DEVELOPMENT-PLAN-28_02_2025.pdf|idp|2025|both|147|text_fallback|deliberately procured earth moving equipment using CDF to enhance the
CHAMA-DISTRICT-INTEGRATED-DEVELOPMENT-PLAN-28_02_2025.pdf|idp|2025|both|147|text_fallback|maintenance and development of access and feeder roads.
CHAMA-DISTRICT-INTEGRATED-DEVELOPMENT-PLAN-28_02_2025.pdf|idp|2025|both|147|text_fallback|In terms of air transport, the district has three small airfields which can only
CHAMA-DISTRICT-INTEGRATED-DEVELOPMENT-PLAN-28_02_2025.pdf|idp|2025|both|147|text_fallback|accommodate small aircrafts, however, only two (2) and functional and they lack
CHAMA-DISTRICT-INTEGRATED-DEVELOPMENT-PLAN-28_02_2025.pdf|idp|2025|both|147|text_fallback|essential infrastructure. The Luangwa River passes through the district and it is used
CHAMA-DISTRICT-INTEGRATED-DEVELOPMENT-PLAN-28_02_2025.pdf|idp|2025|both|147|text_fallback|as another mode of transport to connect Chipala and Lunzi Wards.
CHAMA-DISTRICT-INTEGRATED-DEVELOPMENT-PLAN-28_02_2025.pdf|idp|2025|both|147|text_fallback|Map 14 below displays the road network in the district.
CHAMA-DISTRICT-INTEGRATED-DEVELOPMENT-PLAN-28_02_2025.pdf|idp|2025|both|147|text_fallback|117
CHAMA-DISTRICT-INTEGRATED-DEVELOPMENT-PLAN-28_02_2025.pdf|idp|2025|both|148|text_fallback|Map 14: Chama district transport infrastructure
CHAMA-DISTRICT-INTEGRATED-DEVELOPMENT-PLAN-28_02_2025.pdf|idp|2025|both|148|text_fallback|Source: Chama Town Council (2024)
CHAMA-DISTRICT-INTEGRATED-DEVELOPMENT-PLAN-28_02_2025.pdf|idp|2025|both|148|text_fallback|118
CHAMA-DISTRICT-INTEGRATED-DEVELOPMENT-PLAN-28_02_2025.pdf|idp|2025|both|149|text_fallback|The district has 22 communication mast towers for mobile communication and
CHAMA-DISTRICT-INTEGRATED-DEVELOPMENT-PLAN-28_02_2025.pdf|idp|2025|both|149|text_fallback|radio network (Map 15). The district is served by three service providers namely,
CHAMA-DISTRICT-INTEGRATED-DEVELOPMENT-PLAN-28_02_2025.pdf|idp|2025|both|149|text_fallback|ZAMTEL (Zambia Telecommunications Network), MTN (Mobile
CHAMA-DISTRICT-INTEGRATED-DEVELOPMENT-PLAN-28_02_2025.pdf|idp|2025|both|149|text_fallback|Telecommunications Network), and AIRTEL which provide both data and voice
CHAMA-DISTRICT-INTEGRATED-DEVELOPMENT-PLAN-28_02_2025.pdf|idp|2025|both|149|text_fallback|telecommunication. The network coverage of the district provided with proper
CHAMA-DISTRICT-INTEGRATED-DEVELOPMENT-PLAN-28_02_2025.pdf|idp|2025|both|149|text_fallback|internet services and mobile network has been focused within the CBD. The
CHAMA-DISTRICT-INTEGRATED-DEVELOPMENT-PLAN-28_02_2025.pdf|idp|2025|both|149|text_fallback|quality of network outside the CBD is commonly poor to absent hence no proper
CHAMA-DISTRICT-INTEGRATED-DEVELOPMENT-PLAN-28_02_2025.pdf|idp|2025|both|149|text_fallback|internet services are provided in various areas of the IDP. There is need to amplify
CHAMA-DISTRICT-INTEGRATED-DEVELOPMENT-PLAN-28_02_2025.pdf|idp|2025|both|149|text_fallback|network coverage by all service providers. Previously, the IDP area had limited
CHAMA-DISTRICT-INTEGRATED-DEVELOPMENT-PLAN-28_02_2025.pdf|idp|2025|both|149|text_fallback|Kwenje radio coverage compared to now, that the radio station was procured
CHAMA-DISTRICT-INTEGRATED-DEVELOPMENT-PLAN-28_02_2025.pdf|idp|2025|both|149|text_fallback|network coverage boosters under CDF that has strongly increased their network
CHAMA-DISTRICT-INTEGRATED-DEVELOPMENT-PLAN-28_02_2025.pdf|idp|2025|both|149|text_fallback|coverage.
CHAMA-DISTRICT-INTEGRATED-DEVELOPMENT-PLAN-28_02_2025.pdf|idp|2025|both|149|text_fallback|119
CHAMA-DISTRICT-INTEGRATED-DEVELOPMENT-PLAN-28_02_2025.pdf|idp|2025|both|150|text_fallback|Map 15: Showing Telecommunication Towers and Major Roads
CHAMA-DISTRICT-INTEGRATED-DEVELOPMENT-PLAN-28_02_2025.pdf|idp|2025|both|150|text_fallback|Source: Chama Town Council (2024)
CHAMA-DISTRICT-INTEGRATED-DEVELOPMENT-PLAN-28_02_2025.pdf|idp|2025|both|150|text_fallback|120
CHAMA-DISTRICT-INTEGRATED-DEVELOPMENT-PLAN-28_02_2025.pdf|idp|2025|both|151|text_fallback|Issues from Public Participation Process
CHAMA-DISTRICT-INTEGRATED-DEVELOPMENT-PLAN-28_02_2025.pdf|idp|2025|both|151|text_fallback|Among the issues identified during the consultative meetings include the
CHAMA-DISTRICT-INTEGRATED-DEVELOPMENT-PLAN-28_02_2025.pdf|idp|2025|both|151|text_fallback|following;
CHAMA-DISTRICT-INTEGRATED-DEVELOPMENT-PLAN-28_02_2025.pdf|idp|2025|both|151|text_fallback|✓ Most of the areas above 20-30km from the CBD do not have access
CHAMA-DISTRICT-INTEGRATED-DEVELOPMENT-PLAN-28_02_2025.pdf|idp|2025|both|151|text_fallback|to all the 3 networks and they do not have access to internet
CHAMA-DISTRICT-INTEGRATED-DEVELOPMENT-PLAN-28_02_2025.pdf|idp|2025|both|151|text_fallback|✓ Limited access to social services as some roads are impassable
CHAMA-DISTRICT-INTEGRATED-DEVELOPMENT-PLAN-28_02_2025.pdf|idp|2025|both|151|text_fallback|✓ Poor state of feeder roads leading into and out of the district centre
CHAMA-DISTRICT-INTEGRATED-DEVELOPMENT-PLAN-28_02_2025.pdf|idp|2025|both|151|text_fallback|✓ Absence of organized bus station and taxi ranks
CHAMA-DISTRICT-INTEGRATED-DEVELOPMENT-PLAN-28_02_2025.pdf|idp|2025|both|151|text_fallback|✓ No TV and radio signal in some parts
CHAMA-DISTRICT-INTEGRATED-DEVELOPMENT-PLAN-28_02_2025.pdf|idp|2025|both|151|text_fallback|✓ uncompleted construction of Chama – Matumbo and Chama –
CHAMA-DISTRICT-INTEGRATED-DEVELOPMENT-PLAN-28_02_2025.pdf|idp|2025|both|151|text_fallback|Lundazi Road
CHAMA-DISTRICT-INTEGRATED-DEVELOPMENT-PLAN-28_02_2025.pdf|idp|2025|both|151|text_fallback|Impact of Changes Anticipated Over the Next Ten Years
CHAMA-DISTRICT-INTEGRATED-DEVELOPMENT-PLAN-28_02_2025.pdf|idp|2025|both|151|text_fallback|Current efforts to provide road infrastructure have been limited to only to the
CHAMA-DISTRICT-INTEGRATED-DEVELOPMENT-PLAN-28_02_2025.pdf|idp|2025|both|151|text_fallback|urban ward (Kamphemba) which have had some of its roads upgraded to
CHAMA-DISTRICT-INTEGRATED-DEVELOPMENT-PLAN-28_02_2025.pdf|idp|2025|both|151|text_fallback|bituminous standards with the rest of the district experiencing minimal to no
CHAMA-DISTRICT-INTEGRATED-DEVELOPMENT-PLAN-28_02_2025.pdf|idp|2025|both|151|text_fallback|infrastructure at all. It is anticipated that they will be an increase of traffic in the
CHAMA-DISTRICT-INTEGRATED-DEVELOPMENT-PLAN-28_02_2025.pdf|idp|2025|both|151|text_fallback|urban centre and therefore, they will be need to plan for this traffic increase. Due
CHAMA-DISTRICT-INTEGRATED-DEVELOPMENT-PLAN-28_02_2025.pdf|idp|2025|both|151|text_fallback|to population growth for both rural and urban areas, demand for food and
CHAMA-DISTRICT-INTEGRATED-DEVELOPMENT-PLAN-28_02_2025.pdf|idp|2025|both|151|text_fallback|general services will go up and consequently an increase in the movement of
CHAMA-DISTRICT-INTEGRATED-DEVELOPMENT-PLAN-28_02_2025.pdf|idp|2025|both|151|text_fallback|these goods that would lead to deteriorating of roads, hence, the need to plan
CHAMA-DISTRICT-INTEGRATED-DEVELOPMENT-PLAN-28_02_2025.pdf|idp|2025|both|151|text_fallback|for future road works and maintenance. Further, road constructions will bring
CHAMA-DISTRICT-INTEGRATED-DEVELOPMENT-PLAN-28_02_2025.pdf|idp|2025|both|151|text_fallback|about changes in land use, it is anticipated that most of the land along
CHAMA-DISTRICT-INTEGRATED-DEVELOPMENT-PLAN-28_02_2025.pdf|idp|2025|both|151|text_fallback|constructed roads will be used for commercial purposes and new settlement
CHAMA-DISTRICT-INTEGRATED-DEVELOPMENT-PLAN-28_02_2025.pdf|idp|2025|both|151|text_fallback|patterns will appear. The increase in commercial activities will improve revenue
CHAMA-DISTRICT-INTEGRATED-DEVELOPMENT-PLAN-28_02_2025.pdf|idp|2025|both|151|text_fallback|for the Local Authority and enable them deliver quality service to the people of
CHAMA-DISTRICT-INTEGRATED-DEVELOPMENT-PLAN-28_02_2025.pdf|idp|2025|both|151|text_fallback|Chama. In addition, this will improve the general economy of the district.
CHAMA-DISTRICT-INTEGRATED-DEVELOPMENT-PLAN-28_02_2025.pdf|idp|2025|both|151|text_fallback|121
CHAMA-DISTRICT-INTEGRATED-DEVELOPMENT-PLAN-28_02_2025.pdf|idp|2025|both|152|text_fallback|With the population projection increased there will be demand for more
CHAMA-DISTRICT-INTEGRATED-DEVELOPMENT-PLAN-28_02_2025.pdf|idp|2025|both|152|text_fallback|communication towers in the district to avoid network overloading. To boost its
CHAMA-DISTRICT-INTEGRATED-DEVELOPMENT-PLAN-28_02_2025.pdf|idp|2025|both|152|text_fallback|tourism industry, the area will have to construct an airport that would draw both
CHAMA-DISTRICT-INTEGRATED-DEVELOPMENT-PLAN-28_02_2025.pdf|idp|2025|both|152|text_fallback|domestic and foreign travelers. The tourist potential of Chama in North Luangwa
CHAMA-DISTRICT-INTEGRATED-DEVELOPMENT-PLAN-28_02_2025.pdf|idp|2025|both|152|text_fallback|National Park is considerable.
CHAMA-DISTRICT-INTEGRATED-DEVELOPMENT-PLAN-28_02_2025.pdf|idp|2025|both|152|text_fallback|The communities where growth will occur include; Chama CBD, Tembwe Centre,
CHAMA-DISTRICT-INTEGRATED-DEVELOPMENT-PLAN-28_02_2025.pdf|idp|2025|both|152|text_fallback|Kambombo Centre, Chifunda Centre, Mulilo Centre, Lundu Centre and Chikwa
CHAMA-DISTRICT-INTEGRATED-DEVELOPMENT-PLAN-28_02_2025.pdf|idp|2025|both|152|text_fallback|Centre as well as areas along the two main roads and around water points. These
CHAMA-DISTRICT-INTEGRATED-DEVELOPMENT-PLAN-28_02_2025.pdf|idp|2025|both|152|text_fallback|areas will require more services such as access roads and mobile communication
CHAMA-DISTRICT-INTEGRATED-DEVELOPMENT-PLAN-28_02_2025.pdf|idp|2025|both|152|text_fallback|network. With the construction of the Chama-Mutombo and Chama-Lundazi
CHAMA-DISTRICT-INTEGRATED-DEVELOPMENT-PLAN-28_02_2025.pdf|idp|2025|both|152|text_fallback|roads, which will boost trade and material movement, a well-designed,
CHAMA-DISTRICT-INTEGRATED-DEVELOPMENT-PLAN-28_02_2025.pdf|idp|2025|both|152|text_fallback|contemporary bus station will be required to coordinate public transportation
CHAMA-DISTRICT-INTEGRATED-DEVELOPMENT-PLAN-28_02_2025.pdf|idp|2025|both|152|text_fallback|systems.
CHAMA-DISTRICT-INTEGRATED-DEVELOPMENT-PLAN-28_02_2025.pdf|idp|2025|both|152|text_fallback|Impact of Environment and Climate Change
CHAMA-DISTRICT-INTEGRATED-DEVELOPMENT-PLAN-28_02_2025.pdf|idp|2025|both|152|text_fallback|Road transportation may have an adverse effect on climate change and the
CHAMA-DISTRICT-INTEGRATED-DEVELOPMENT-PLAN-28_02_2025.pdf|idp|2025|both|152|text_fallback|environment. Fossil fuels, the primary energy source for Chama's automobiles,
CHAMA-DISTRICT-INTEGRATED-DEVELOPMENT-PLAN-28_02_2025.pdf|idp|2025|both|152|text_fallback|trucks, and buses, contribute to the release of greenhouse gases, a primary cause
CHAMA-DISTRICT-INTEGRATED-DEVELOPMENT-PLAN-28_02_2025.pdf|idp|2025|both|152|text_fallback|of climate change. Degradation of air quality is another possible adverse
CHAMA-DISTRICT-INTEGRATED-DEVELOPMENT-PLAN-28_02_2025.pdf|idp|2025|both|152|text_fallback|environmental effect of vehicle mobility. Additionally, the district's roadways,
CHAMA-DISTRICT-INTEGRATED-DEVELOPMENT-PLAN-28_02_2025.pdf|idp|2025|both|152|text_fallback|which are primarily made of gravel, are in poor condition and emit a lot of dust,
CHAMA-DISTRICT-INTEGRATED-DEVELOPMENT-PLAN-28_02_2025.pdf|idp|2025|both|152|text_fallback|which pollutes the air.
CHAMA-DISTRICT-INTEGRATED-DEVELOPMENT-PLAN-28_02_2025.pdf|idp|2025|both|152|text_fallback|On the other hand, road infrastructure is impacted by climate change. Soil
CHAMA-DISTRICT-INTEGRATED-DEVELOPMENT-PLAN-28_02_2025.pdf|idp|2025|both|152|text_fallback|erosion and floods in the galleries are caused in part by the absence of drainage
CHAMA-DISTRICT-INTEGRATED-DEVELOPMENT-PLAN-28_02_2025.pdf|idp|2025|both|152|text_fallback|systems. These pose a risk to human health and the environment. In order to make
CHAMA-DISTRICT-INTEGRATED-DEVELOPMENT-PLAN-28_02_2025.pdf|idp|2025|both|152|text_fallback|the road network climate change robust, climate change interventions like
CHAMA-DISTRICT-INTEGRATED-DEVELOPMENT-PLAN-28_02_2025.pdf|idp|2025|both|152|text_fallback|culverts and drainage systems are required.
CHAMA-DISTRICT-INTEGRATED-DEVELOPMENT-PLAN-28_02_2025.pdf|idp|2025|both|152|text_fallback|122
CHAMA-DISTRICT-INTEGRATED-DEVELOPMENT-PLAN-28_02_2025.pdf|idp|2025|both|153|text_fallback|Issues Arising Relating to Gender Groups and Vulnerable Groups
CHAMA-DISTRICT-INTEGRATED-DEVELOPMENT-PLAN-28_02_2025.pdf|idp|2025|both|153|text_fallback|Most road infrastructures lack bridges and drainage, which makes them
CHAMA-DISTRICT-INTEGRATED-DEVELOPMENT-PLAN-28_02_2025.pdf|idp|2025|both|153|text_fallback|susceptible to deterioration. During the rainy season, gullies and potholes form on
CHAMA-DISTRICT-INTEGRATED-DEVELOPMENT-PLAN-28_02_2025.pdf|idp|2025|both|153|text_fallback|the surfaces of the roadways. As a result, vulnerable populations—such as
CHAMA-DISTRICT-INTEGRATED-DEVELOPMENT-PLAN-28_02_2025.pdf|idp|2025|both|153|text_fallback|women, people with disabilities, and children—are unable to access institutions
CHAMA-DISTRICT-INTEGRATED-DEVELOPMENT-PLAN-28_02_2025.pdf|idp|2025|both|153|text_fallback|like healthcare facilities and schools.
CHAMA-DISTRICT-INTEGRATED-DEVELOPMENT-PLAN-28_02_2025.pdf|idp|2025|both|153|text_fallback|Furthermore, women farmers are similarly impacted as the inadequate road
CHAMA-DISTRICT-INTEGRATED-DEVELOPMENT-PLAN-28_02_2025.pdf|idp|2025|both|153|text_fallback|system limits their ability to move about and produce. The roads in the district are
CHAMA-DISTRICT-INTEGRATED-DEVELOPMENT-PLAN-28_02_2025.pdf|idp|2025|both|153|text_fallback|not user friendly to PWD, thus, there is need to ensure that road infrastructure
CHAMA-DISTRICT-INTEGRATED-DEVELOPMENT-PLAN-28_02_2025.pdf|idp|2025|both|153|text_fallback|accommodate the needs of People With Disability.
CHAMA-DISTRICT-INTEGRATED-DEVELOPMENT-PLAN-28_02_2025.pdf|idp|2025|both|153|text_fallback|External Factors Contributing to the Issue
CHAMA-DISTRICT-INTEGRATED-DEVELOPMENT-PLAN-28_02_2025.pdf|idp|2025|both|153|text_fallback|Major external factors contributing to the issue include limited resources by the
CHAMA-DISTRICT-INTEGRATED-DEVELOPMENT-PLAN-28_02_2025.pdf|idp|2025|both|153|text_fallback|Local Authority to construct, maintain and rehabilitate road network
CHAMA-DISTRICT-INTEGRATED-DEVELOPMENT-PLAN-28_02_2025.pdf|idp|2025|both|153|text_fallback|infrastructure. The Local Authority does not have enough funding to construct
CHAMA-DISTRICT-INTEGRATED-DEVELOPMENT-PLAN-28_02_2025.pdf|idp|2025|both|153|text_fallback|bituminous stand roads within the district. The maintenance of the main roads is
CHAMA-DISTRICT-INTEGRATED-DEVELOPMENT-PLAN-28_02_2025.pdf|idp|2025|both|153|text_fallback|under the jurisdiction of RDA, the LA does not conduct any works in these roads.
CHAMA-DISTRICT-INTEGRATED-DEVELOPMENT-PLAN-28_02_2025.pdf|idp|2025|both|153|text_fallback|Extension of network coverage for all the operating mobile service network
CHAMA-DISTRICT-INTEGRATED-DEVELOPMENT-PLAN-28_02_2025.pdf|idp|2025|both|153|text_fallback|providers solemnly lies within their capacity to do so; the LA however has identified
CHAMA-DISTRICT-INTEGRATED-DEVELOPMENT-PLAN-28_02_2025.pdf|idp|2025|both|153|text_fallback|and recommended areas that need mobile network services within the IDP area.
CHAMA-DISTRICT-INTEGRATED-DEVELOPMENT-PLAN-28_02_2025.pdf|idp|2025|both|153|text_fallback|ENERGY SECTOR
CHAMA-DISTRICT-INTEGRATED-DEVELOPMENT-PLAN-28_02_2025.pdf|idp|2025|both|153|text_fallback|Key Government Priorities Being and To Be Implemented at a Local Level
CHAMA-DISTRICT-INTEGRATED-DEVELOPMENT-PLAN-28_02_2025.pdf|idp|2025|both|153|text_fallback|Government through the 8NDP sees the industrialization and employment
CHAMA-DISTRICT-INTEGRATED-DEVELOPMENT-PLAN-28_02_2025.pdf|idp|2025|both|153|text_fallback|creation will be actualized through adoption of energy efficient solutions and
CHAMA-DISTRICT-INTEGRATED-DEVELOPMENT-PLAN-28_02_2025.pdf|idp|2025|both|153|text_fallback|expanded green electrification including extending power and to growth
CHAMA-DISTRICT-INTEGRATED-DEVELOPMENT-PLAN-28_02_2025.pdf|idp|2025|both|153|text_fallback|123
CHAMA-DISTRICT-INTEGRATED-DEVELOPMENT-PLAN-28_02_2025.pdf|idp|2025|both|154|text_fallback|centers, farm blocks, industrial parks, Multi Facility Economic Zones (MFEZs) and
CHAMA-DISTRICT-INTEGRATED-DEVELOPMENT-PLAN-28_02_2025.pdf|idp|2025|both|154|text_fallback|remote rural areas. Government further intends to promote renewable energy
CHAMA-DISTRICT-INTEGRATED-DEVELOPMENT-PLAN-28_02_2025.pdf|idp|2025|both|154|text_fallback|and alternative energy in the energy mix.
CHAMA-DISTRICT-INTEGRATED-DEVELOPMENT-PLAN-28_02_2025.pdf|idp|2025|both|154|text_fallback|In order to achieve Zambia’s aspiration to be a prosperous middle-income
CHAMA-DISTRICT-INTEGRATED-DEVELOPMENT-PLAN-28_02_2025.pdf|idp|2025|both|154|text_fallback|country by 2030, the National Energy Policy (NEP) was launched in 2019 to guide
CHAMA-DISTRICT-INTEGRATED-DEVELOPMENT-PLAN-28_02_2025.pdf|idp|2025|both|154|text_fallback|Ministries and Institutions responsible for energy services in the Zambian economy
CHAMA-DISTRICT-INTEGRATED-DEVELOPMENT-PLAN-28_02_2025.pdf|idp|2025|both|154|text_fallback|to meet the challenges of achieving access to reliable, sustainable, and
CHAMA-DISTRICT-INTEGRATED-DEVELOPMENT-PLAN-28_02_2025.pdf|idp|2025|both|154|text_fallback|affordable energy services. The Policy provides guidance for the continued
CHAMA-DISTRICT-INTEGRATED-DEVELOPMENT-PLAN-28_02_2025.pdf|idp|2025|both|154|text_fallback|development of the energy sector essentially on the security, affordability, supply,
CHAMA-DISTRICT-INTEGRATED-DEVELOPMENT-PLAN-28_02_2025.pdf|idp|2025|both|154|text_fallback|and utilization of energy. The Energy Policy, 2019 is in line with the political,
CHAMA-DISTRICT-INTEGRATED-DEVELOPMENT-PLAN-28_02_2025.pdf|idp|2025|both|154|text_fallback|economic, social, technological, and environmental changes that have
CHAMA-DISTRICT-INTEGRATED-DEVELOPMENT-PLAN-28_02_2025.pdf|idp|2025|both|154|text_fallback|occurred in the past decade.
CHAMA-DISTRICT-INTEGRATED-DEVELOPMENT-PLAN-28_02_2025.pdf|idp|2025|both|154|text_fallback|Description of the state of the energy sector
CHAMA-DISTRICT-INTEGRATED-DEVELOPMENT-PLAN-28_02_2025.pdf|idp|2025|both|154|text_fallback|Chama district just like any other district in the country is connected to the main
CHAMA-DISTRICT-INTEGRATED-DEVELOPMENT-PLAN-28_02_2025.pdf|idp|2025|both|154|text_fallback|National electricity grid supplied by ZESCO. Other than, getting services from
CHAMA-DISTRICT-INTEGRATED-DEVELOPMENT-PLAN-28_02_2025.pdf|idp|2025|both|154|text_fallback|ZESCO, the district has also benefited from the Rural Electrification Authority
CHAMA-DISTRICT-INTEGRATED-DEVELOPMENT-PLAN-28_02_2025.pdf|idp|2025|both|154|text_fallback|whose mandate is to provide electricity infrastructure to rural areas of Zambia
CHAMA-DISTRICT-INTEGRATED-DEVELOPMENT-PLAN-28_02_2025.pdf|idp|2025|both|154|text_fallback|using appropriate technologies. The electricity supply demand stands at 1.5
CHAMA-DISTRICT-INTEGRATED-DEVELOPMENT-PLAN-28_02_2025.pdf|idp|2025|both|154|text_fallback|megawatts for Chama district.
CHAMA-DISTRICT-INTEGRATED-DEVELOPMENT-PLAN-28_02_2025.pdf|idp|2025|both|154|text_fallback|Chama is experiencing unprecedented development and demand for electricity
CHAMA-DISTRICT-INTEGRATED-DEVELOPMENT-PLAN-28_02_2025.pdf|idp|2025|both|154|text_fallback|supply is increasing especially after connection to the national grid. Currently, the
CHAMA-DISTRICT-INTEGRATED-DEVELOPMENT-PLAN-28_02_2025.pdf|idp|2025|both|154|text_fallback|number of households and entities that are connected to the national grid
CHAMA-DISTRICT-INTEGRATED-DEVELOPMENT-PLAN-28_02_2025.pdf|idp|2025|both|154|text_fallback|(ZESCO) in the district is estimated at approximately 1,527 representing 2.7
CHAMA-DISTRICT-INTEGRATED-DEVELOPMENT-PLAN-28_02_2025.pdf|idp|2025|both|154|text_fallback|percent households connected to power and they are all in Kamphemba Ward.
CHAMA-DISTRICT-INTEGRATED-DEVELOPMENT-PLAN-28_02_2025.pdf|idp|2025|both|154|text_fallback|However, there is need for ZESCO to expand its current network system so as to
CHAMA-DISTRICT-INTEGRATED-DEVELOPMENT-PLAN-28_02_2025.pdf|idp|2025|both|154|text_fallback|cover other areas such as Tembwe, Chibale, Chikwa, Chifunda, Lundu, Mulilo and
CHAMA-DISTRICT-INTEGRATED-DEVELOPMENT-PLAN-28_02_2025.pdf|idp|2025|both|154|text_fallback|124
CHAMA-DISTRICT-INTEGRATED-DEVELOPMENT-PLAN-28_02_2025.pdf|idp|2025|both|155|table|"SN | Ward | % with
electricity | %
pending/earmarked
for connection | % without
electricity"
CHAMA-DISTRICT-INTEGRATED-DEVELOPMENT-PLAN-28_02_2025.pdf|idp|2025|both|155|table|"1. | Kamphemba | 2.7 | 3.3 | 94"
CHAMA-DISTRICT-INTEGRATED-DEVELOPMENT-PLAN-28_02_2025.pdf|idp|2025|both|155|table|"2. | Other 23 wards | 0 | 0.1 | 99.9"
CHAMA-DISTRICT-INTEGRATED-DEVELOPMENT-PLAN-28_02_2025.pdf|idp|2025|both|156|text_fallback|Map 16: Electricity distribution network in Chama
CHAMA-DISTRICT-INTEGRATED-DEVELOPMENT-PLAN-28_02_2025.pdf|idp|2025|both|156|text_fallback|Source: Chama Town Council (2024)
CHAMA-DISTRICT-INTEGRATED-DEVELOPMENT-PLAN-28_02_2025.pdf|idp|2025|both|156|text_fallback|126
CHAMA-DISTRICT-INTEGRATED-DEVELOPMENT-PLAN-28_02_2025.pdf|idp|2025|both|157|text_fallback|Issues from Public Participation Process
CHAMA-DISTRICT-INTEGRATED-DEVELOPMENT-PLAN-28_02_2025.pdf|idp|2025|both|157|text_fallback|The following are the major issues that arose for the public consultation process:
CHAMA-DISTRICT-INTEGRATED-DEVELOPMENT-PLAN-28_02_2025.pdf|idp|2025|both|157|text_fallback|✓ Limited power grid connection as most houses and entities are not
CHAMA-DISTRICT-INTEGRATED-DEVELOPMENT-PLAN-28_02_2025.pdf|idp|2025|both|157|text_fallback|connected to the main power line.
CHAMA-DISTRICT-INTEGRATED-DEVELOPMENT-PLAN-28_02_2025.pdf|idp|2025|both|157|text_fallback|✓ Lack of alternative sources of power and energy leading to
CHAMA-DISTRICT-INTEGRATED-DEVELOPMENT-PLAN-28_02_2025.pdf|idp|2025|both|157|text_fallback|deforestation and degradation of the environment due to heavy cut
CHAMA-DISTRICT-INTEGRATED-DEVELOPMENT-PLAN-28_02_2025.pdf|idp|2025|both|157|text_fallback|down of trees for charcoal and farming.
CHAMA-DISTRICT-INTEGRATED-DEVELOPMENT-PLAN-28_02_2025.pdf|idp|2025|both|157|text_fallback|✓ Absence of a fuel pump station and periodic fuel shortages in the
CHAMA-DISTRICT-INTEGRATED-DEVELOPMENT-PLAN-28_02_2025.pdf|idp|2025|both|157|text_fallback|surrounding districts.
CHAMA-DISTRICT-INTEGRATED-DEVELOPMENT-PLAN-28_02_2025.pdf|idp|2025|both|157|text_fallback|Impact of Changes Anticipated Over the Next Ten Years
CHAMA-DISTRICT-INTEGRATED-DEVELOPMENT-PLAN-28_02_2025.pdf|idp|2025|both|157|text_fallback|Charcoal is consumed at a higher rate than electricity. These levels might rise due
CHAMA-DISTRICT-INTEGRATED-DEVELOPMENT-PLAN-28_02_2025.pdf|idp|2025|both|157|text_fallback|to the projected growth in population, which would have a detrimental impact
CHAMA-DISTRICT-INTEGRATED-DEVELOPMENT-PLAN-28_02_2025.pdf|idp|2025|both|157|text_fallback|on the environment if families don't invest in sustainable alternative energy
CHAMA-DISTRICT-INTEGRATED-DEVELOPMENT-PLAN-28_02_2025.pdf|idp|2025|both|157|text_fallback|sources or if connections to the national grid aren't increased. If the issue is not
CHAMA-DISTRICT-INTEGRATED-DEVELOPMENT-PLAN-28_02_2025.pdf|idp|2025|both|157|text_fallback|properly controlled, it is predicted that the district’s forest cover would drastically
CHAMA-DISTRICT-INTEGRATED-DEVELOPMENT-PLAN-28_02_2025.pdf|idp|2025|both|157|text_fallback|decline in the upcoming years. The figure…gives details to areas that will need
CHAMA-DISTRICT-INTEGRATED-DEVELOPMENT-PLAN-28_02_2025.pdf|idp|2025|both|157|text_fallback|power connection as the population grows.
CHAMA-DISTRICT-INTEGRATED-DEVELOPMENT-PLAN-28_02_2025.pdf|idp|2025|both|157|text_fallback|The Impact of The Continuation of Existing Trends on Land Use and Population
CHAMA-DISTRICT-INTEGRATED-DEVELOPMENT-PLAN-28_02_2025.pdf|idp|2025|both|157|text_fallback|Distribution Patterns
CHAMA-DISTRICT-INTEGRATED-DEVELOPMENT-PLAN-28_02_2025.pdf|idp|2025|both|157|text_fallback|Charcoal consumption in the district is alarming, projected to double by 2030,
CHAMA-DISTRICT-INTEGRATED-DEVELOPMENT-PLAN-28_02_2025.pdf|idp|2025|both|157|text_fallback|with 345.8 million m³ of fuel wood and 25.3 million tons used annually. Traditional
CHAMA-DISTRICT-INTEGRATED-DEVELOPMENT-PLAN-28_02_2025.pdf|idp|2025|both|157|text_fallback|charcoal production, a significant economic activity and energy source, has
CHAMA-DISTRICT-INTEGRATED-DEVELOPMENT-PLAN-28_02_2025.pdf|idp|2025|both|157|text_fallback|increased from 34% to 51% in urban and rural areas. However, this growth comes
CHAMA-DISTRICT-INTEGRATED-DEVELOPMENT-PLAN-28_02_2025.pdf|idp|2025|both|157|text_fallback|at a dire environmental cost: deforestation, land degradation, and climate
CHAMA-DISTRICT-INTEGRATED-DEVELOPMENT-PLAN-28_02_2025.pdf|idp|2025|both|157|text_fallback|change impacts. As trees are harvested without replanting, the district’s land
CHAMA-DISTRICT-INTEGRATED-DEVELOPMENT-PLAN-28_02_2025.pdf|idp|2025|both|157|text_fallback|127
CHAMA-DISTRICT-INTEGRATED-DEVELOPMENT-PLAN-28_02_2025.pdf|idp|2025|both|158|text_fallback|cover is rapidly deteriorating, highlighting the urgent need for alternative energy
CHAMA-DISTRICT-INTEGRATED-DEVELOPMENT-PLAN-28_02_2025.pdf|idp|2025|both|158|text_fallback|investments to mitigate these consequences.
CHAMA-DISTRICT-INTEGRATED-DEVELOPMENT-PLAN-28_02_2025.pdf|idp|2025|both|158|text_fallback|Impact on Environment and Climate Change
CHAMA-DISTRICT-INTEGRATED-DEVELOPMENT-PLAN-28_02_2025.pdf|idp|2025|both|158|text_fallback|Deforestation, land degradation, and habitat loss, leading to biodiversity decline
CHAMA-DISTRICT-INTEGRATED-DEVELOPMENT-PLAN-28_02_2025.pdf|idp|2025|both|158|text_fallback|and ecosystem disruption. Burning wood and charcoal releases greenhouse
CHAMA-DISTRICT-INTEGRATED-DEVELOPMENT-PLAN-28_02_2025.pdf|idp|2025|both|158|text_fallback|gases, contributing to climate change, air pollution, and health issues.
CHAMA-DISTRICT-INTEGRATED-DEVELOPMENT-PLAN-28_02_2025.pdf|idp|2025|both|158|text_fallback|Additionally, it fuels soil erosion, water cycle disruption, and decreased carbon
CHAMA-DISTRICT-INTEGRATED-DEVELOPMENT-PLAN-28_02_2025.pdf|idp|2025|both|158|text_fallback|sequestration, exacerbating global warming.
CHAMA-DISTRICT-INTEGRATED-DEVELOPMENT-PLAN-28_02_2025.pdf|idp|2025|both|158|text_fallback|Issues Arising Relating to Gender Groups and Vulnerable Groups
CHAMA-DISTRICT-INTEGRATED-DEVELOPMENT-PLAN-28_02_2025.pdf|idp|2025|both|158|text_fallback|Inadequate electricity infrastructure and reliance on charcoal and firewood
CHAMA-DISTRICT-INTEGRATED-DEVELOPMENT-PLAN-28_02_2025.pdf|idp|2025|both|158|text_fallback|disproportionately affect vulnerable groups, particularly women, children, and
CHAMA-DISTRICT-INTEGRATED-DEVELOPMENT-PLAN-28_02_2025.pdf|idp|2025|both|158|text_fallback|the elderly. Women, responsible for household energy management, bear the
CHAMA-DISTRICT-INTEGRATED-DEVELOPMENT-PLAN-28_02_2025.pdf|idp|2025|both|158|text_fallback|burden of fuel collection, cooking, and health impacts. Indoor air pollution from
CHAMA-DISTRICT-INTEGRATED-DEVELOPMENT-PLAN-28_02_2025.pdf|idp|2025|both|158|text_fallback|charcoal and firewood exposes them to respiratory risks, while collection tasks
CHAMA-DISTRICT-INTEGRATED-DEVELOPMENT-PLAN-28_02_2025.pdf|idp|2025|both|158|text_fallback|consume time and energy, limiting economic and educational opportunities.
CHAMA-DISTRICT-INTEGRATED-DEVELOPMENT-PLAN-28_02_2025.pdf|idp|2025|both|158|text_fallback|Children's health and education suffer due to poor air quality and limited lighting.
CHAMA-DISTRICT-INTEGRATED-DEVELOPMENT-PLAN-28_02_2025.pdf|idp|2025|both|158|text_fallback|The elderly, often with compromised health, face increased vulnerability to
CHAMA-DISTRICT-INTEGRATED-DEVELOPMENT-PLAN-28_02_2025.pdf|idp|2025|both|158|text_fallback|pollution-related illnesses. Additionally, people with disabilities face accessibility
CHAMA-DISTRICT-INTEGRATED-DEVELOPMENT-PLAN-28_02_2025.pdf|idp|2025|both|158|text_fallback|barriers to energy sources, exacerbating their isolation and dependence.
CHAMA-DISTRICT-INTEGRATED-DEVELOPMENT-PLAN-28_02_2025.pdf|idp|2025|both|158|text_fallback|Summary of Core Issues
CHAMA-DISTRICT-INTEGRATED-DEVELOPMENT-PLAN-28_02_2025.pdf|idp|2025|both|158|text_fallback|✓ Inadequate Capacity to Access Power Supply
CHAMA-DISTRICT-INTEGRATED-DEVELOPMENT-PLAN-28_02_2025.pdf|idp|2025|both|158|text_fallback|✓ 100% of households in rural wards are not connected to national power
CHAMA-DISTRICT-INTEGRATED-DEVELOPMENT-PLAN-28_02_2025.pdf|idp|2025|both|158|text_fallback|grid.
CHAMA-DISTRICT-INTEGRATED-DEVELOPMENT-PLAN-28_02_2025.pdf|idp|2025|both|158|text_fallback|✓ inadequate alternative energy sources
CHAMA-DISTRICT-INTEGRATED-DEVELOPMENT-PLAN-28_02_2025.pdf|idp|2025|both|158|text_fallback|128
CHAMA-DISTRICT-INTEGRATED-DEVELOPMENT-PLAN-28_02_2025.pdf|idp|2025|both|159|text_fallback|HEALTH SECTOR
CHAMA-DISTRICT-INTEGRATED-DEVELOPMENT-PLAN-28_02_2025.pdf|idp|2025|both|159|text_fallback|The health sector aims to provide accessible, affordable, and quality healthcare
CHAMA-DISTRICT-INTEGRATED-DEVELOPMENT-PLAN-28_02_2025.pdf|idp|2025|both|159|text_fallback|services to families in Chama District, while also promoting a healthy environment.
CHAMA-DISTRICT-INTEGRATED-DEVELOPMENT-PLAN-28_02_2025.pdf|idp|2025|both|159|text_fallback|This section reviews existing plans and strategies, and identifies key challenges
CHAMA-DISTRICT-INTEGRATED-DEVELOPMENT-PLAN-28_02_2025.pdf|idp|2025|both|159|text_fallback|hindering sector development in the district.
CHAMA-DISTRICT-INTEGRATED-DEVELOPMENT-PLAN-28_02_2025.pdf|idp|2025|both|159|text_fallback|Key Government Priorities to Be Implemented at a Local Level
CHAMA-DISTRICT-INTEGRATED-DEVELOPMENT-PLAN-28_02_2025.pdf|idp|2025|both|159|text_fallback|Prevention of disease is a key aspect in effective public health management. The
CHAMA-DISTRICT-INTEGRATED-DEVELOPMENT-PLAN-28_02_2025.pdf|idp|2025|both|159|text_fallback|district places priority on more effective investments in primary healthcare by
CHAMA-DISTRICT-INTEGRATED-DEVELOPMENT-PLAN-28_02_2025.pdf|idp|2025|both|159|text_fallback|strengthening fundamental components of the health systems aimed at
CHAMA-DISTRICT-INTEGRATED-DEVELOPMENT-PLAN-28_02_2025.pdf|idp|2025|both|159|text_fallback|promoting and maintaining a clean, healthy environment and good nutrition in
CHAMA-DISTRICT-INTEGRATED-DEVELOPMENT-PLAN-28_02_2025.pdf|idp|2025|both|159|text_fallback|order to prevent diseases.
CHAMA-DISTRICT-INTEGRATED-DEVELOPMENT-PLAN-28_02_2025.pdf|idp|2025|both|159|text_fallback|Key Priorities of the Development Plan, Policies, Strategies and how they are to be
CHAMA-DISTRICT-INTEGRATED-DEVELOPMENT-PLAN-28_02_2025.pdf|idp|2025|both|159|text_fallback|implements at a Local Level
CHAMA-DISTRICT-INTEGRATED-DEVELOPMENT-PLAN-28_02_2025.pdf|idp|2025|both|159|text_fallback|The key priorities outlined in the 8NDP for the sector include reducing disease
CHAMA-DISTRICT-INTEGRATED-DEVELOPMENT-PLAN-28_02_2025.pdf|idp|2025|both|159|text_fallback|burden, maternal and infant mortality and increase life expectancy. This was
CHAMA-DISTRICT-INTEGRATED-DEVELOPMENT-PLAN-28_02_2025.pdf|idp|2025|both|159|text_fallback|designed to be implemented in the district through provision of quality and
CHAMA-DISTRICT-INTEGRATED-DEVELOPMENT-PLAN-28_02_2025.pdf|idp|2025|both|159|text_fallback|effective healthcare services by promoting hygiene, improved nutrition, health
CHAMA-DISTRICT-INTEGRATED-DEVELOPMENT-PLAN-28_02_2025.pdf|idp|2025|both|159|text_fallback|education, increased coverage of occupational health and ensure equity of
CHAMA-DISTRICT-INTEGRATED-DEVELOPMENT-PLAN-28_02_2025.pdf|idp|2025|both|159|text_fallback|access to quality, cost-effective and affordable maternal and child health
CHAMA-DISTRICT-INTEGRATED-DEVELOPMENT-PLAN-28_02_2025.pdf|idp|2025|both|159|text_fallback|services.
CHAMA-DISTRICT-INTEGRATED-DEVELOPMENT-PLAN-28_02_2025.pdf|idp|2025|both|159|text_fallback|The key strategies outlined in the NHS plan of 2022 focuses on addressing the
CHAMA-DISTRICT-INTEGRATED-DEVELOPMENT-PLAN-28_02_2025.pdf|idp|2025|both|159|text_fallback|health sector challenges and accelerating progress towards attainment of the
CHAMA-DISTRICT-INTEGRATED-DEVELOPMENT-PLAN-28_02_2025.pdf|idp|2025|both|159|text_fallback|national and global health goals, aimed at ensuring equitable access to quality
CHAMA-DISTRICT-INTEGRATED-DEVELOPMENT-PLAN-28_02_2025.pdf|idp|2025|both|159|text_fallback|healthcare to all in Zambia, as close to the family as possible, while leaving No
CHAMA-DISTRICT-INTEGRATED-DEVELOPMENT-PLAN-28_02_2025.pdf|idp|2025|both|159|text_fallback|One Behind. The district focuses on the equitable deployment and distribution of
CHAMA-DISTRICT-INTEGRATED-DEVELOPMENT-PLAN-28_02_2025.pdf|idp|2025|both|159|text_fallback|129
CHAMA-DISTRICT-INTEGRATED-DEVELOPMENT-PLAN-28_02_2025.pdf|idp|2025|both|160|text_fallback|staff, provision of suitable accommodation for staff and construction of new
CHAMA-DISTRICT-INTEGRATED-DEVELOPMENT-PLAN-28_02_2025.pdf|idp|2025|both|160|text_fallback|health facilities.
CHAMA-DISTRICT-INTEGRATED-DEVELOPMENT-PLAN-28_02_2025.pdf|idp|2025|both|160|text_fallback|Assessment of the Existing State of Development
CHAMA-DISTRICT-INTEGRATED-DEVELOPMENT-PLAN-28_02_2025.pdf|idp|2025|both|160|text_fallback|Chama has one first level referral hospital and forty-three rural health facilities.
CHAMA-DISTRICT-INTEGRATED-DEVELOPMENT-PLAN-28_02_2025.pdf|idp|2025|both|160|text_fallback|These include two Zonal health centers, eighteen health centers and twenty-
CHAMA-DISTRICT-INTEGRATED-DEVELOPMENT-PLAN-28_02_2025.pdf|idp|2025|both|160|text_fallback|three health posts as shown in Map 17 below.
CHAMA-DISTRICT-INTEGRATED-DEVELOPMENT-PLAN-28_02_2025.pdf|idp|2025|both|160|text_fallback|Patients are still faced with a challenge of distances to access medical services
CHAMA-DISTRICT-INTEGRATED-DEVELOPMENT-PLAN-28_02_2025.pdf|idp|2025|both|160|text_fallback|from the nearest health facility. The picture is that most of the patients cover a
CHAMA-DISTRICT-INTEGRATED-DEVELOPMENT-PLAN-28_02_2025.pdf|idp|2025|both|160|text_fallback|walking distance of more than 15 km especially those in the remote rural areas.
CHAMA-DISTRICT-INTEGRATED-DEVELOPMENT-PLAN-28_02_2025.pdf|idp|2025|both|160|text_fallback|Malaria incidence continues to rise in the district. Some of the interventions
CHAMA-DISTRICT-INTEGRATED-DEVELOPMENT-PLAN-28_02_2025.pdf|idp|2025|both|160|text_fallback|include Indoor Residual Spraying (IRS), routine distribution of ITNs, case
CHAMA-DISTRICT-INTEGRATED-DEVELOPMENT-PLAN-28_02_2025.pdf|idp|2025|both|160|text_fallback|management and health promotion to eliminate malaria in the district. The target
CHAMA-DISTRICT-INTEGRATED-DEVELOPMENT-PLAN-28_02_2025.pdf|idp|2025|both|160|text_fallback|still remains to reduce the incidence of malaria from 571/1,000 to 271/1,000 by the
CHAMA-DISTRICT-INTEGRATED-DEVELOPMENT-PLAN-28_02_2025.pdf|idp|2025|both|160|text_fallback|year 2026. Diarrhea incidence in under five increased from 165.5/1000 in 2020 to
CHAMA-DISTRICT-INTEGRATED-DEVELOPMENT-PLAN-28_02_2025.pdf|idp|2025|both|160|text_fallback|187/1000 in 2023 (Chama District Health Office, 2023). Coverage on Cesarean
CHAMA-DISTRICT-INTEGRATED-DEVELOPMENT-PLAN-28_02_2025.pdf|idp|2025|both|160|text_fallback|section reduced from 8% in 2022 to 7% in 2023 (Chama District Health Office,
CHAMA-DISTRICT-INTEGRATED-DEVELOPMENT-PLAN-28_02_2025.pdf|idp|2025|both|160|text_fallback|2023). 3rd ANC coverage reduced to 19.7% from 21.3% in 2021 (Chama District
CHAMA-DISTRICT-INTEGRATED-DEVELOPMENT-PLAN-28_02_2025.pdf|idp|2025|both|160|text_fallback|Health Office, 2021).
CHAMA-DISTRICT-INTEGRATED-DEVELOPMENT-PLAN-28_02_2025.pdf|idp|2025|both|160|text_fallback|The sector has a total of 77 houses against a target of 129 houses of which many
CHAMA-DISTRICT-INTEGRATED-DEVELOPMENT-PLAN-28_02_2025.pdf|idp|2025|both|160|text_fallback|of these houses are in a poor condition. Hence the need for adequate
CHAMA-DISTRICT-INTEGRATED-DEVELOPMENT-PLAN-28_02_2025.pdf|idp|2025|both|160|text_fallback|accommodation in all the health facilities to offset this housing deficit.
CHAMA-DISTRICT-INTEGRATED-DEVELOPMENT-PLAN-28_02_2025.pdf|idp|2025|both|160|text_fallback|Only two facilities connected to piped water are on national electricity grid. The
CHAMA-DISTRICT-INTEGRATED-DEVELOPMENT-PLAN-28_02_2025.pdf|idp|2025|both|160|text_fallback|rest of the facilities are dependent on solar power which needs urgent
CHAMA-DISTRICT-INTEGRATED-DEVELOPMENT-PLAN-28_02_2025.pdf|idp|2025|both|160|text_fallback|maintenance.
CHAMA-DISTRICT-INTEGRATED-DEVELOPMENT-PLAN-28_02_2025.pdf|idp|2025|both|160|text_fallback|130
CHAMA-DISTRICT-INTEGRATED-DEVELOPMENT-PLAN-28_02_2025.pdf|idp|2025|both|161|text_fallback|Transport still remains a challenge in the district with high maintenance costs due
CHAMA-DISTRICT-INTEGRATED-DEVELOPMENT-PLAN-28_02_2025.pdf|idp|2025|both|161|text_fallback|to bad terrain. Only 28 health facilities have running motorbikes. There is need to
CHAMA-DISTRICT-INTEGRATED-DEVELOPMENT-PLAN-28_02_2025.pdf|idp|2025|both|161|text_fallback|urgently address transport challenges for easy referral and service delivery.
CHAMA-DISTRICT-INTEGRATED-DEVELOPMENT-PLAN-28_02_2025.pdf|idp|2025|both|161|text_fallback|131
CHAMA-DISTRICT-INTEGRATED-DEVELOPMENT-PLAN-28_02_2025.pdf|idp|2025|both|162|text_fallback|Map 17: Chama district health facilities
CHAMA-DISTRICT-INTEGRATED-DEVELOPMENT-PLAN-28_02_2025.pdf|idp|2025|both|162|text_fallback|Source: Chama Town Council (2024)
CHAMA-DISTRICT-INTEGRATED-DEVELOPMENT-PLAN-28_02_2025.pdf|idp|2025|both|162|text_fallback|132
CHAMA-DISTRICT-INTEGRATED-DEVELOPMENT-PLAN-28_02_2025.pdf|idp|2025|both|163|table|"Category of Staff |  | Establishment |  |  |  |  |  |  |  |  | Existing |  |  |  |  |  |  | "
CHAMA-DISTRICT-INTEGRATED-DEVELOPMENT-PLAN-28_02_2025.pdf|idp|2025|both|163|table|" |  | DHO |  |  | Hosp. |  |  | H/Cs |  |  | DHO |  |  | Hosp. |  |  | H/Cs | "
CHAMA-DISTRICT-INTEGRATED-DEVELOPMENT-PLAN-28_02_2025.pdf|idp|2025|both|163|table|"Medical Doctors | 1 |  |  | 11 |  |  | 0 |  |  | 1 |  |  | 2 |  |  | 0 |  | "
CHAMA-DISTRICT-INTEGRATED-DEVELOPMENT-PLAN-28_02_2025.pdf|idp|2025|both|163|table|"Nursing Staff | 2 |  |  | 71 |  |  | 190 |  |  | 5 |  |  | 76 |  |  | 76 |  | "
CHAMA-DISTRICT-INTEGRATED-DEVELOPMENT-PLAN-28_02_2025.pdf|idp|2025|both|163|table|"Clinical Officers | 2 |  |  | 15 |  |  | 38 |  |  | 1 |  |  | 13 |  |  | 25 |  | "
CHAMA-DISTRICT-INTEGRATED-DEVELOPMENT-PLAN-28_02_2025.pdf|idp|2025|both|163|table|"Medical
Licentiates | 0 |  |  | 2 |  |  | 0 |  |  | 0 |  |  | 1 |  |  | 0 |  | "
CHAMA-DISTRICT-INTEGRATED-DEVELOPMENT-PLAN-28_02_2025.pdf|idp|2025|both|163|table|"Environmental
Staff | 2 |  |  | 3 |  |  | 38 |  |  | 3 |  |  | 2 |  |  | 11 |  | "
CHAMA-DISTRICT-INTEGRATED-DEVELOPMENT-PLAN-28_02_2025.pdf|idp|2025|both|163|table|"Paramedical Staff | 2 |  |  | 28 |  |  | 0 |  |  | 2 |  |  | 28 |  |  | 34 |  | "
CHAMA-DISTRICT-INTEGRATED-DEVELOPMENT-PLAN-28_02_2025.pdf|idp|2025|both|163|table|"Non-medical
professional staff | 11 |  |  | 30 |  |  | 38 |  |  | 4 |  |  | 4 |  |  | 0 |  | "
CHAMA-DISTRICT-INTEGRATED-DEVELOPMENT-PLAN-28_02_2025.pdf|idp|2025|both|163|table|"Other | 9 |  |  | 63 |  |  | 152 |  |  | 8 |  |  | 37 |  |  | 66 |  | "
CHAMA-DISTRICT-INTEGRATED-DEVELOPMENT-PLAN-28_02_2025.pdf|idp|2025|both|163|table|"Total | 29 |  |  | 223 |  |  | 456 |  |  | 25 |  |  | 162 |  |  | 212 |  | "
CHAMA-DISTRICT-INTEGRATED-DEVELOPMENT-PLAN-28_02_2025.pdf|idp|2025|both|164|text_fallback|Issues from Public Participation Process
CHAMA-DISTRICT-INTEGRATED-DEVELOPMENT-PLAN-28_02_2025.pdf|idp|2025|both|164|text_fallback|Chama District faces challenges in accessing healthcare services due to long
CHAMA-DISTRICT-INTEGRATED-DEVELOPMENT-PLAN-28_02_2025.pdf|idp|2025|both|164|text_fallback|distances to health facilities, with some communities located 10-30km away. To
CHAMA-DISTRICT-INTEGRATED-DEVELOPMENT-PLAN-28_02_2025.pdf|idp|2025|both|164|text_fallback|address this, there is a need to construct more health facilities, particularly in
CHAMA-DISTRICT-INTEGRATED-DEVELOPMENT-PLAN-28_02_2025.pdf|idp|2025|both|164|text_fallback|disadvantaged communities. Additionally, staff houses, water, and sanitation
CHAMA-DISTRICT-INTEGRATED-DEVELOPMENT-PLAN-28_02_2025.pdf|idp|2025|both|164|text_fallback|facilities are required to meet minimum staffing standards for quality healthcare.
CHAMA-DISTRICT-INTEGRATED-DEVELOPMENT-PLAN-28_02_2025.pdf|idp|2025|both|164|text_fallback|Identifying areas for new health facilities can help increase access to healthcare
CHAMA-DISTRICT-INTEGRATED-DEVELOPMENT-PLAN-28_02_2025.pdf|idp|2025|both|164|text_fallback|services within a 5km radius. Table 22 highlights identified communities that need
CHAMA-DISTRICT-INTEGRATED-DEVELOPMENT-PLAN-28_02_2025.pdf|idp|2025|both|164|text_fallback|health facilities. Stakeholders expressed concern on the need to ensure that all
CHAMA-DISTRICT-INTEGRATED-DEVELOPMENT-PLAN-28_02_2025.pdf|idp|2025|both|164|text_fallback|the health facilities were well-stocked in terms of drugs. Additionally, a number of
CHAMA-DISTRICT-INTEGRATED-DEVELOPMENT-PLAN-28_02_2025.pdf|idp|2025|both|164|text_fallback|roads leading to most health facilities are in a poor state, a situation that has led
CHAMA-DISTRICT-INTEGRATED-DEVELOPMENT-PLAN-28_02_2025.pdf|idp|2025|both|164|text_fallback|to delayed referral to first level facilities. The general public expressed concern on
CHAMA-DISTRICT-INTEGRATED-DEVELOPMENT-PLAN-28_02_2025.pdf|idp|2025|both|164|text_fallback|the incomplete children’s ward at the district hospital. Implying that they will be
CHAMA-DISTRICT-INTEGRATED-DEVELOPMENT-PLAN-28_02_2025.pdf|idp|2025|both|164|text_fallback|need to modernise the district hospital and construct three min hospitals in
CHAMA-DISTRICT-INTEGRATED-DEVELOPMENT-PLAN-28_02_2025.pdf|idp|2025|both|164|text_fallback|Chikwa, Lundu and Chibale.
CHAMA-DISTRICT-INTEGRATED-DEVELOPMENT-PLAN-28_02_2025.pdf|idp|2025|both|164|text_fallback|134
CHAMA-DISTRICT-INTEGRATED-DEVELOPMENT-PLAN-28_02_2025.pdf|idp|2025|both|165|table|"Facility Name | Facility Type/ Level | Location | Constituency | Ward | Health Facilities
Needed"
CHAMA-DISTRICT-INTEGRATED-DEVELOPMENT-PLAN-28_02_2025.pdf|idp|2025|both|165|table|"Chama District Hospital HAHC | Health Centre | Rural | Chama North | Kamphemb
a | Chizimba west
and FTC"
CHAMA-DISTRICT-INTEGRATED-DEVELOPMENT-PLAN-28_02_2025.pdf|idp|2025|both|165|table|"Chibale Rural Health Center | Health Centre | Rural | Chama North | Nkhankha | Kalimbila and
Fukatila"
CHAMA-DISTRICT-INTEGRATED-DEVELOPMENT-PLAN-28_02_2025.pdf|idp|2025|both|165|table|"Chifunda Rural Health Center | Health Centre | Rural | Chama South | Chilenje | Kanyolonyolo"
CHAMA-DISTRICT-INTEGRATED-DEVELOPMENT-PLAN-28_02_2025.pdf|idp|2025|both|165|table|"Chigoma Rural Health Center | Health Centre | Rural | Chama South | Vilimukulu | Kakhomba"
CHAMA-DISTRICT-INTEGRATED-DEVELOPMENT-PLAN-28_02_2025.pdf|idp|2025|both|165|table|"Chikwa Rural Health Center | Health Centre | Rural | Chama South | Lunzi | Longa"
CHAMA-DISTRICT-INTEGRATED-DEVELOPMENT-PLAN-28_02_2025.pdf|idp|2025|both|165|table|"Chilubanama Rural Health | Health Centre | Rural | Chama North | Mazonde | Mugaiwa"
CHAMA-DISTRICT-INTEGRATED-DEVELOPMENT-PLAN-28_02_2025.pdf|idp|2025|both|165|table|"Chitukula Health Post | Health Post | Rural | Chama North | Chibungwe | Scheme"
CHAMA-DISTRICT-INTEGRATED-DEVELOPMENT-PLAN-28_02_2025.pdf|idp|2025|both|165|table|"Kalovya Health Post | Health Post | Rural | Chama South | Chilubaba | Kajimomo"
CHAMA-DISTRICT-INTEGRATED-DEVELOPMENT-PLAN-28_02_2025.pdf|idp|2025|both|165|table|"Kambombo Rural Health Center | Health Centre | Rural | Chama North | Kalinkhu | Samamba and
mphundu"
CHAMA-DISTRICT-INTEGRATED-DEVELOPMENT-PLAN-28_02_2025.pdf|idp|2025|both|165|table|"Kanyelele Rural Health Center | Health Post | Rural | Chama North | Mbazi | Nchuka and
munyeta"
CHAMA-DISTRICT-INTEGRATED-DEVELOPMENT-PLAN-28_02_2025.pdf|idp|2025|both|165|table|"Kapichila Senga Rural Health | Health Centre | Rural | Chama South | Lumezi | Chimeto"
CHAMA-DISTRICT-INTEGRATED-DEVELOPMENT-PLAN-28_02_2025.pdf|idp|2025|both|165|table|"Kapilingizya Health Post | Health Post | Rural | Chama North | Kalinkhu | Bungala"
CHAMA-DISTRICT-INTEGRATED-DEVELOPMENT-PLAN-28_02_2025.pdf|idp|2025|both|165|table|"Kasela Health Post | Health Post | Rural | Chama South | Chilenje | Kavitimbe"
CHAMA-DISTRICT-INTEGRATED-DEVELOPMENT-PLAN-28_02_2025.pdf|idp|2025|both|165|table|"Lundu Rural Health Center | Health Centre | Rural | Chama North | Muchinga | Simon"
CHAMA-DISTRICT-INTEGRATED-DEVELOPMENT-PLAN-28_02_2025.pdf|idp|2025|both|165|table|"Manga Rural Health Centre | Health Post | Rural | Chama South | Vilimukulu | Chasato"
CHAMA-DISTRICT-INTEGRATED-DEVELOPMENT-PLAN-28_02_2025.pdf|idp|2025|both|165|table|"Mapamba Rural Health Center | Health Centre | Rural | Chama South | Mapamba | Misangu"
CHAMA-DISTRICT-INTEGRATED-DEVELOPMENT-PLAN-28_02_2025.pdf|idp|2025|both|165|table|"Mulilo Rural Health Center | Health Centre | Rural | Chama North | Chisunga | Chinkhalanga"
CHAMA-DISTRICT-INTEGRATED-DEVELOPMENT-PLAN-28_02_2025.pdf|idp|2025|both|166|table|"Nthonkho Rural Health Center | Health Centre | Rural | Chama North | Kalinkhu | Sikalinga"
CHAMA-DISTRICT-INTEGRATED-DEVELOPMENT-PLAN-28_02_2025.pdf|idp|2025|both|166|table|"Sitwe Rural Health Center | Health Centre | Rural | Chama North | Ndunda | Lupilo"
CHAMA-DISTRICT-INTEGRATED-DEVELOPMENT-PLAN-28_02_2025.pdf|idp|2025|both|166|table|"Dungulungu Health Post | Health Post | Rural | Chama North | Mphalausen
ga | Kaozi and
chazoba"
CHAMA-DISTRICT-INTEGRATED-DEVELOPMENT-PLAN-28_02_2025.pdf|idp|2025|both|166|table|"Kabanjila Health Post | Health Post | Rural | Chama North | Nkhankha | Muchinga"
CHAMA-DISTRICT-INTEGRATED-DEVELOPMENT-PLAN-28_02_2025.pdf|idp|2025|both|166|table|"Kambowe Health post | Health Post | Rural | Chama North | Luangwa | Kankhomba"
CHAMA-DISTRICT-INTEGRATED-DEVELOPMENT-PLAN-28_02_2025.pdf|idp|2025|both|166|table|"Manthepa Health Post | Health Post | Rural | Chama North | Manthepa | Makhondo"
CHAMA-DISTRICT-INTEGRATED-DEVELOPMENT-PLAN-28_02_2025.pdf|idp|2025|both|166|table|"Mundalanga Health Post | Health Post | Rural | Chama south | Bazimu | Mundalanga East"
CHAMA-DISTRICT-INTEGRATED-DEVELOPMENT-PLAN-28_02_2025.pdf|idp|2025|both|167|table|"S/N | Proposed intervention | Activity"
CHAMA-DISTRICT-INTEGRATED-DEVELOPMENT-PLAN-28_02_2025.pdf|idp|2025|both|167|table|"1 | Health Infrastructure
equipment and
transport development | Construction of maternity annex in 38 health
facilities."
CHAMA-DISTRICT-INTEGRATED-DEVELOPMENT-PLAN-28_02_2025.pdf|idp|2025|both|167|table|" |  | Completion of Children’s ward at the District
Hospital."
CHAMA-DISTRICT-INTEGRATED-DEVELOPMENT-PLAN-28_02_2025.pdf|idp|2025|both|167|table|" |  | Construction of 55 staff houses in 40 facilities."
CHAMA-DISTRICT-INTEGRATED-DEVELOPMENT-PLAN-28_02_2025.pdf|idp|2025|both|167|table|" |  | Construction of incinerators and placenta pits
in 23 facilities."
CHAMA-DISTRICT-INTEGRATED-DEVELOPMENT-PLAN-28_02_2025.pdf|idp|2025|both|167|table|" |  | Connecting of 41 Health Facilities to piped
water."
CHAMA-DISTRICT-INTEGRATED-DEVELOPMENT-PLAN-28_02_2025.pdf|idp|2025|both|168|table|" |  | Proposed construction of seven (7) Health posts
and Two (3) mini hospitals in the following
proposed sites.
1. Nkhaka ward (Chibale)- Mini Hospital
2. Lunzi ward (Chikwa) - Mini Hospital
3. Muchinga ward (Lundu)- Min Hospital
4. Mbazi Ward (Chavunikila, Mwanda) -
Health posts.
5. Vilimukulu ward (Chasato) - Health post
6. Kaozi ward (Kaozi farm scheme) Health
Post
7. Muchinga ward (Mwakana) - Health Post
8. Chisunga ward (Mukumbo) - Health Post
9. Mphalausenga ward (Mwendakuzulu) -
Health Post
10. Chibungwe Ward (Kamphata) - Health
Post"
CHAMA-DISTRICT-INTEGRATED-DEVELOPMENT-PLAN-28_02_2025.pdf|idp|2025|both|168|table|" |  | Procurement of Ambulances and servicing the
existing ones
Procurement of Motorbikes for 44 health
facilities"
CHAMA-DISTRICT-INTEGRATED-DEVELOPMENT-PLAN-28_02_2025.pdf|idp|2025|both|168|table|" |  | Connect 34 health facility with off grid power
supply"
CHAMA-DISTRICT-INTEGRATED-DEVELOPMENT-PLAN-28_02_2025.pdf|idp|2025|both|169|text_fallback|Map 18: Chama district proposed health facilities.
CHAMA-DISTRICT-INTEGRATED-DEVELOPMENT-PLAN-28_02_2025.pdf|idp|2025|both|169|text_fallback|Source: Chama Town Council (2024)
CHAMA-DISTRICT-INTEGRATED-DEVELOPMENT-PLAN-28_02_2025.pdf|idp|2025|both|169|text_fallback|139
CHAMA-DISTRICT-INTEGRATED-DEVELOPMENT-PLAN-28_02_2025.pdf|idp|2025|both|170|text_fallback|Impact of Ongoing and Committed Development Programmes on Land Use and
CHAMA-DISTRICT-INTEGRATED-DEVELOPMENT-PLAN-28_02_2025.pdf|idp|2025|both|170|text_fallback|Population Distribution Patterns
CHAMA-DISTRICT-INTEGRATED-DEVELOPMENT-PLAN-28_02_2025.pdf|idp|2025|both|170|text_fallback|The current constructions which are ongoing in the district such as the Tembwe
CHAMA-DISTRICT-INTEGRATED-DEVELOPMENT-PLAN-28_02_2025.pdf|idp|2025|both|170|text_fallback|mini hospital will reduce the work overload for district hospital as some minor cases
CHAMA-DISTRICT-INTEGRATED-DEVELOPMENT-PLAN-28_02_2025.pdf|idp|2025|both|170|text_fallback|from Chama south will be attended to at the min hospital. And the distance which
CHAMA-DISTRICT-INTEGRATED-DEVELOPMENT-PLAN-28_02_2025.pdf|idp|2025|both|170|text_fallback|people travel to access health services will be reduced. This will further spur
CHAMA-DISTRICT-INTEGRATED-DEVELOPMENT-PLAN-28_02_2025.pdf|idp|2025|both|170|text_fallback|settlement development around the new mini hospital.
CHAMA-DISTRICT-INTEGRATED-DEVELOPMENT-PLAN-28_02_2025.pdf|idp|2025|both|170|text_fallback|Impact of Environment and Climate Change
CHAMA-DISTRICT-INTEGRATED-DEVELOPMENT-PLAN-28_02_2025.pdf|idp|2025|both|170|text_fallback|Climate change -related weather events strain healthcare staff, disrupt physical
CHAMA-DISTRICT-INTEGRATED-DEVELOPMENT-PLAN-28_02_2025.pdf|idp|2025|both|170|text_fallback|infrastructures; interrupt supply chains making it difficult to treat patients and
CHAMA-DISTRICT-INTEGRATED-DEVELOPMENT-PLAN-28_02_2025.pdf|idp|2025|both|170|text_fallback|threatening healthcare quality and safety.
CHAMA-DISTRICT-INTEGRATED-DEVELOPMENT-PLAN-28_02_2025.pdf|idp|2025|both|170|text_fallback|The establishment of health facilities in Chama District is a commendable
CHAMA-DISTRICT-INTEGRATED-DEVELOPMENT-PLAN-28_02_2025.pdf|idp|2025|both|170|text_fallback|initiative; however, the incinerators installed at these facilities pose a significant
CHAMA-DISTRICT-INTEGRATED-DEVELOPMENT-PLAN-28_02_2025.pdf|idp|2025|both|170|text_fallback|environmental concern. The emission of greenhouse gases from these incinerators
CHAMA-DISTRICT-INTEGRATED-DEVELOPMENT-PLAN-28_02_2025.pdf|idp|2025|both|170|text_fallback|contributes to climate change, which is anticipated to exacerbate the morbidity
CHAMA-DISTRICT-INTEGRATED-DEVELOPMENT-PLAN-28_02_2025.pdf|idp|2025|both|170|text_fallback|and mortality rates associated with climate-sensitive diseases.
CHAMA-DISTRICT-INTEGRATED-DEVELOPMENT-PLAN-28_02_2025.pdf|idp|2025|both|170|text_fallback|Malaria, being the most prevalent disease in Chama District, necessitates
CHAMA-DISTRICT-INTEGRATED-DEVELOPMENT-PLAN-28_02_2025.pdf|idp|2025|both|170|text_fallback|continuous monitoring due to the district's propensity for flash floods. The perennial
CHAMA-DISTRICT-INTEGRATED-DEVELOPMENT-PLAN-28_02_2025.pdf|idp|2025|both|170|text_fallback|flooding creates stagnant water pools, providing ideal breeding environments for
CHAMA-DISTRICT-INTEGRATED-DEVELOPMENT-PLAN-28_02_2025.pdf|idp|2025|both|170|text_fallback|mosquitoes that transmit malaria. Consequently, it is essential to prioritize
CHAMA-DISTRICT-INTEGRATED-DEVELOPMENT-PLAN-28_02_2025.pdf|idp|2025|both|170|text_fallback|measures that mitigate the environmental impact of health facilities while
CHAMA-DISTRICT-INTEGRATED-DEVELOPMENT-PLAN-28_02_2025.pdf|idp|2025|both|170|text_fallback|ensuring the district's preparedness to address the challenges posed
CHAMA-DISTRICT-INTEGRATED-DEVELOPMENT-PLAN-28_02_2025.pdf|idp|2025|both|170|text_fallback|by climate change.
CHAMA-DISTRICT-INTEGRATED-DEVELOPMENT-PLAN-28_02_2025.pdf|idp|2025|both|170|text_fallback|140
CHAMA-DISTRICT-INTEGRATED-DEVELOPMENT-PLAN-28_02_2025.pdf|idp|2025|both|171|text_fallback|Issues Arising Relating to Gender Groups and Vulnerable Groups
CHAMA-DISTRICT-INTEGRATED-DEVELOPMENT-PLAN-28_02_2025.pdf|idp|2025|both|171|text_fallback|Chama District's healthcare system faces numerous challenges, including
CHAMA-DISTRICT-INTEGRATED-DEVELOPMENT-PLAN-28_02_2025.pdf|idp|2025|both|171|text_fallback|inadequate infrastructure and services, which disproportionately affect
CHAMA-DISTRICT-INTEGRATED-DEVELOPMENT-PLAN-28_02_2025.pdf|idp|2025|both|171|text_fallback|vulnerable populations such as women, girls, and differently abled persons.
CHAMA-DISTRICT-INTEGRATED-DEVELOPMENT-PLAN-28_02_2025.pdf|idp|2025|both|171|text_fallback|Pregnant women, in particular, face significant obstacles in accessing antenatal
CHAMA-DISTRICT-INTEGRATED-DEVELOPMENT-PLAN-28_02_2025.pdf|idp|2025|both|171|text_fallback|services, often having to travel long distances. Furthermore, there is a pressing
CHAMA-DISTRICT-INTEGRATED-DEVELOPMENT-PLAN-28_02_2025.pdf|idp|2025|both|171|text_fallback|need to raise awareness about critical health issues, including cervical and
CHAMA-DISTRICT-INTEGRATED-DEVELOPMENT-PLAN-28_02_2025.pdf|idp|2025|both|171|text_fallback|prostate cancer. The district also grapples with high rates of HIV/AIDS,
CHAMA-DISTRICT-INTEGRATED-DEVELOPMENT-PLAN-28_02_2025.pdf|idp|2025|both|171|text_fallback|underscoring the importance of targeted interventions such as voluntary medical
CHAMA-DISTRICT-INTEGRATED-DEVELOPMENT-PLAN-28_02_2025.pdf|idp|2025|both|171|text_fallback|male circumcision (VMMC) to prevent new infections. Additionally, the
CHAMA-DISTRICT-INTEGRATED-DEVELOPMENT-PLAN-28_02_2025.pdf|idp|2025|both|171|text_fallback|establishment of a One Stop Gender-Based Violence (GBV) Centre is crucial, as
CHAMA-DISTRICT-INTEGRATED-DEVELOPMENT-PLAN-28_02_2025.pdf|idp|2025|both|171|text_fallback|it will provide a safe and supportive environment for survivors of GBV, while also
CHAMA-DISTRICT-INTEGRATED-DEVELOPMENT-PLAN-28_02_2025.pdf|idp|2025|both|171|text_fallback|serving as a hub for awareness-raising and prevention efforts to address this
CHAMA-DISTRICT-INTEGRATED-DEVELOPMENT-PLAN-28_02_2025.pdf|idp|2025|both|171|text_fallback|pervasive issue.
CHAMA-DISTRICT-INTEGRATED-DEVELOPMENT-PLAN-28_02_2025.pdf|idp|2025|both|171|text_fallback|External Factors Contributing to The Issue
CHAMA-DISTRICT-INTEGRATED-DEVELOPMENT-PLAN-28_02_2025.pdf|idp|2025|both|171|text_fallback|✓ Recruiting of health workers
CHAMA-DISTRICT-INTEGRATED-DEVELOPMENT-PLAN-28_02_2025.pdf|idp|2025|both|171|text_fallback|✓ Construction of hospitals lies with the central government
CHAMA-DISTRICT-INTEGRATED-DEVELOPMENT-PLAN-28_02_2025.pdf|idp|2025|both|171|text_fallback|✓ Procurement of required quantities of medical supplies
CHAMA-DISTRICT-INTEGRATED-DEVELOPMENT-PLAN-28_02_2025.pdf|idp|2025|both|171|text_fallback|Summary of Core Issues
CHAMA-DISTRICT-INTEGRATED-DEVELOPMENT-PLAN-28_02_2025.pdf|idp|2025|both|171|text_fallback|✓ Inadequate health facilities
CHAMA-DISTRICT-INTEGRATED-DEVELOPMENT-PLAN-28_02_2025.pdf|idp|2025|both|171|text_fallback|✓ Inadequate health staff
CHAMA-DISTRICT-INTEGRATED-DEVELOPMENT-PLAN-28_02_2025.pdf|idp|2025|both|171|text_fallback|✓ Low supplies of essential medicine
CHAMA-DISTRICT-INTEGRATED-DEVELOPMENT-PLAN-28_02_2025.pdf|idp|2025|both|171|text_fallback|✓ Inadequate supplies of facility equipment’s
CHAMA-DISTRICT-INTEGRATED-DEVELOPMENT-PLAN-28_02_2025.pdf|idp|2025|both|171|text_fallback|✓ Inaccessible health facilities
CHAMA-DISTRICT-INTEGRATED-DEVELOPMENT-PLAN-28_02_2025.pdf|idp|2025|both|171|text_fallback|141
CHAMA-DISTRICT-INTEGRATED-DEVELOPMENT-PLAN-28_02_2025.pdf|idp|2025|both|172|text_fallback|EDUCATION SECTOR
CHAMA-DISTRICT-INTEGRATED-DEVELOPMENT-PLAN-28_02_2025.pdf|idp|2025|both|172|text_fallback|The district's education sector aims to provide quality and inclusive education,
CHAMA-DISTRICT-INTEGRATED-DEVELOPMENT-PLAN-28_02_2025.pdf|idp|2025|both|172|text_fallback|aligned with the ministry's mandate, to meet the demands of a rapidly changing
CHAMA-DISTRICT-INTEGRATED-DEVELOPMENT-PLAN-28_02_2025.pdf|idp|2025|both|172|text_fallback|economy and technological landscape. The sector will review existing plans and
CHAMA-DISTRICT-INTEGRATED-DEVELOPMENT-PLAN-28_02_2025.pdf|idp|2025|both|172|text_fallback|strategies, identify key challenges, and address core issues affecting
CHAMA-DISTRICT-INTEGRATED-DEVELOPMENT-PLAN-28_02_2025.pdf|idp|2025|both|172|text_fallback|its development.
CHAMA-DISTRICT-INTEGRATED-DEVELOPMENT-PLAN-28_02_2025.pdf|idp|2025|both|172|text_fallback|Key Government Priorities to Be Implemented at A Local Level
CHAMA-DISTRICT-INTEGRATED-DEVELOPMENT-PLAN-28_02_2025.pdf|idp|2025|both|172|text_fallback|The Eighth National Development Plan (8NDP) prioritizes the education sector,
CHAMA-DISTRICT-INTEGRATED-DEVELOPMENT-PLAN-28_02_2025.pdf|idp|2025|both|172|text_fallback|focusing on strategies to enhance educational infrastructure, boost labor
CHAMA-DISTRICT-INTEGRATED-DEVELOPMENT-PLAN-28_02_2025.pdf|idp|2025|both|172|text_fallback|productivity, integrate ICT equipment, and foster private sector participation in
CHAMA-DISTRICT-INTEGRATED-DEVELOPMENT-PLAN-28_02_2025.pdf|idp|2025|both|172|text_fallback|education service delivery ¹. To actualize these priorities, the district plans to
CHAMA-DISTRICT-INTEGRATED-DEVELOPMENT-PLAN-28_02_2025.pdf|idp|2025|both|172|text_fallback|construct adequate infrastructure, leveraging support from the Constituency
CHAMA-DISTRICT-INTEGRATED-DEVELOPMENT-PLAN-28_02_2025.pdf|idp|2025|both|172|text_fallback|Development Fund (CDF) and cooperating partners.
CHAMA-DISTRICT-INTEGRATED-DEVELOPMENT-PLAN-28_02_2025.pdf|idp|2025|both|172|text_fallback|The National Education Policy (1996) is anchored on the Vision 2030. The policy
CHAMA-DISTRICT-INTEGRATED-DEVELOPMENT-PLAN-28_02_2025.pdf|idp|2025|both|172|text_fallback|aims to promote innovative and productive life-long education and training for
CHAMA-DISTRICT-INTEGRATED-DEVELOPMENT-PLAN-28_02_2025.pdf|idp|2025|both|172|text_fallback|all by 2030 and also become a regional centre of excellence in education. With
CHAMA-DISTRICT-INTEGRATED-DEVELOPMENT-PLAN-28_02_2025.pdf|idp|2025|both|172|text_fallback|a view of attaining this policy, the district has been promoting programmes such
CHAMA-DISTRICT-INTEGRATED-DEVELOPMENT-PLAN-28_02_2025.pdf|idp|2025|both|172|text_fallback|as infrastructure development for ECE, Primary and Secondary and lobbing
CHAMA-DISTRICT-INTEGRATED-DEVELOPMENT-PLAN-28_02_2025.pdf|idp|2025|both|172|text_fallback|deployment of more teachers for all levels.
CHAMA-DISTRICT-INTEGRATED-DEVELOPMENT-PLAN-28_02_2025.pdf|idp|2025|both|172|text_fallback|The Re-entry policy mandates schools to allow girls back into the school system
CHAMA-DISTRICT-INTEGRATED-DEVELOPMENT-PLAN-28_02_2025.pdf|idp|2025|both|172|text_fallback|who previously left due to pregnancy.
CHAMA-DISTRICT-INTEGRATED-DEVELOPMENT-PLAN-28_02_2025.pdf|idp|2025|both|172|text_fallback|Assessment of the Existing State of Development
CHAMA-DISTRICT-INTEGRATED-DEVELOPMENT-PLAN-28_02_2025.pdf|idp|2025|both|172|text_fallback|The government takes the lead in providing education in the district, with the
CHAMA-DISTRICT-INTEGRATED-DEVELOPMENT-PLAN-28_02_2025.pdf|idp|2025|both|172|text_fallback|provincial and district education offices offering services at primary, secondary,
CHAMA-DISTRICT-INTEGRATED-DEVELOPMENT-PLAN-28_02_2025.pdf|idp|2025|both|172|text_fallback|142
CHAMA-DISTRICT-INTEGRATED-DEVELOPMENT-PLAN-28_02_2025.pdf|idp|2025|both|173|table|"S/N | CATEGORY | NUMBER OF
INSTITUTIONS |  | ENROLMENT BY |  |  |  |  | TOTAL"
CHAMA-DISTRICT-INTEGRATED-DEVELOPMENT-PLAN-28_02_2025.pdf|idp|2025|both|173|table|" |  |  |  | GENDER |  |  |  |  | "
CHAMA-DISTRICT-INTEGRATED-DEVELOPMENT-PLAN-28_02_2025.pdf|idp|2025|both|173|table|" |  |  |  | BOYS |  |  | GIRLS |  | "
CHAMA-DISTRICT-INTEGRATED-DEVELOPMENT-PLAN-28_02_2025.pdf|idp|2025|both|173|table|"1 | ECE (ANNEXED) | 76 | 1752 |  |  | 1968 |  |  | 3720"
CHAMA-DISTRICT-INTEGRATED-DEVELOPMENT-PLAN-28_02_2025.pdf|idp|2025|both|173|table|"2 | PRIMARY (COMMUNITY) | 69 | 5259 |  |  | 5228 |  |  | 10487"
CHAMA-DISTRICT-INTEGRATED-DEVELOPMENT-PLAN-28_02_2025.pdf|idp|2025|both|173|table|"3 | PRIMARY (GRZ) | 80 | 15606 |  |  | 14843 |  |  | 30449"
CHAMA-DISTRICT-INTEGRATED-DEVELOPMENT-PLAN-28_02_2025.pdf|idp|2025|both|173|table|"4 | SECONDARY (GRZ) | 12 | 3769 |  |  | 2411 |  |  | 6180"
CHAMA-DISTRICT-INTEGRATED-DEVELOPMENT-PLAN-28_02_2025.pdf|idp|2025|both|173|table|NUMBER OF
CHAMA-DISTRICT-INTEGRATED-DEVELOPMENT-PLAN-28_02_2025.pdf|idp|2025|both|173|table|INSTITUTIONS
CHAMA-DISTRICT-INTEGRATED-DEVELOPMENT-PLAN-28_02_2025.pdf|idp|2025|both|174|table|"6 | SEN (ANNEXED) | 1 | 17 | 16 | 33"
CHAMA-DISTRICT-INTEGRATED-DEVELOPMENT-PLAN-28_02_2025.pdf|idp|2025|both|174|table|"TOTALS |  |  | 26597 | 24694 | 51291"
CHAMA-DISTRICT-INTEGRATED-DEVELOPMENT-PLAN-28_02_2025.pdf|idp|2025|both|175|text_fallback|Map 19: Education Facilities in Chama
CHAMA-DISTRICT-INTEGRATED-DEVELOPMENT-PLAN-28_02_2025.pdf|idp|2025|both|175|text_fallback|Source: Chama Debs (2024)
CHAMA-DISTRICT-INTEGRATED-DEVELOPMENT-PLAN-28_02_2025.pdf|idp|2025|both|175|text_fallback|145
CHAMA-DISTRICT-INTEGRATED-DEVELOPMENT-PLAN-28_02_2025.pdf|idp|2025|both|176|table|"ECE CENTRES |  |  |  |  |  |  |  |  | PRIMARY-GRZ |  |  |  |  |  |  |  |  |  | PRIMARY |  |  |  |  |  |  |  | SECONDARY |  |  |  |  |  |  |  |  | GRAND | "
CHAMA-DISTRICT-INTEGRATED-DEVELOPMENT-PLAN-28_02_2025.pdf|idp|2025|both|176|table|" |  |  |  |  |  |  |  |  |  |  |  |  |  |  |  |  |  |  | COMMUNITY |  |  |  |  |  |  |  |  |  |  |  |  |  |  |  |  | TOTAL | "
CHAMA-DISTRICT-INTEGRATED-DEVELOPMENT-PLAN-28_02_2025.pdf|idp|2025|both|176|table|" | Male |  |  | Female |  |  | Total |  |  | Male |  |  | Female |  |  | Total |  |  | Male |  |  | Female |  |  | Total |  |  | Male |  |  | Female |  |  | Total |  |  | "
CHAMA-DISTRICT-INTEGRATED-DEVELOPMENT-PLAN-28_02_2025.pdf|idp|2025|both|176|table|"14 |  |  | 30 |  |  | 44 |  |  | 353 |  |  | 171 |  |  | 524 |  |  | 66 |  |  | 26 |  |  | 92 |  |  | 225 |  |  | 99 |  |  | 324 |  |  | 984 | "
CHAMA-DISTRICT-INTEGRATED-DEVELOPMENT-PLAN-28_02_2025.pdf|idp|2025|both|176|table|"S//N | CRITERIA | STANDARD |  | CURRENT STATUS"
CHAMA-DISTRICT-INTEGRATED-DEVELOPMENT-PLAN-28_02_2025.pdf|idp|2025|both|176|table|" |  |  |  | (on average)"
CHAMA-DISTRICT-INTEGRATED-DEVELOPMENT-PLAN-28_02_2025.pdf|idp|2025|both|177|table|"2 | Teacher / Pupil Ratio | 1:40 | 1:52"
CHAMA-DISTRICT-INTEGRATED-DEVELOPMENT-PLAN-28_02_2025.pdf|idp|2025|both|177|table|"3 | Classroom -Pupil Ratio |  | "
CHAMA-DISTRICT-INTEGRATED-DEVELOPMENT-PLAN-28_02_2025.pdf|idp|2025|both|177|table|" | -ECE | 1:25 | 1:85"
CHAMA-DISTRICT-INTEGRATED-DEVELOPMENT-PLAN-28_02_2025.pdf|idp|2025|both|177|table|" | -Primary | 1:40 | 1:67"
CHAMA-DISTRICT-INTEGRATED-DEVELOPMENT-PLAN-28_02_2025.pdf|idp|2025|both|177|table|" | -Secondary | 1:35 | 1:25"
CHAMA-DISTRICT-INTEGRATED-DEVELOPMENT-PLAN-28_02_2025.pdf|idp|2025|both|177|table|"4 | Desk -to -Pupil Ratio | 1:2 | 1:8"
CHAMA-DISTRICT-INTEGRATED-DEVELOPMENT-PLAN-28_02_2025.pdf|idp|2025|both|177|table|"5 | Book -Pupil ratio | 1:1 | 1:5"
CHAMA-DISTRICT-INTEGRATED-DEVELOPMENT-PLAN-28_02_2025.pdf|idp|2025|both|177|table|" | ECE |  | "
CHAMA-DISTRICT-INTEGRATED-DEVELOPMENT-PLAN-28_02_2025.pdf|idp|2025|both|177|table|" | PRIMARY | 1:1 | 1:15"
CHAMA-DISTRICT-INTEGRATED-DEVELOPMENT-PLAN-28_02_2025.pdf|idp|2025|both|177|table|" | SECONDARY | 1:1 | 1:7"
CHAMA-DISTRICT-INTEGRATED-DEVELOPMENT-PLAN-28_02_2025.pdf|idp|2025|both|177|table|"CLASSROOMS |  |  | DESKS AVAILABLE |  | AVERAGE
PUPIL: DESK
RATIO |  | AVERAGE | "
CHAMA-DISTRICT-INTEGRATED-DEVELOPMENT-PLAN-28_02_2025.pdf|idp|2025|both|177|table|" |  |  |  |  |  |  | PUPIL: | "
CHAMA-DISTRICT-INTEGRATED-DEVELOPMENT-PLAN-28_02_2025.pdf|idp|2025|both|177|table|" |  |  |  |  |  |  | CLASSROOM | "
CHAMA-DISTRICT-INTEGRATED-DEVELOPMENT-PLAN-28_02_2025.pdf|idp|2025|both|177|table|" |  |  |  |  |  |  | RATIO | "
CHAMA-DISTRICT-INTEGRATED-DEVELOPMENT-PLAN-28_02_2025.pdf|idp|2025|both|177|table|"Perm | Temp | Total | Available | Shortfall |  |  |  | "
CHAMA-DISTRICT-INTEGRATED-DEVELOPMENT-PLAN-28_02_2025.pdf|idp|2025|both|177|table|"535 | 215 | 750 | 9,975 | 15,780 | 5:1 | 69:1 |  | "
CHAMA-DISTRICT-INTEGRATED-DEVELOPMENT-PLAN-28_02_2025.pdf|idp|2025|both|177|table|AVERAGE
CHAMA-DISTRICT-INTEGRATED-DEVELOPMENT-PLAN-28_02_2025.pdf|idp|2025|both|177|table|PUPIL: DESK
CHAMA-DISTRICT-INTEGRATED-DEVELOPMENT-PLAN-28_02_2025.pdf|idp|2025|both|177|table|RATIO
CHAMA-DISTRICT-INTEGRATED-DEVELOPMENT-PLAN-28_02_2025.pdf|idp|2025|both|177|table|"TOILETS AVAILABLE |  | WATER | "
CHAMA-DISTRICT-INTEGRATED-DEVELOPMENT-PLAN-28_02_2025.pdf|idp|2025|both|178|table|"Water
borne | VIP | Pit
Latrine | Total | Shortage | Piped
Water |  | Hand |  | Wells | None"
CHAMA-DISTRICT-INTEGRATED-DEVELOPMENT-PLAN-28_02_2025.pdf|idp|2025|both|178|table|" |  |  |  |  |  |  | pump |  |  | "
CHAMA-DISTRICT-INTEGRATED-DEVELOPMENT-PLAN-28_02_2025.pdf|idp|2025|both|178|table|" |  |  |  |  |  |  | Boreholes |  |  | "
CHAMA-DISTRICT-INTEGRATED-DEVELOPMENT-PLAN-28_02_2025.pdf|idp|2025|both|178|table|"84 | 1236 | 109 | 1429 | 631 | 16 | 98 |  |  | 31 | 9"
CHAMA-DISTRICT-INTEGRATED-DEVELOPMENT-PLAN-28_02_2025.pdf|idp|2025|both|178|table|Pit
CHAMA-DISTRICT-INTEGRATED-DEVELOPMENT-PLAN-28_02_2025.pdf|idp|2025|both|178|table|Latrine
CHAMA-DISTRICT-INTEGRATED-DEVELOPMENT-PLAN-28_02_2025.pdf|idp|2025|both|178|table|Piped
CHAMA-DISTRICT-INTEGRATED-DEVELOPMENT-PLAN-28_02_2025.pdf|idp|2025|both|178|table|Water
CHAMA-DISTRICT-INTEGRATED-DEVELOPMENT-PLAN-28_02_2025.pdf|idp|2025|both|178|table|" | S/N | YEAR |  |  | GRADE 7 |  |  | GRADE 9 |  |  | GRADE 12 | "
CHAMA-DISTRICT-INTEGRATED-DEVELOPMENT-PLAN-28_02_2025.pdf|idp|2025|both|178|table|"1 |  | 2021 |  | 30.60% |  |  | 50.60% |  |  | 69.30% |  | "
CHAMA-DISTRICT-INTEGRATED-DEVELOPMENT-PLAN-28_02_2025.pdf|idp|2025|both|178|table|"2 |  | 2022 |  | 30.70 |  |  | 56.10% |  |  | 54.90% |  | "
CHAMA-DISTRICT-INTEGRATED-DEVELOPMENT-PLAN-28_02_2025.pdf|idp|2025|both|178|table|"3 |  | 2023 |  | 51.30% |  |  | 42.30% |  |  | 56.60% |  | "
CHAMA-DISTRICT-INTEGRATED-DEVELOPMENT-PLAN-28_02_2025.pdf|idp|2025|both|179|table|" | 2022 |  |  |  |  |  |  |  |  |  | "
CHAMA-DISTRICT-INTEGRATED-DEVELOPMENT-PLAN-28_02_2025.pdf|idp|2025|both|179|table|" | GRADE 7 PROGRESSION RATE TO GRADE 8 |  |  |  |  |  |  |  |  |  | "
CHAMA-DISTRICT-INTEGRATED-DEVELOPMENT-PLAN-28_02_2025.pdf|idp|2025|both|179|table|" | GENDER |  |  | No. ENROLLED |  |  | No. PASSED |  |  | RATE (%) | "
CHAMA-DISTRICT-INTEGRATED-DEVELOPMENT-PLAN-28_02_2025.pdf|idp|2025|both|179|table|"BOYS |  |  | 2149 |  |  | 1027 |  |  | 25.9 |  | "
CHAMA-DISTRICT-INTEGRATED-DEVELOPMENT-PLAN-28_02_2025.pdf|idp|2025|both|179|table|"GIRLS |  |  | 1816 |  |  | 790 |  |  | 19.92 |  | "
CHAMA-DISTRICT-INTEGRATED-DEVELOPMENT-PLAN-28_02_2025.pdf|idp|2025|both|179|table|"TOTALS |  |  | 3965 |  |  | 1817 |  |  | 45.83 |  | "
CHAMA-DISTRICT-INTEGRATED-DEVELOPMENT-PLAN-28_02_2025.pdf|idp|2025|both|179|table|" | 2023 |  |  |  |  |  |  |  |  |  | "
CHAMA-DISTRICT-INTEGRATED-DEVELOPMENT-PLAN-28_02_2025.pdf|idp|2025|both|179|table|" | GENDER |  |  | No. ENROLLED |  |  | No. PASSED |  |  | RATE (%) | "
CHAMA-DISTRICT-INTEGRATED-DEVELOPMENT-PLAN-28_02_2025.pdf|idp|2025|both|179|table|"BOYS |  |  | 2247 |  |  | 1142 |  |  | 27.58 |  | "
CHAMA-DISTRICT-INTEGRATED-DEVELOPMENT-PLAN-28_02_2025.pdf|idp|2025|both|179|table|"GIRLS |  |  | 1893 |  |  | 695 |  |  | 16.79 |  | "
CHAMA-DISTRICT-INTEGRATED-DEVELOPMENT-PLAN-28_02_2025.pdf|idp|2025|both|179|table|"TOTALS |  |  | 4140 |  |  | 1837 |  |  | 44.37 |  | "
CHAMA-DISTRICT-INTEGRATED-DEVELOPMENT-PLAN-28_02_2025.pdf|idp|2025|both|179|table|"GRADE 9 PROGRESSION RATE TO GRADE 10 |  |  |  |  |  |  |  |  |  |  | "
CHAMA-DISTRICT-INTEGRATED-DEVELOPMENT-PLAN-28_02_2025.pdf|idp|2025|both|179|table|" | 2022 |  |  |  |  |  |  |  |  |  | "
CHAMA-DISTRICT-INTEGRATED-DEVELOPMENT-PLAN-28_02_2025.pdf|idp|2025|both|179|table|" | GENDER |  |  | No. ENROLLED |  |  | No. PASSED |  |  | RATE (%) | "
CHAMA-DISTRICT-INTEGRATED-DEVELOPMENT-PLAN-28_02_2025.pdf|idp|2025|both|179|table|"BOYS |  |  | 1318 |  |  | 1019 |  |  | 44 |  | "
CHAMA-DISTRICT-INTEGRATED-DEVELOPMENT-PLAN-28_02_2025.pdf|idp|2025|both|179|table|"GIRLS |  |  | 998 |  |  | 775 |  |  | 33.46 |  | "
CHAMA-DISTRICT-INTEGRATED-DEVELOPMENT-PLAN-28_02_2025.pdf|idp|2025|both|179|table|"TOTALS |  |  | 2316 |  |  | 1794 |  |  | 77.46 |  | "
CHAMA-DISTRICT-INTEGRATED-DEVELOPMENT-PLAN-28_02_2025.pdf|idp|2025|both|180|table|" | 2023 |  |  |  |  |  |  |  |  |  | "
CHAMA-DISTRICT-INTEGRATED-DEVELOPMENT-PLAN-28_02_2025.pdf|idp|2025|both|180|table|" | GENDER |  |  | No. ENROLLED |  |  | No. PASSED |  |  | RATE (%) | "
CHAMA-DISTRICT-INTEGRATED-DEVELOPMENT-PLAN-28_02_2025.pdf|idp|2025|both|180|table|"BOYS |  |  | 1234 |  |  | 839 |  |  | 39.04 |  | "
CHAMA-DISTRICT-INTEGRATED-DEVELOPMENT-PLAN-28_02_2025.pdf|idp|2025|both|180|table|"GIRLS |  |  | 915 |  |  | 454 |  |  | 21.13 |  | "
CHAMA-DISTRICT-INTEGRATED-DEVELOPMENT-PLAN-28_02_2025.pdf|idp|2025|both|180|table|"TOTALS |  |  | 2149 |  |  | 1293 |  |  | 60.17 |  | "
CHAMA-DISTRICT-INTEGRATED-DEVELOPMENT-PLAN-28_02_2025.pdf|idp|2025|both|180|table|" | 2022 |  |  |  |  |  |  |  |  |  | "
CHAMA-DISTRICT-INTEGRATED-DEVELOPMENT-PLAN-28_02_2025.pdf|idp|2025|both|180|table|"GRADE 12 COMPLETION RATE |  |  |  |  |  |  |  |  |  |  | "
CHAMA-DISTRICT-INTEGRATED-DEVELOPMENT-PLAN-28_02_2025.pdf|idp|2025|both|180|table|" | GRADE 12 COMPLETION RATE |  |  |  |  |  |  |  |  |  | "
CHAMA-DISTRICT-INTEGRATED-DEVELOPMENT-PLAN-28_02_2025.pdf|idp|2025|both|180|table|"GENDER |  |  |  | No. |  |  | No. |  |  | RATE | "
CHAMA-DISTRICT-INTEGRATED-DEVELOPMENT-PLAN-28_02_2025.pdf|idp|2025|both|180|table|" |  |  |  | ENROLLED |  |  | SAT |  |  | (%) | "
CHAMA-DISTRICT-INTEGRATED-DEVELOPMENT-PLAN-28_02_2025.pdf|idp|2025|both|180|table|"BOYS |  |  | 503 |  |  | 458 |  |  | 62.91 |  | "
CHAMA-DISTRICT-INTEGRATED-DEVELOPMENT-PLAN-28_02_2025.pdf|idp|2025|both|180|table|"GIRLS |  |  | 225 |  |  | 191 |  |  | 26.24 |  | "
CHAMA-DISTRICT-INTEGRATED-DEVELOPMENT-PLAN-28_02_2025.pdf|idp|2025|both|180|table|"TOTALS |  |  | 728 |  |  | 649 |  |  |  | 89.15 | "
CHAMA-DISTRICT-INTEGRATED-DEVELOPMENT-PLAN-28_02_2025.pdf|idp|2025|both|180|table|" | 2023 |  |  |  |  |  |  |  |  |  | "
CHAMA-DISTRICT-INTEGRATED-DEVELOPMENT-PLAN-28_02_2025.pdf|idp|2025|both|180|table|" | GRADE 12 COMPLETION |  |  |  |  |  |  |  |  |  | "
CHAMA-DISTRICT-INTEGRATED-DEVELOPMENT-PLAN-28_02_2025.pdf|idp|2025|both|180|table|" | RATE |  |  |  |  |  |  |  |  |  | "
CHAMA-DISTRICT-INTEGRATED-DEVELOPMENT-PLAN-28_02_2025.pdf|idp|2025|both|180|table|"GENDER |  |  |  | No. |  |  | No. |  |  | RATE | "
CHAMA-DISTRICT-INTEGRATED-DEVELOPMENT-PLAN-28_02_2025.pdf|idp|2025|both|180|table|" |  |  |  | ENROLLED |  |  | SAT |  |  | (%) | "
CHAMA-DISTRICT-INTEGRATED-DEVELOPMENT-PLAN-28_02_2025.pdf|idp|2025|both|180|table|"BOYS |  |  | 533 |  |  | 483 |  |  | 58.69 |  | "
CHAMA-DISTRICT-INTEGRATED-DEVELOPMENT-PLAN-28_02_2025.pdf|idp|2025|both|180|table|"GIRLS |  |  | 290 |  |  | 258 |  |  | 31.35 |  | "
CHAMA-DISTRICT-INTEGRATED-DEVELOPMENT-PLAN-28_02_2025.pdf|idp|2025|both|180|table|"TOTALS |  |  | 823 |  |  | 741 |  |  |  | 90.04 | "
CHAMA-DISTRICT-INTEGRATED-DEVELOPMENT-PLAN-28_02_2025.pdf|idp|2025|both|181|text_fallback|Other issues were raised:
CHAMA-DISTRICT-INTEGRATED-DEVELOPMENT-PLAN-28_02_2025.pdf|idp|2025|both|181|text_fallback|✓ Poor road infrastructure leading to schools,
CHAMA-DISTRICT-INTEGRATED-DEVELOPMENT-PLAN-28_02_2025.pdf|idp|2025|both|181|text_fallback|✓ Lack of standardised early childhood development centres all primary
CHAMA-DISTRICT-INTEGRATED-DEVELOPMENT-PLAN-28_02_2025.pdf|idp|2025|both|181|text_fallback|schools,
CHAMA-DISTRICT-INTEGRATED-DEVELOPMENT-PLAN-28_02_2025.pdf|idp|2025|both|181|text_fallback|✓ Lack of ECE teachers and play parks in some schools,
CHAMA-DISTRICT-INTEGRATED-DEVELOPMENT-PLAN-28_02_2025.pdf|idp|2025|both|181|text_fallback|✓ Long distances to schools,
CHAMA-DISTRICT-INTEGRATED-DEVELOPMENT-PLAN-28_02_2025.pdf|idp|2025|both|181|text_fallback|✓ Inadequate teaching staff
CHAMA-DISTRICT-INTEGRATED-DEVELOPMENT-PLAN-28_02_2025.pdf|idp|2025|both|181|text_fallback|✓ Human-wildlife conflicts which lead to more absenteeism in highly wildlife
CHAMA-DISTRICT-INTEGRATED-DEVELOPMENT-PLAN-28_02_2025.pdf|idp|2025|both|181|text_fallback|infested areas
CHAMA-DISTRICT-INTEGRATED-DEVELOPMENT-PLAN-28_02_2025.pdf|idp|2025|both|181|text_fallback|✓ Lack of adequate teaching and learning materials in some schools.
CHAMA-DISTRICT-INTEGRATED-DEVELOPMENT-PLAN-28_02_2025.pdf|idp|2025|both|181|text_fallback|Impact of Changes Anticipated Over the Next Ten Years
CHAMA-DISTRICT-INTEGRATED-DEVELOPMENT-PLAN-28_02_2025.pdf|idp|2025|both|181|text_fallback|The population is expected to increase by 2.5% each year. This will result in an
CHAMA-DISTRICT-INTEGRATED-DEVELOPMENT-PLAN-28_02_2025.pdf|idp|2025|both|181|text_fallback|increased demand for quality education services. Therefore, it will exert more
CHAMA-DISTRICT-INTEGRATED-DEVELOPMENT-PLAN-28_02_2025.pdf|idp|2025|both|181|text_fallback|pressure on the already inadequate teaching staff and learning space in all
CHAMA-DISTRICT-INTEGRATED-DEVELOPMENT-PLAN-28_02_2025.pdf|idp|2025|both|181|text_fallback|learning facilities. Therefore, construction of a Girls secondary school at Kaozi
CHAMA-DISTRICT-INTEGRATED-DEVELOPMENT-PLAN-28_02_2025.pdf|idp|2025|both|181|text_fallback|Resettlement Scheme will be paramount, a special education secondary school
CHAMA-DISTRICT-INTEGRATED-DEVELOPMENT-PLAN-28_02_2025.pdf|idp|2025|both|181|text_fallback|with boarding facilities near Chama Primary School. As such, there will be need
CHAMA-DISTRICT-INTEGRATED-DEVELOPMENT-PLAN-28_02_2025.pdf|idp|2025|both|181|text_fallback|for deployment of more specialized teaching staff.
CHAMA-DISTRICT-INTEGRATED-DEVELOPMENT-PLAN-28_02_2025.pdf|idp|2025|both|181|text_fallback|Impact of Ongoing Development Programmes on Land Use and Population
CHAMA-DISTRICT-INTEGRATED-DEVELOPMENT-PLAN-28_02_2025.pdf|idp|2025|both|181|text_fallback|Distribution Patterns
CHAMA-DISTRICT-INTEGRATED-DEVELOPMENT-PLAN-28_02_2025.pdf|idp|2025|both|181|text_fallback|It is anticipated that the on-going developmental programs will increase literacy
CHAMA-DISTRICT-INTEGRATED-DEVELOPMENT-PLAN-28_02_2025.pdf|idp|2025|both|181|text_fallback|levels among the locals and construction of more infrastructure will lead to limited
CHAMA-DISTRICT-INTEGRATED-DEVELOPMENT-PLAN-28_02_2025.pdf|idp|2025|both|181|text_fallback|land space for future constructions.
CHAMA-DISTRICT-INTEGRATED-DEVELOPMENT-PLAN-28_02_2025.pdf|idp|2025|both|181|text_fallback|151
CHAMA-DISTRICT-INTEGRATED-DEVELOPMENT-PLAN-28_02_2025.pdf|idp|2025|both|182|text_fallback|Impact on The Environment and Climate Change
CHAMA-DISTRICT-INTEGRATED-DEVELOPMENT-PLAN-28_02_2025.pdf|idp|2025|both|182|text_fallback|Deforestation and air pollution are two ways that building school infrastructure
CHAMA-DISTRICT-INTEGRATED-DEVELOPMENT-PLAN-28_02_2025.pdf|idp|2025|both|182|text_fallback|can harm the environment. The ecology and landscape will be physically
CHAMA-DISTRICT-INTEGRATED-DEVELOPMENT-PLAN-28_02_2025.pdf|idp|2025|both|182|text_fallback|impacted by construction and rehabilitation projects, borehole drilling, leach field
CHAMA-DISTRICT-INTEGRATED-DEVELOPMENT-PLAN-28_02_2025.pdf|idp|2025|both|182|text_fallback|and water-borne toilet excavations, and other activities. The buildings that are
CHAMA-DISTRICT-INTEGRATED-DEVELOPMENT-PLAN-28_02_2025.pdf|idp|2025|both|182|text_fallback|built must withstand the effects of climate change.
CHAMA-DISTRICT-INTEGRATED-DEVELOPMENT-PLAN-28_02_2025.pdf|idp|2025|both|182|text_fallback|However, environment and Climate Change have the following impacts on the
CHAMA-DISTRICT-INTEGRATED-DEVELOPMENT-PLAN-28_02_2025.pdf|idp|2025|both|182|text_fallback|sector;
CHAMA-DISTRICT-INTEGRATED-DEVELOPMENT-PLAN-28_02_2025.pdf|idp|2025|both|182|text_fallback|✓ Destructions of staff houses and school buildings due to floods and storms
CHAMA-DISTRICT-INTEGRATED-DEVELOPMENT-PLAN-28_02_2025.pdf|idp|2025|both|182|text_fallback|leading to blown off of roofs
CHAMA-DISTRICT-INTEGRATED-DEVELOPMENT-PLAN-28_02_2025.pdf|idp|2025|both|182|text_fallback|✓ Escalation of diseases and stress
CHAMA-DISTRICT-INTEGRATED-DEVELOPMENT-PLAN-28_02_2025.pdf|idp|2025|both|182|text_fallback|✓ Compromised health of learners
CHAMA-DISTRICT-INTEGRATED-DEVELOPMENT-PLAN-28_02_2025.pdf|idp|2025|both|182|text_fallback|Issues Arising Relating to Gender Groups and Vulnerable Groups
CHAMA-DISTRICT-INTEGRATED-DEVELOPMENT-PLAN-28_02_2025.pdf|idp|2025|both|182|text_fallback|Chama District faces significant disparities in literacy rates among females, largely
CHAMA-DISTRICT-INTEGRATED-DEVELOPMENT-PLAN-28_02_2025.pdf|idp|2025|both|182|text_fallback|attributed to deeply ingrain sociocultural norms, early marriages, adolescent
CHAMA-DISTRICT-INTEGRATED-DEVELOPMENT-PLAN-28_02_2025.pdf|idp|2025|both|182|text_fallback|pregnancies, economic constraints, and geographical barriers to education. To
CHAMA-DISTRICT-INTEGRATED-DEVELOPMENT-PLAN-28_02_2025.pdf|idp|2025|both|182|text_fallback|address these inequities and promote inclusive education, the district has
CHAMA-DISTRICT-INTEGRATED-DEVELOPMENT-PLAN-28_02_2025.pdf|idp|2025|both|182|text_fallback|adopted a progressive re-entry policy. This policy enables pregnant girls to
CHAMA-DISTRICT-INTEGRATED-DEVELOPMENT-PLAN-28_02_2025.pdf|idp|2025|both|182|text_fallback|continue their education after childbirth, thereby safeguarding their right to
CHAMA-DISTRICT-INTEGRATED-DEVELOPMENT-PLAN-28_02_2025.pdf|idp|2025|both|182|text_fallback|education and fostering a more equitable learning environment.
CHAMA-DISTRICT-INTEGRATED-DEVELOPMENT-PLAN-28_02_2025.pdf|idp|2025|both|182|text_fallback|External Factors Contributing to The Issue
CHAMA-DISTRICT-INTEGRATED-DEVELOPMENT-PLAN-28_02_2025.pdf|idp|2025|both|182|text_fallback|Basically, the major external factor contributing to the identified issues was with
CHAMA-DISTRICT-INTEGRATED-DEVELOPMENT-PLAN-28_02_2025.pdf|idp|2025|both|182|text_fallback|regard to inadequate funding for school operations, and low staffing levels
CHAMA-DISTRICT-INTEGRATED-DEVELOPMENT-PLAN-28_02_2025.pdf|idp|2025|both|182|text_fallback|resulting from the national budget constraints.
CHAMA-DISTRICT-INTEGRATED-DEVELOPMENT-PLAN-28_02_2025.pdf|idp|2025|both|182|text_fallback|152
CHAMA-DISTRICT-INTEGRATED-DEVELOPMENT-PLAN-28_02_2025.pdf|idp|2025|both|183|text_fallback|Summary of Core Issues
CHAMA-DISTRICT-INTEGRATED-DEVELOPMENT-PLAN-28_02_2025.pdf|idp|2025|both|183|text_fallback|✓ Distribution of education facilities is uneven
CHAMA-DISTRICT-INTEGRATED-DEVELOPMENT-PLAN-28_02_2025.pdf|idp|2025|both|183|text_fallback|✓ High enrolments
CHAMA-DISTRICT-INTEGRATED-DEVELOPMENT-PLAN-28_02_2025.pdf|idp|2025|both|183|text_fallback|✓ Inadequate staff accommodation
CHAMA-DISTRICT-INTEGRATED-DEVELOPMENT-PLAN-28_02_2025.pdf|idp|2025|both|183|text_fallback|✓ Low staffing levels
CHAMA-DISTRICT-INTEGRATED-DEVELOPMENT-PLAN-28_02_2025.pdf|idp|2025|both|183|text_fallback|✓ Inadequate sanitation infrastructure
CHAMA-DISTRICT-INTEGRATED-DEVELOPMENT-PLAN-28_02_2025.pdf|idp|2025|both|183|text_fallback|✓ Inadequate skills training institutions in the district
CHAMA-DISTRICT-INTEGRATED-DEVELOPMENT-PLAN-28_02_2025.pdf|idp|2025|both|183|text_fallback|COMMUNITY DEVELOPMENT AND SOCIAL SERVICES SECTOR
CHAMA-DISTRICT-INTEGRATED-DEVELOPMENT-PLAN-28_02_2025.pdf|idp|2025|both|183|text_fallback|Key Government Priorities to Be Implemented at A Local Level
CHAMA-DISTRICT-INTEGRATED-DEVELOPMENT-PLAN-28_02_2025.pdf|idp|2025|both|183|text_fallback|In promoting social well-being and development across the district, the
CHAMA-DISTRICT-INTEGRATED-DEVELOPMENT-PLAN-28_02_2025.pdf|idp|2025|both|183|text_fallback|government is focusing on integrating vulnerable and marginalized groups into
CHAMA-DISTRICT-INTEGRATED-DEVELOPMENT-PLAN-28_02_2025.pdf|idp|2025|both|183|text_fallback|development initiatives and enhancing access to social welfare services. These
CHAMA-DISTRICT-INTEGRATED-DEVELOPMENT-PLAN-28_02_2025.pdf|idp|2025|both|183|text_fallback|efforts aim to alleviate poverty and foster conditions conducive to economic
CHAMA-DISTRICT-INTEGRATED-DEVELOPMENT-PLAN-28_02_2025.pdf|idp|2025|both|183|text_fallback|growth. In line with this, Chama district has been rolling out several key programs.
CHAMA-DISTRICT-INTEGRATED-DEVELOPMENT-PLAN-28_02_2025.pdf|idp|2025|both|183|text_fallback|Aligned with the goals of the Eighth National Development Plan (8NDP), the
CHAMA-DISTRICT-INTEGRATED-DEVELOPMENT-PLAN-28_02_2025.pdf|idp|2025|both|183|text_fallback|district prioritizes reducing poverty, vulnerability, and inequality while
CHAMA-DISTRICT-INTEGRATED-DEVELOPMENT-PLAN-28_02_2025.pdf|idp|2025|both|183|text_fallback|strengthening its policy and governance frameworks. Programs such as the Food
CHAMA-DISTRICT-INTEGRATED-DEVELOPMENT-PLAN-28_02_2025.pdf|idp|2025|both|183|text_fallback|Security Pack (FSP), Supporting Women’s Livelihoods, Women’s Empowerment,
CHAMA-DISTRICT-INTEGRATED-DEVELOPMENT-PLAN-28_02_2025.pdf|idp|2025|both|183|text_fallback|and Social Cash Transfers use registered beneficiary data, while initiatives like Self-
CHAMA-DISTRICT-INTEGRATED-DEVELOPMENT-PLAN-28_02_2025.pdf|idp|2025|both|183|text_fallback|help, Adult Literacy, Early Child Marriage prevention, and Family Reintegration
CHAMA-DISTRICT-INTEGRATED-DEVELOPMENT-PLAN-28_02_2025.pdf|idp|2025|both|183|text_fallback|are case-specific.
CHAMA-DISTRICT-INTEGRATED-DEVELOPMENT-PLAN-28_02_2025.pdf|idp|2025|both|183|text_fallback|In terms of national policies, the district implements the National Policy on
CHAMA-DISTRICT-INTEGRATED-DEVELOPMENT-PLAN-28_02_2025.pdf|idp|2025|both|183|text_fallback|Disability, supporting the United Nations Convention on the Rights of Persons with
CHAMA-DISTRICT-INTEGRATED-DEVELOPMENT-PLAN-28_02_2025.pdf|idp|2025|both|183|text_fallback|Disabilities. This policy strives to make the country more inclusive for people with
CHAMA-DISTRICT-INTEGRATED-DEVELOPMENT-PLAN-28_02_2025.pdf|idp|2025|both|183|text_fallback|disabilities, with Chama district also acting. Efforts include inclusive infrastructure
CHAMA-DISTRICT-INTEGRATED-DEVELOPMENT-PLAN-28_02_2025.pdf|idp|2025|both|183|text_fallback|153
CHAMA-DISTRICT-INTEGRATED-DEVELOPMENT-PLAN-28_02_2025.pdf|idp|2025|both|184|text_fallback|designs for health facilities, schools, and markets, incorporating features like
CHAMA-DISTRICT-INTEGRATED-DEVELOPMENT-PLAN-28_02_2025.pdf|idp|2025|both|184|text_fallback|ramps to improve accessibility.
CHAMA-DISTRICT-INTEGRATED-DEVELOPMENT-PLAN-28_02_2025.pdf|idp|2025|both|184|text_fallback|Assessment of the Existing State of Development
CHAMA-DISTRICT-INTEGRATED-DEVELOPMENT-PLAN-28_02_2025.pdf|idp|2025|both|184|text_fallback|Statutory services focus on legislative aspects, particularly regarding child
CHAMA-DISTRICT-INTEGRATED-DEVELOPMENT-PLAN-28_02_2025.pdf|idp|2025|both|184|text_fallback|welfare, and include the Day Nurseries Act, CAP 313, the Adoption Act, CAP 54,
CHAMA-DISTRICT-INTEGRATED-DEVELOPMENT-PLAN-28_02_2025.pdf|idp|2025|both|184|text_fallback|the Maintenance Orders Act, CAP 55, the Juveniles Act, CAP 54, and the
CHAMA-DISTRICT-INTEGRATED-DEVELOPMENT-PLAN-28_02_2025.pdf|idp|2025|both|184|text_fallback|Probation of Offenders Act, CAP 93 of Zambia.
CHAMA-DISTRICT-INTEGRATED-DEVELOPMENT-PLAN-28_02_2025.pdf|idp|2025|both|184|text_fallback|(a) Court Investigations
CHAMA-DISTRICT-INTEGRATED-DEVELOPMENT-PLAN-28_02_2025.pdf|idp|2025|both|184|text_fallback|Social Welfare Officers, designated as Child Welfare Inspectors, conduct
CHAMA-DISTRICT-INTEGRATED-DEVELOPMENT-PLAN-28_02_2025.pdf|idp|2025|both|184|text_fallback|investigations on behalf of the courts to provide recommendations that support
CHAMA-DISTRICT-INTEGRATED-DEVELOPMENT-PLAN-28_02_2025.pdf|idp|2025|both|184|text_fallback|fair and beneficial outcomes for juvenile offenders. The department handles 6 to
CHAMA-DISTRICT-INTEGRATED-DEVELOPMENT-PLAN-28_02_2025.pdf|idp|2025|both|184|text_fallback|10 court investigation cases per quarter.
CHAMA-DISTRICT-INTEGRATED-DEVELOPMENT-PLAN-28_02_2025.pdf|idp|2025|both|184|text_fallback|(b) Probation of Offenders
CHAMA-DISTRICT-INTEGRATED-DEVELOPMENT-PLAN-28_02_2025.pdf|idp|2025|both|184|text_fallback|Probation involves either institutional or community-based rehabilitation for
CHAMA-DISTRICT-INTEGRATED-DEVELOPMENT-PLAN-28_02_2025.pdf|idp|2025|both|184|text_fallback|juveniles in conflict with the law, supervised by a Probation Officer under the
CHAMA-DISTRICT-INTEGRATED-DEVELOPMENT-PLAN-28_02_2025.pdf|idp|2025|both|184|text_fallback|Probation of Offenders Act, CAP 93. This constitutional duty of the Department of
CHAMA-DISTRICT-INTEGRATED-DEVELOPMENT-PLAN-28_02_2025.pdf|idp|2025|both|184|text_fallback|Social Welfare aims to guide juveniles towards responsible citizenship through
CHAMA-DISTRICT-INTEGRATED-DEVELOPMENT-PLAN-28_02_2025.pdf|idp|2025|both|184|text_fallback|intensive counseling. The department typically manages at least 10 juvenile
CHAMA-DISTRICT-INTEGRATED-DEVELOPMENT-PLAN-28_02_2025.pdf|idp|2025|both|184|text_fallback|probation cases.
CHAMA-DISTRICT-INTEGRATED-DEVELOPMENT-PLAN-28_02_2025.pdf|idp|2025|both|184|text_fallback|Non-Statutory Services
CHAMA-DISTRICT-INTEGRATED-DEVELOPMENT-PLAN-28_02_2025.pdf|idp|2025|both|184|text_fallback|Non-statutory services include social assistance programs like the Public Welfare
CHAMA-DISTRICT-INTEGRATED-DEVELOPMENT-PLAN-28_02_2025.pdf|idp|2025|both|184|text_fallback|Assistance Scheme (PWAS), Drought Emergency Social Cash Transfer (D-ECT),
CHAMA-DISTRICT-INTEGRATED-DEVELOPMENT-PLAN-28_02_2025.pdf|idp|2025|both|184|text_fallback|and Social Cash Transfer (SCT), aimed at poverty alleviation in local communities.
CHAMA-DISTRICT-INTEGRATED-DEVELOPMENT-PLAN-28_02_2025.pdf|idp|2025|both|184|text_fallback|(a) Public Welfare Assistance Scheme
CHAMA-DISTRICT-INTEGRATED-DEVELOPMENT-PLAN-28_02_2025.pdf|idp|2025|both|184|text_fallback|154
CHAMA-DISTRICT-INTEGRATED-DEVELOPMENT-PLAN-28_02_2025.pdf|idp|2025|both|185|text_fallback|PWAS focuses on providing necessary goods and services, not cash, to vulnerable
CHAMA-DISTRICT-INTEGRATED-DEVELOPMENT-PLAN-28_02_2025.pdf|idp|2025|both|185|text_fallback|groups, including the incapacitated and terminally ill. Due to limited funding, the
CHAMA-DISTRICT-INTEGRATED-DEVELOPMENT-PLAN-28_02_2025.pdf|idp|2025|both|185|text_fallback|support provided is often insufficient.
CHAMA-DISTRICT-INTEGRATED-DEVELOPMENT-PLAN-28_02_2025.pdf|idp|2025|both|185|text_fallback|(b) Drought Emergency Social Cash Transfer (D-ECT)
CHAMA-DISTRICT-INTEGRATED-DEVELOPMENT-PLAN-28_02_2025.pdf|idp|2025|both|185|text_fallback|This government initiative assists households affected by drought during the
CHAMA-DISTRICT-INTEGRATED-DEVELOPMENT-PLAN-28_02_2025.pdf|idp|2025|both|185|text_fallback|2021/2022 and 2023/2024 farming seasons. It includes both vertical expansion
CHAMA-DISTRICT-INTEGRATED-DEVELOPMENT-PLAN-28_02_2025.pdf|idp|2025|both|185|text_fallback|(increased support for existing SCT beneficiaries) and horizontal expansion
CHAMA-DISTRICT-INTEGRATED-DEVELOPMENT-PLAN-28_02_2025.pdf|idp|2025|both|185|text_fallback|(support for new households affected by disasters). Chama currently has 5,389 D-
CHAMA-DISTRICT-INTEGRATED-DEVELOPMENT-PLAN-28_02_2025.pdf|idp|2025|both|185|text_fallback|ECT beneficiaries, totaling 7,105 since the first phase in 2023.
CHAMA-DISTRICT-INTEGRATED-DEVELOPMENT-PLAN-28_02_2025.pdf|idp|2025|both|185|text_fallback|(c) Social Cash Transfer (SCT)
CHAMA-DISTRICT-INTEGRATED-DEVELOPMENT-PLAN-28_02_2025.pdf|idp|2025|both|185|text_fallback|The SCT program provides bimonthly cash support to vulnerable households,
CHAMA-DISTRICT-INTEGRATED-DEVELOPMENT-PLAN-28_02_2025.pdf|idp|2025|both|185|text_fallback|aiming to reduce extreme poverty and prevent its transmission to future
CHAMA-DISTRICT-INTEGRATED-DEVELOPMENT-PLAN-28_02_2025.pdf|idp|2025|both|185|text_fallback|generations. Households with disabled members receive double the standard
CHAMA-DISTRICT-INTEGRATED-DEVELOPMENT-PLAN-28_02_2025.pdf|idp|2025|both|185|text_fallback|transfer, amounting to K800, while others receive K400. In Chama, 8,139
CHAMA-DISTRICT-INTEGRATED-DEVELOPMENT-PLAN-28_02_2025.pdf|idp|2025|both|185|text_fallback|households benefit from SCT, and some have used their funds to invest in livestock
CHAMA-DISTRICT-INTEGRATED-DEVELOPMENT-PLAN-28_02_2025.pdf|idp|2025|both|185|text_fallback|and housing, thereby building assets and improving their quality of life.
CHAMA-DISTRICT-INTEGRATED-DEVELOPMENT-PLAN-28_02_2025.pdf|idp|2025|both|185|text_fallback|Supporting Women’s Livelihood (Grievance Redress Mechanism, Village
CHAMA-DISTRICT-INTEGRATED-DEVELOPMENT-PLAN-28_02_2025.pdf|idp|2025|both|185|text_fallback|Banking): The Supporting Women’s Livelihoods (SWL) programmes to beneficiaries
CHAMA-DISTRICT-INTEGRATED-DEVELOPMENT-PLAN-28_02_2025.pdf|idp|2025|both|185|text_fallback|include, context-specific training, mentoring and peer support, the provision of
CHAMA-DISTRICT-INTEGRATED-DEVELOPMENT-PLAN-28_02_2025.pdf|idp|2025|both|185|text_fallback|productivity grants, and facilitation of savings groups.
CHAMA-DISTRICT-INTEGRATED-DEVELOPMENT-PLAN-28_02_2025.pdf|idp|2025|both|185|text_fallback|Chama is one of the districts in Zambia implementing the GEWEL project. The
CHAMA-DISTRICT-INTEGRATED-DEVELOPMENT-PLAN-28_02_2025.pdf|idp|2025|both|185|text_fallback|district has three (3) sub-centre staff and 119 community-based volunteers (CBVs)
CHAMA-DISTRICT-INTEGRATED-DEVELOPMENT-PLAN-28_02_2025.pdf|idp|2025|both|185|text_fallback|who are trained and are now helping to run the project at community level.
CHAMA-DISTRICT-INTEGRATED-DEVELOPMENT-PLAN-28_02_2025.pdf|idp|2025|both|185|text_fallback|155
CHAMA-DISTRICT-INTEGRATED-DEVELOPMENT-PLAN-28_02_2025.pdf|idp|2025|both|186|text_fallback|Availability of Services
CHAMA-DISTRICT-INTEGRATED-DEVELOPMENT-PLAN-28_02_2025.pdf|idp|2025|both|186|text_fallback|✓ Food Security Pack (Rain-Fed, Wetland, and Alternative Livelihood
CHAMA-DISTRICT-INTEGRATED-DEVELOPMENT-PLAN-28_02_2025.pdf|idp|2025|both|186|text_fallback|Intervention): Available in the wards of Lumezi, Mapamba, Mbazi,
CHAMA-DISTRICT-INTEGRATED-DEVELOPMENT-PLAN-28_02_2025.pdf|idp|2025|both|186|text_fallback|Kampemba, Chilenje, Vilimukulu, Lunzi, and Chilubaluba.
CHAMA-DISTRICT-INTEGRATED-DEVELOPMENT-PLAN-28_02_2025.pdf|idp|2025|both|186|text_fallback|✓ Supporting Women’s Livelihood: All wards are covered under this program,
CHAMA-DISTRICT-INTEGRATED-DEVELOPMENT-PLAN-28_02_2025.pdf|idp|2025|both|186|text_fallback|including grievance redress and village banking services, though CWACs
CHAMA-DISTRICT-INTEGRATED-DEVELOPMENT-PLAN-28_02_2025.pdf|idp|2025|both|186|text_fallback|not receiving benefits are still being identified. The Women Empowerment
CHAMA-DISTRICT-INTEGRATED-DEVELOPMENT-PLAN-28_02_2025.pdf|idp|2025|both|186|text_fallback|program is also accessible in all wards.
CHAMA-DISTRICT-INTEGRATED-DEVELOPMENT-PLAN-28_02_2025.pdf|idp|2025|both|186|text_fallback|✓ Social Cash Transfer: Accessible in all wards.
CHAMA-DISTRICT-INTEGRATED-DEVELOPMENT-PLAN-28_02_2025.pdf|idp|2025|both|186|text_fallback|✓ Early Child Marriage: NGOs, like UNICEF, target high-risk areas such as
CHAMA-DISTRICT-INTEGRATED-DEVELOPMENT-PLAN-28_02_2025.pdf|idp|2025|both|186|text_fallback|Chibale and Chikwa
CHAMA-DISTRICT-INTEGRATED-DEVELOPMENT-PLAN-28_02_2025.pdf|idp|2025|both|186|text_fallback|✓ Family Reintegration, Child Justice, and Public Welfare Assistance Scheme
CHAMA-DISTRICT-INTEGRATED-DEVELOPMENT-PLAN-28_02_2025.pdf|idp|2025|both|186|text_fallback|(PWAS): Services cover all areas.
CHAMA-DISTRICT-INTEGRATED-DEVELOPMENT-PLAN-28_02_2025.pdf|idp|2025|both|186|text_fallback|Service Quality
CHAMA-DISTRICT-INTEGRATED-DEVELOPMENT-PLAN-28_02_2025.pdf|idp|2025|both|186|text_fallback|Community Development:
CHAMA-DISTRICT-INTEGRATED-DEVELOPMENT-PLAN-28_02_2025.pdf|idp|2025|both|186|text_fallback|✓ Food Security Pack: High-quality service with packs distributed before the
CHAMA-DISTRICT-INTEGRATED-DEVELOPMENT-PLAN-28_02_2025.pdf|idp|2025|both|186|text_fallback|rains. Each pack includes 10 kg of maize seed, 3 bags of fertilizer (1 Urea, 2
CHAMA-DISTRICT-INTEGRATED-DEVELOPMENT-PLAN-28_02_2025.pdf|idp|2025|both|186|text_fallback|D compound), and 10 kg of legumes (groundnuts, beans, cowpeas, and
CHAMA-DISTRICT-INTEGRATED-DEVELOPMENT-PLAN-28_02_2025.pdf|idp|2025|both|186|text_fallback|soybeans).
CHAMA-DISTRICT-INTEGRATED-DEVELOPMENT-PLAN-28_02_2025.pdf|idp|2025|both|186|text_fallback|✓ Supporting Women’s Livelihood: Beneficiaries receive grants promptly.
CHAMA-DISTRICT-INTEGRATED-DEVELOPMENT-PLAN-28_02_2025.pdf|idp|2025|both|186|text_fallback|✓ Self-Help Program: CDF funding is disbursed on time.
CHAMA-DISTRICT-INTEGRATED-DEVELOPMENT-PLAN-28_02_2025.pdf|idp|2025|both|186|text_fallback|✓ Adult Literacy: Classes are held twice weekly, led by instructors in the
CHAMA-DISTRICT-INTEGRATED-DEVELOPMENT-PLAN-28_02_2025.pdf|idp|2025|both|186|text_fallback|absence of officers.
CHAMA-DISTRICT-INTEGRATED-DEVELOPMENT-PLAN-28_02_2025.pdf|idp|2025|both|186|text_fallback|✓ Women Empowerment: Available in all wards, with inputs provided on time.
CHAMA-DISTRICT-INTEGRATED-DEVELOPMENT-PLAN-28_02_2025.pdf|idp|2025|both|186|text_fallback|156
CHAMA-DISTRICT-INTEGRATED-DEVELOPMENT-PLAN-28_02_2025.pdf|idp|2025|both|187|text_fallback|Social Welfare:
CHAMA-DISTRICT-INTEGRATED-DEVELOPMENT-PLAN-28_02_2025.pdf|idp|2025|both|187|text_fallback|✓ Social Cash Transfer: Funding is timely, ensuring prompt payments.
CHAMA-DISTRICT-INTEGRATED-DEVELOPMENT-PLAN-28_02_2025.pdf|idp|2025|both|187|text_fallback|✓ Early Child Marriage: Includes training for guardians, case management,
CHAMA-DISTRICT-INTEGRATED-DEVELOPMENT-PLAN-28_02_2025.pdf|idp|2025|both|187|text_fallback|and mentoring young boys. CWAC structures support children’s return to
CHAMA-DISTRICT-INTEGRATED-DEVELOPMENT-PLAN-28_02_2025.pdf|idp|2025|both|187|text_fallback|school.
CHAMA-DISTRICT-INTEGRATED-DEVELOPMENT-PLAN-28_02_2025.pdf|idp|2025|both|187|text_fallback|✓ Family Reintegration: Focuses on reuniting juvenile offenders with families.
CHAMA-DISTRICT-INTEGRATED-DEVELOPMENT-PLAN-28_02_2025.pdf|idp|2025|both|187|text_fallback|✓ Child Justice: Offers legal assistance to children based on case data.
CHAMA-DISTRICT-INTEGRATED-DEVELOPMENT-PLAN-28_02_2025.pdf|idp|2025|both|187|text_fallback|✓ PWAS: Provides emergency aid to vulnerable residents, mainly in Chama,
CHAMA-DISTRICT-INTEGRATED-DEVELOPMENT-PLAN-28_02_2025.pdf|idp|2025|both|187|text_fallback|though funding is insufficient.
CHAMA-DISTRICT-INTEGRATED-DEVELOPMENT-PLAN-28_02_2025.pdf|idp|2025|both|187|text_fallback|Issues Arising from the Public Participation Process
CHAMA-DISTRICT-INTEGRATED-DEVELOPMENT-PLAN-28_02_2025.pdf|idp|2025|both|187|text_fallback|Community Development:
CHAMA-DISTRICT-INTEGRATED-DEVELOPMENT-PLAN-28_02_2025.pdf|idp|2025|both|187|text_fallback|✓ Food Security Pack: The limited number of beneficiaries prompts calls for
CHAMA-DISTRICT-INTEGRATED-DEVELOPMENT-PLAN-28_02_2025.pdf|idp|2025|both|187|text_fallback|government expansion to cover more recipients across social protection
CHAMA-DISTRICT-INTEGRATED-DEVELOPMENT-PLAN-28_02_2025.pdf|idp|2025|both|187|text_fallback|programs.
CHAMA-DISTRICT-INTEGRATED-DEVELOPMENT-PLAN-28_02_2025.pdf|idp|2025|both|187|text_fallback|Social Welfare:
CHAMA-DISTRICT-INTEGRATED-DEVELOPMENT-PLAN-28_02_2025.pdf|idp|2025|both|187|text_fallback|✓ Social Cash Transfer: the district has a total number of 105 Social Welfare
CHAMA-DISTRICT-INTEGRATED-DEVELOPMENT-PLAN-28_02_2025.pdf|idp|2025|both|187|text_fallback|Assistance Committees (CWACs) of which 45 is in Chama South
CHAMA-DISTRICT-INTEGRATED-DEVELOPMENT-PLAN-28_02_2025.pdf|idp|2025|both|187|text_fallback|Constituency and 60 are in Chama North Constituency. However, the
CHAMA-DISTRICT-INTEGRATED-DEVELOPMENT-PLAN-28_02_2025.pdf|idp|2025|both|187|text_fallback|project is only in 93 CWACs thus, limited in beneficiary coverage.
CHAMA-DISTRICT-INTEGRATED-DEVELOPMENT-PLAN-28_02_2025.pdf|idp|2025|both|187|text_fallback|✓ Early Child Marriage: Cultural challenges, such as parental resistance and
CHAMA-DISTRICT-INTEGRATED-DEVELOPMENT-PLAN-28_02_2025.pdf|idp|2025|both|187|text_fallback|fear of retaliation (witchcraft threats) toward CWAC members, hinder
CHAMA-DISTRICT-INTEGRATED-DEVELOPMENT-PLAN-28_02_2025.pdf|idp|2025|both|187|text_fallback|progress. Child offenders in Chama lack juvenile facilities and are placed
CHAMA-DISTRICT-INTEGRATED-DEVELOPMENT-PLAN-28_02_2025.pdf|idp|2025|both|187|text_fallback|with adult offenders.
CHAMA-DISTRICT-INTEGRATED-DEVELOPMENT-PLAN-28_02_2025.pdf|idp|2025|both|187|text_fallback|✓ PWAS: Funding remains insufficient for program needs
CHAMA-DISTRICT-INTEGRATED-DEVELOPMENT-PLAN-28_02_2025.pdf|idp|2025|both|187|text_fallback|157
CHAMA-DISTRICT-INTEGRATED-DEVELOPMENT-PLAN-28_02_2025.pdf|idp|2025|both|188|text_fallback|Impact of Changes Anticipated Over the Next Ten Years
CHAMA-DISTRICT-INTEGRATED-DEVELOPMENT-PLAN-28_02_2025.pdf|idp|2025|both|188|text_fallback|Impact of Environment and Climate Change
CHAMA-DISTRICT-INTEGRATED-DEVELOPMENT-PLAN-28_02_2025.pdf|idp|2025|both|188|text_fallback|The district has recognized several key growth areas in response to the observed
CHAMA-DISTRICT-INTEGRATED-DEVELOPMENT-PLAN-28_02_2025.pdf|idp|2025|both|188|text_fallback|population increase and economic expansion. Major growth nodes include
CHAMA-DISTRICT-INTEGRATED-DEVELOPMENT-PLAN-28_02_2025.pdf|idp|2025|both|188|text_fallback|Chibale, Lundu, Kalinkhu, Kambombo, Chikwa, and Chifunda, while secondary
CHAMA-DISTRICT-INTEGRATED-DEVELOPMENT-PLAN-28_02_2025.pdf|idp|2025|both|188|text_fallback|growth nodes are Kanyelele, Katangalika, Tembwe, Kalovya, Chasato, Manga,
CHAMA-DISTRICT-INTEGRATED-DEVELOPMENT-PLAN-28_02_2025.pdf|idp|2025|both|188|text_fallback|and Kalasa. Investments in infrastructure, such as roads, schools, and healthcare
CHAMA-DISTRICT-INTEGRATED-DEVELOPMENT-PLAN-28_02_2025.pdf|idp|2025|both|188|text_fallback|facilities, are expected to drive economic activity, promote urbanization, and
CHAMA-DISTRICT-INTEGRATED-DEVELOPMENT-PLAN-28_02_2025.pdf|idp|2025|both|188|text_fallback|cause a shift in population centers toward newly developed zones. Improved
CHAMA-DISTRICT-INTEGRATED-DEVELOPMENT-PLAN-28_02_2025.pdf|idp|2025|both|188|text_fallback|social protection programs may improve living conditions, encouraging rural-to-
CHAMA-DISTRICT-INTEGRATED-DEVELOPMENT-PLAN-28_02_2025.pdf|idp|2025|both|188|text_fallback|urban migration in search of better opportunities and services. This shift is likely to
CHAMA-DISTRICT-INTEGRATED-DEVELOPMENT-PLAN-28_02_2025.pdf|idp|2025|both|188|text_fallback|lead to a change in land use, moving from traditional agriculture to a broader
CHAMA-DISTRICT-INTEGRATED-DEVELOPMENT-PLAN-28_02_2025.pdf|idp|2025|both|188|text_fallback|mix of residential and commercial developments. These transitions will also affect
CHAMA-DISTRICT-INTEGRATED-DEVELOPMENT-PLAN-28_02_2025.pdf|idp|2025|both|188|text_fallback|the allocation of resources and services, influencing both demographic trends
CHAMA-DISTRICT-INTEGRATED-DEVELOPMENT-PLAN-28_02_2025.pdf|idp|2025|both|188|text_fallback|and spatial planning within the district.
CHAMA-DISTRICT-INTEGRATED-DEVELOPMENT-PLAN-28_02_2025.pdf|idp|2025|both|188|text_fallback|The impacts include shifts in temperature and rainfall patterns, which influence
CHAMA-DISTRICT-INTEGRATED-DEVELOPMENT-PLAN-28_02_2025.pdf|idp|2025|both|188|text_fallback|crop yields and the overall availability of food. Additionally, climate-related
CHAMA-DISTRICT-INTEGRATED-DEVELOPMENT-PLAN-28_02_2025.pdf|idp|2025|both|188|text_fallback|displacement leads to migration and social upheaval. In flood-prone areas,
CHAMA-DISTRICT-INTEGRATED-DEVELOPMENT-PLAN-28_02_2025.pdf|idp|2025|both|188|text_fallback|floods can also damage critical infrastructure within affected communities.
CHAMA-DISTRICT-INTEGRATED-DEVELOPMENT-PLAN-28_02_2025.pdf|idp|2025|both|188|text_fallback|Issues Arising Relating to Gender Groups and Vulnerable Groups
CHAMA-DISTRICT-INTEGRATED-DEVELOPMENT-PLAN-28_02_2025.pdf|idp|2025|both|188|text_fallback|The program helps women, girls, boys, men, vulnerable individuals, and those
CHAMA-DISTRICT-INTEGRATED-DEVELOPMENT-PLAN-28_02_2025.pdf|idp|2025|both|188|text_fallback|living with HIV/AIDS, as long as they fulfill the selection criteria, with no issues.
CHAMA-DISTRICT-INTEGRATED-DEVELOPMENT-PLAN-28_02_2025.pdf|idp|2025|both|188|text_fallback|158
CHAMA-DISTRICT-INTEGRATED-DEVELOPMENT-PLAN-28_02_2025.pdf|idp|2025|both|189|text_fallback|External Factors Contributing to The Issue
CHAMA-DISTRICT-INTEGRATED-DEVELOPMENT-PLAN-28_02_2025.pdf|idp|2025|both|189|text_fallback|The district’s role in handling caseloads is limited because the Ministry of
CHAMA-DISTRICT-INTEGRATED-DEVELOPMENT-PLAN-28_02_2025.pdf|idp|2025|both|189|text_fallback|Community Development and Social Services determines the number of cases it
CHAMA-DISTRICT-INTEGRATED-DEVELOPMENT-PLAN-28_02_2025.pdf|idp|2025|both|189|text_fallback|oversees. Similarly, the district lacks decision-making power regarding the funding
CHAMA-DISTRICT-INTEGRATED-DEVELOPMENT-PLAN-28_02_2025.pdf|idp|2025|both|189|text_fallback|it receives for its programs, making it reliant on external allocations to carry out its
CHAMA-DISTRICT-INTEGRATED-DEVELOPMENT-PLAN-28_02_2025.pdf|idp|2025|both|189|text_fallback|initiatives.
CHAMA-DISTRICT-INTEGRATED-DEVELOPMENT-PLAN-28_02_2025.pdf|idp|2025|both|189|text_fallback|Furthermore, the district’s ability to influence the effectiveness of its programs is
CHAMA-DISTRICT-INTEGRATED-DEVELOPMENT-PLAN-28_02_2025.pdf|idp|2025|both|189|text_fallback|impacted by the capacity of other organizations involved in areas like Child
CHAMA-DISTRICT-INTEGRATED-DEVELOPMENT-PLAN-28_02_2025.pdf|idp|2025|both|189|text_fallback|Justice and early marriage prevention. Since these partners operate
CHAMA-DISTRICT-INTEGRATED-DEVELOPMENT-PLAN-28_02_2025.pdf|idp|2025|both|189|text_fallback|independently, the district cannot fully manage or direct their contributions.
CHAMA-DISTRICT-INTEGRATED-DEVELOPMENT-PLAN-28_02_2025.pdf|idp|2025|both|189|text_fallback|When it comes to community beliefs and practices, the district does not have
CHAMA-DISTRICT-INTEGRATED-DEVELOPMENT-PLAN-28_02_2025.pdf|idp|2025|both|189|text_fallback|direct authority to enforce cultural changes. Instead, it relies on awareness
CHAMA-DISTRICT-INTEGRATED-DEVELOPMENT-PLAN-28_02_2025.pdf|idp|2025|both|189|text_fallback|initiatives and educational programs, such as those aimed at teaching young
CHAMA-DISTRICT-INTEGRATED-DEVELOPMENT-PLAN-28_02_2025.pdf|idp|2025|both|189|text_fallback|men about responsible adulthood. These efforts serve to gradually influence
CHAMA-DISTRICT-INTEGRATED-DEVELOPMENT-PLAN-28_02_2025.pdf|idp|2025|both|189|text_fallback|attitudes within the community, fostering a shift toward more positive societal
CHAMA-DISTRICT-INTEGRATED-DEVELOPMENT-PLAN-28_02_2025.pdf|idp|2025|both|189|text_fallback|norms.
CHAMA-DISTRICT-INTEGRATED-DEVELOPMENT-PLAN-28_02_2025.pdf|idp|2025|both|189|text_fallback|Summary of Core Issues
CHAMA-DISTRICT-INTEGRATED-DEVELOPMENT-PLAN-28_02_2025.pdf|idp|2025|both|189|text_fallback|✓ Lack of facilities to accommodate victims and offenders of Early Child
CHAMA-DISTRICT-INTEGRATED-DEVELOPMENT-PLAN-28_02_2025.pdf|idp|2025|both|189|text_fallback|Marriages
CHAMA-DISTRICT-INTEGRATED-DEVELOPMENT-PLAN-28_02_2025.pdf|idp|2025|both|189|text_fallback|✓ Inadequate funding for programmes under Public Welfare Assistance
CHAMA-DISTRICT-INTEGRATED-DEVELOPMENT-PLAN-28_02_2025.pdf|idp|2025|both|189|text_fallback|Schemes
CHAMA-DISTRICT-INTEGRATED-DEVELOPMENT-PLAN-28_02_2025.pdf|idp|2025|both|189|text_fallback|✓ Limited beneficiaries of Food Security Pack and Social Cash Transfer
CHAMA-DISTRICT-INTEGRATED-DEVELOPMENT-PLAN-28_02_2025.pdf|idp|2025|both|189|text_fallback|159
CHAMA-DISTRICT-INTEGRATED-DEVELOPMENT-PLAN-28_02_2025.pdf|idp|2025|both|190|table|"Economic Transformation and Job
Creation | Human and Social
Development | Environmental
Sustainability | Good Governance"
CHAMA-DISTRICT-INTEGRATED-DEVELOPMENT-PLAN-28_02_2025.pdf|idp|2025|both|190|table|"Limited access to finance
Limited access to a sustainable
market
Low agricultural yields
Untapped tourism potential
Informal mining activities
Limited entrepreneurship skills
Limited animal production
Lack of access to alternative energy
sources
Lack of factories for value addition
Insufficient agriculture storage
facilities
Insufficient livestock and fisheries
infrastructure
Limited and poor transport
infrastructure
Limited energy infrastructure
Limited communication infrastructure | Limited access to clean
and safe water
Insufficient sanitation
infrastructure
Inadequate education
facilities
Lack of skills training
institutions
Inadequate health
facilities
High-dependency age
groups
Early marriages and teen
pregnancies
Inadequate housing
infrastructure
Lack of safe spaces | Deforestation
Extinction of wildlife
Human-wildlife conflicts
Unsustainable agriculture
practices
Uncontrolled mining
activities | Unplanned settlement
expansion
Unplanned customary land
Less participation of
vulnerable groups in civic
leadership
Inadequate security
infrastructure"
CHAMA-DISTRICT-INTEGRATED-DEVELOPMENT-PLAN-28_02_2025.pdf|idp|2025|both|191|text_fallback|PART THREE: DEVELOPMENT FRAMEWORK
CHAMA-DISTRICT-INTEGRATED-DEVELOPMENT-PLAN-28_02_2025.pdf|idp|2025|both|191|text_fallback|Introduction
CHAMA-DISTRICT-INTEGRATED-DEVELOPMENT-PLAN-28_02_2025.pdf|idp|2025|both|191|text_fallback|The Development Framework was created based on a comprehensive analysis
CHAMA-DISTRICT-INTEGRATED-DEVELOPMENT-PLAN-28_02_2025.pdf|idp|2025|both|191|text_fallback|of key issues highlighted in the Planning Surveys and Issues Report from the
CHAMA-DISTRICT-INTEGRATED-DEVELOPMENT-PLAN-28_02_2025.pdf|idp|2025|both|191|text_fallback|previous chapter. It serves as the guiding plan for the district's development from
CHAMA-DISTRICT-INTEGRATED-DEVELOPMENT-PLAN-28_02_2025.pdf|idp|2025|both|191|text_fallback|2025 to 2035.
CHAMA-DISTRICT-INTEGRATED-DEVELOPMENT-PLAN-28_02_2025.pdf|idp|2025|both|191|text_fallback|The vision for Chama District
CHAMA-DISTRICT-INTEGRATED-DEVELOPMENT-PLAN-28_02_2025.pdf|idp|2025|both|191|text_fallback|With the perspective of the future at hand, Chama district’s long-term vision is:
CHAMA-DISTRICT-INTEGRATED-DEVELOPMENT-PLAN-28_02_2025.pdf|idp|2025|both|191|text_fallback|“An interlinked, socio-economically sound and environmentally sustainable
CHAMA-DISTRICT-INTEGRATED-DEVELOPMENT-PLAN-28_02_2025.pdf|idp|2025|both|191|text_fallback|district by 2045”
CHAMA-DISTRICT-INTEGRATED-DEVELOPMENT-PLAN-28_02_2025.pdf|idp|2025|both|191|text_fallback|Mission statement for Chama district
CHAMA-DISTRICT-INTEGRATED-DEVELOPMENT-PLAN-28_02_2025.pdf|idp|2025|both|191|text_fallback|To enhance socio-economic development through facilitating an interlinked
CHAMA-DISTRICT-INTEGRATED-DEVELOPMENT-PLAN-28_02_2025.pdf|idp|2025|both|191|text_fallback|transport network, infrastructural development, social well-being, and diversified
CHAMA-DISTRICT-INTEGRATED-DEVELOPMENT-PLAN-28_02_2025.pdf|idp|2025|both|191|text_fallback|economy in a sustainable manner.
CHAMA-DISTRICT-INTEGRATED-DEVELOPMENT-PLAN-28_02_2025.pdf|idp|2025|both|191|text_fallback|Key aspects of the vision
CHAMA-DISTRICT-INTEGRATED-DEVELOPMENT-PLAN-28_02_2025.pdf|idp|2025|both|191|text_fallback|Chama district crafted its vision for the next ten years through reflexivity or self-
CHAMA-DISTRICT-INTEGRATED-DEVELOPMENT-PLAN-28_02_2025.pdf|idp|2025|both|191|text_fallback|reflection; the district took into consideration;
CHAMA-DISTRICT-INTEGRATED-DEVELOPMENT-PLAN-28_02_2025.pdf|idp|2025|both|191|text_fallback|Interlinkages - Chama District's strategic location, bordering six districts and one
CHAMA-DISTRICT-INTEGRATED-DEVELOPMENT-PLAN-28_02_2025.pdf|idp|2025|both|191|text_fallback|international border, presents vast trade opportunities. However, inadequate
CHAMA-DISTRICT-INTEGRATED-DEVELOPMENT-PLAN-28_02_2025.pdf|idp|2025|both|191|text_fallback|transportation and communication infrastructure has hindered regional and
CHAMA-DISTRICT-INTEGRATED-DEVELOPMENT-PLAN-28_02_2025.pdf|idp|2025|both|191|text_fallback|161
CHAMA-DISTRICT-INTEGRATED-DEVELOPMENT-PLAN-28_02_2025.pdf|idp|2025|both|192|text_fallback|international trade growth. To overcome this, the district aims to develop an
CHAMA-DISTRICT-INTEGRATED-DEVELOPMENT-PLAN-28_02_2025.pdf|idp|2025|both|192|text_fallback|integrated transport and communication network that will unlock potential in
CHAMA-DISTRICT-INTEGRATED-DEVELOPMENT-PLAN-28_02_2025.pdf|idp|2025|both|192|text_fallback|agriculture, tourism, and other sectors.
CHAMA-DISTRICT-INTEGRATED-DEVELOPMENT-PLAN-28_02_2025.pdf|idp|2025|both|192|text_fallback|Socio-economically sound - The vision seeks to create a prosperous district where
CHAMA-DISTRICT-INTEGRATED-DEVELOPMENT-PLAN-28_02_2025.pdf|idp|2025|both|192|text_fallback|economic growth and social well-being coexist. This will be achieved through
CHAMA-DISTRICT-INTEGRATED-DEVELOPMENT-PLAN-28_02_2025.pdf|idp|2025|both|192|text_fallback|fostering a vibrant economy, reducing poverty and inequality, promoting
CHAMA-DISTRICT-INTEGRATED-DEVELOPMENT-PLAN-28_02_2025.pdf|idp|2025|both|192|text_fallback|entrepreneurship and innovation, collaborations and partnerships, and ensuring
CHAMA-DISTRICT-INTEGRATED-DEVELOPMENT-PLAN-28_02_2025.pdf|idp|2025|both|192|text_fallback|access to quality services.
CHAMA-DISTRICT-INTEGRATED-DEVELOPMENT-PLAN-28_02_2025.pdf|idp|2025|both|192|text_fallback|Environmental sustainability - Chama District's natural riches are threatened by
CHAMA-DISTRICT-INTEGRATED-DEVELOPMENT-PLAN-28_02_2025.pdf|idp|2025|both|192|text_fallback|unsustainable practices. Chama will shift to eco-friendly lifestyles and renewable
CHAMA-DISTRICT-INTEGRATED-DEVELOPMENT-PLAN-28_02_2025.pdf|idp|2025|both|192|text_fallback|energy sources, like solar power, that will protect the environment and secure a
CHAMA-DISTRICT-INTEGRATED-DEVELOPMENT-PLAN-28_02_2025.pdf|idp|2025|both|192|text_fallback|sustainable future.
CHAMA-DISTRICT-INTEGRATED-DEVELOPMENT-PLAN-28_02_2025.pdf|idp|2025|both|192|text_fallback|Ultimately, it is the combined synergy or unified function of these factors that will
CHAMA-DISTRICT-INTEGRATED-DEVELOPMENT-PLAN-28_02_2025.pdf|idp|2025|both|192|text_fallback|bring Chama district’s vision to life.
CHAMA-DISTRICT-INTEGRATED-DEVELOPMENT-PLAN-28_02_2025.pdf|idp|2025|both|192|text_fallback|Planning Values for the Chama District IDP
CHAMA-DISTRICT-INTEGRATED-DEVELOPMENT-PLAN-28_02_2025.pdf|idp|2025|both|192|text_fallback|As a basis to realize this vision, Chama district has identified and adopted the
CHAMA-DISTRICT-INTEGRATED-DEVELOPMENT-PLAN-28_02_2025.pdf|idp|2025|both|192|text_fallback|following values;
CHAMA-DISTRICT-INTEGRATED-DEVELOPMENT-PLAN-28_02_2025.pdf|idp|2025|both|192|text_fallback|Transparency and Trust: Open communication, honesty, and reliability in all
CHAMA-DISTRICT-INTEGRATED-DEVELOPMENT-PLAN-28_02_2025.pdf|idp|2025|both|192|text_fallback|planning processes and decision making.
CHAMA-DISTRICT-INTEGRATED-DEVELOPMENT-PLAN-28_02_2025.pdf|idp|2025|both|192|text_fallback|Inclusivity and Respect: Valuing diversity, engaging stakeholders, and respecting
CHAMA-DISTRICT-INTEGRATED-DEVELOPMENT-PLAN-28_02_2025.pdf|idp|2025|both|192|text_fallback|community perspectives.
CHAMA-DISTRICT-INTEGRATED-DEVELOPMENT-PLAN-28_02_2025.pdf|idp|2025|both|192|text_fallback|Shared Purpose and Vision: Craft clear, unified long-term goals that will give
CHAMA-DISTRICT-INTEGRATED-DEVELOPMENT-PLAN-28_02_2025.pdf|idp|2025|both|192|text_fallback|purpose to collaboration, motivating stakeholders to work towards a common
CHAMA-DISTRICT-INTEGRATED-DEVELOPMENT-PLAN-28_02_2025.pdf|idp|2025|both|192|text_fallback|objective and resolve conflicts constructively.
CHAMA-DISTRICT-INTEGRATED-DEVELOPMENT-PLAN-28_02_2025.pdf|idp|2025|both|192|text_fallback|162
CHAMA-DISTRICT-INTEGRATED-DEVELOPMENT-PLAN-28_02_2025.pdf|idp|2025|both|193|text_fallback|Adaptability and Resilience: Embracing flexibility, learning from experience, and
CHAMA-DISTRICT-INTEGRATED-DEVELOPMENT-PLAN-28_02_2025.pdf|idp|2025|both|193|text_fallback|coping with uncertainty.
CHAMA-DISTRICT-INTEGRATED-DEVELOPMENT-PLAN-28_02_2025.pdf|idp|2025|both|193|text_fallback|Accountability and Responsibility: Taking ownership of planning decisions and
CHAMA-DISTRICT-INTEGRATED-DEVELOPMENT-PLAN-28_02_2025.pdf|idp|2025|both|193|text_fallback|actions.
CHAMA-DISTRICT-INTEGRATED-DEVELOPMENT-PLAN-28_02_2025.pdf|idp|2025|both|193|text_fallback|These values will be foundational to nurturing a collaborative environment where
CHAMA-DISTRICT-INTEGRATED-DEVELOPMENT-PLAN-28_02_2025.pdf|idp|2025|both|193|text_fallback|the district and multiple stakeholders will achieve a unified long-term vision
CHAMA-DISTRICT-INTEGRATED-DEVELOPMENT-PLAN-28_02_2025.pdf|idp|2025|both|193|text_fallback|effectively.
CHAMA-DISTRICT-INTEGRATED-DEVELOPMENT-PLAN-28_02_2025.pdf|idp|2025|both|193|text_fallback|163
CHAMA-DISTRICT-INTEGRATED-DEVELOPMENT-PLAN-28_02_2025.pdf|idp|2025|both|194|table|"POLICIES | OBJECTIVES | PROGRAMS | ACTIVITIES"
CHAMA-DISTRICT-INTEGRATED-DEVELOPMENT-PLAN-28_02_2025.pdf|idp|2025|both|194|table|"DIVERSIFICATION
OF THE LOCAL
ECONOMY
THROUGH
TOURISM
PROMOTION,
AGRICULTURAL
DIVERSIFICATION,
AND VALUE
ADDITION | Promote tourism
diversification
Improve agricultural
production and
productivity
Promote value-addition
and manufacturing
Promote Traditional and
Non-traditional minerals | - Infrastructure
development
- Tourism product
development
- Tourism promotion and
marketing
- Wildlife management
- Skills training
- Agricultural
mechanization
- Farmer input support
- Agroforestry and tree
crop development | - Rehabilitation of 10 kilometers
and construction of 10 kilometers
of outfitter roads in the district
- Construction of 3 bush camps
Kambombo, Tembwe, and
Chikwa, 1 5-star hotel Chifunda,
and 1 lodge in Lundu Chiefdom.
- Establish smallholder low-cost
community irrigation schemes in 7
camps (Chama Central Camp
(kapalakonje),
kalovya,kanyelele,lundu,chibale,
mundalanga)"
CHAMA-DISTRICT-INTEGRATED-DEVELOPMENT-PLAN-28_02_2025.pdf|idp|2025|both|195|table|" |  | - Agribusiness
development
- Irrigation development
- Fisheries and
aquaculture
development
- Livestock development
- Extension services
support
- Early warning and
surveillance systems
- Farm block and
resettlement schemes
development
- Artisanal and small-
scale mining
development | - Promote crop diversification of
soya beans, groundnuts, and rice
by establishing a food fare
center/venue in the district.
- Strengthen existing early warning
systems by installing early warning
equipment in all 31 camps in the
district
- Promote Climate Smart
Agriculture through establishing
farmer field demonstration
centres (CSA) in all 30 agricultural
camps of Chama district by 2033.
- Enhance market linkages through
establishing 8 market centres in
the district and 7 crop storage
depots
- Promote agricultural
technologies and value chains for
rice production by establishing an
agro-processing industry"
CHAMA-DISTRICT-INTEGRATED-DEVELOPMENT-PLAN-28_02_2025.pdf|idp|2025|both|196|table|" |  |  | - Construct 4 livestock centres in
Kalovya, Kanyelele, Chasato,
and Chizimba
- Construct 4 livestock market
centres in Chifunda, Mapamba,
Chikwa, and Tembwe
- Construct 2 livestock slaughter
facilities
- Plant 40ha of pasture (10ha
Farmer’s training centre, 10ha
Chasato, 10ha Kaozi, and 10ha
Kanyelele)
- Construct 5 dip tanks (FTC,
Kanyelele, Chasato, Kalovya,
and Kaozi)
- Promote artisanal small-scale
mining through the establishment
of a Public Private Partnership
campaign.
- Settlement fencing in areas prone
to Human-Wildlife conflict
(Chifunda, and Chikwa for a start)"
CHAMA-DISTRICT-INTEGRATED-DEVELOPMENT-PLAN-28_02_2025.pdf|idp|2025|both|197|table|" | - Enhance road
infrastructure
- Rehabilitate
township roads
- Maintain district
airstrips
- Improve district
communication | - Road development and
maintenance
- Aviation development
- Communication
technology
development | - Construction of 500 Km of feeder
roads
- Construction of 12 Bridges and
crossing points
- Rehabilitation of 422 km of feeder
roads
- Rehabilitation of 7 crossing points
- Installation of streetlights
- Construction of drainages
- Vegetation control along major
roads and the airstrips
- Upgrade 1no. Airstrip to
accommodate foreign tourists
- Construction of 5no.
communication mast
- Construct a truck park"
CHAMA-DISTRICT-INTEGRATED-DEVELOPMENT-PLAN-28_02_2025.pdf|idp|2025|both|197|table|"ENHANCEMENT OF
SOCIAL SERVICE
DELIVERY | - Increase access
to decent and
affordable
housing | Public and social housing
Settlement improvement
Water quality monitoring | - Improve/upgrade Mtayachalo
settlement
- Construction of two dams for
water storage and irrigation"
CHAMA-DISTRICT-INTEGRATED-DEVELOPMENT-PLAN-28_02_2025.pdf|idp|2025|both|198|table|"- Improve access
to clean and safe
water supply
- Improve
Sanitation
Services
- Enhance access
to quality,
equitable, and
inclusive
education
- Increase access
to quality
healthcare
- Enhance welfare
and livelihoods of
poor and
vulnerable
people | Infrastructure development
and maintenance
Solid waste management
Sanitation and hygiene
promotion
Increase access to quality
healthcare
Early childhood education
Primary education
Adult literacy
Secondary education | - Establish and enhance the
management of 2 well fields, 25
local Aquifers, and 5 boreholes in
the district
- Construct 10 mechanized water
systems within ten institutions
years
- Promote the attaining of the ODF
status in all 24 wards by 2035
- Promote public sanitation by
constructing 5 public toilets in 5
public institutions in the next 5
years
- Construction of 3 mini-hospitals in
Chikwa, Chibale, and Lundu
- Construct 3 secondary schools (1
in Chiri Zone, a Girls Boarding
Secondary school in Kaozi, and a
special needs secondary school
in Kamphemba)
- Upgrade 5 community schools to
primary level (Makeni, Kajimomo,"
CHAMA-DISTRICT-INTEGRATED-DEVELOPMENT-PLAN-28_02_2025.pdf|idp|2025|both|199|table|"- To ensure that all
communities in
the district have
access to quality
education
services
- To ultimately
reduce maternal
and infant
deaths and
improve health
service care
- To raise
community
awareness of the
importance of
education |  | Samamba, Mwanisiya, and
Sambako)
- Construction of 5 CRBs in the next
10 years
- Establish ECE centers in all 149
primary and community schools
by 2035
- Establish recreational facilities in
all 161 schools in the next 10 years
- Connect 90% of households in the
urban area to the water supply
and reticulation network by 2035
- Provide 90% of rural households
with clean and safe water by
2035
- Rehabilitate the old water
storage tank
- Construct 1 sewer pond and
procure 1 vacuum tanker
- Enhance solid waste
management (Procure 1 skip
loader, two skip bins, construct 2"
CHAMA-DISTRICT-INTEGRATED-DEVELOPMENT-PLAN-28_02_2025.pdf|idp|2025|both|200|table|" |  |  | refuse bays, and have dumpsite
approved by ZEMA)"
CHAMA-DISTRICT-INTEGRATED-DEVELOPMENT-PLAN-28_02_2025.pdf|idp|2025|both|200|table|"PROMOTE ENERGY
MIX GENERATION
AND DISTRIBUTION | - Enhance the
generation,
transmission, and
distribution of
electricity
- Enhance
management of
petroleum
products | - Electricity transmission
and distribution
- Energy efficiency
promotion
- Off-grid energy solutions
- Green and renewable
energy
- Infrastructure
development | - Upscale distribution network to
1000 households by 2035
- Facilitate the establishment of a
solar power plant in Kambombo
chiefdom by 2035
- Facilitate the establishment of a
filling station in the district by 2035"
CHAMA-DISTRICT-INTEGRATED-DEVELOPMENT-PLAN-28_02_2025.pdf|idp|2025|both|200|table|"ENHANCED
ACCESS TO
FINANCIAL
SERVICES | Women, Youth and
community
empowerment | Livelihood and empowerment
schemes decentralization | - Facilitate the disbursement of
CDF Grants and Loan
empowerments
- Facilitating for backstopping of
cooperatives applying for
empowerment funding"
CHAMA-DISTRICT-INTEGRATED-DEVELOPMENT-PLAN-28_02_2025.pdf|idp|2025|both|200|table|"ENHANCE
ENVIRONMENTAL | Enhance resilience to
natural hazards, climate | - Land, forest, and water
management | - Place 250,000 Ha under
community forest management"
CHAMA-DISTRICT-INTEGRATED-DEVELOPMENT-PLAN-28_02_2025.pdf|idp|2025|both|201|table|"change, and wildlife-
related risks | - Green and renewable
energy
- Early warning system
- Resilient infrastructure
development
- Wildlife risk
management
- Climate change
adaptation
- Flood risk management
- Drought risk
management | and promote smart forest
management within 5 years.
(Mulilo, Chibale, Kambombo)
- Strengthening the capacity of
exiting 17 CFMGs
- Restore 500 hectares of
degraded forest area by
establishing and managing a
nursery of 500,000 tree seedlings
- Encouraging forest-based
industries through capacity-
building training in the 17 CFMGs
communities
- Encouraging forest-based
industries (bee-keeping)
- Strengthen Climate Change
Adaptation (construct 10
mechanized water systems in
strategic institutions within 10
years)
- Promote research and
development in water resources"
CHAMA-DISTRICT-INTEGRATED-DEVELOPMENT-PLAN-28_02_2025.pdf|idp|2025|both|202|table|" |  |  | and management by
establishing one climate-smart
water harvesting technology
- Promoting Climate Smart
Agriculture (CSA) in the 30
agricultural camps of Chama
district by 2033.
- Establish Off-Grid Energy Solutions
(a Solar power plant in the
Kambombo area)
- Training agriculture officers in 31
camps in early warning systems
(surveillance, data collection,
and reporting)."
CHAMA-DISTRICT-INTEGRATED-DEVELOPMENT-PLAN-28_02_2025.pdf|idp|2025|both|202|table|"PROMOTE
INCLUSIVE
GOVERNANCE AT
THE LOCAL LEVEL | - Enhance citizen
participation in
decision-making
processes.
- Foster
transparency
and | - Participatory planning
and governance
- Citizen engagement
- Inclusive services
programme
- Transparency and
accountability program | - Facilitate citizen-led planning
such as planning and budgeting
land use planning
- Holding regular public hearings
and town hall meetings
- Implement a Citizen Report Card
Initiative"
CHAMA-DISTRICT-INTEGRATED-DEVELOPMENT-PLAN-28_02_2025.pdf|idp|2025|both|203|table|"accountability in
local
governance.
- Promote equal
access to public
services and
opportunities.
- Strengthen
community
engagement
and social
cohesion.
- Strengthen land
management
and
administration
- | - Capacity building
- Social inclusion
- Partnership and
collaboration
- Land management and
administration | - Training and orientation of local
officials
- Vulnerable group's outreach
initiatives
- Facilitate the establishment of
two planning agreements in
Kambombo and Chikwa
chiefdoms"
CHAMA-DISTRICT-INTEGRATED-DEVELOPMENT-PLAN-28_02_2025.pdf|idp|2025|both|203|table|"SDA 1 | ECONOMIC TRANSFORMATION AND JOB CREATION"
CHAMA-DISTRICT-INTEGRATED-DEVELOPMENT-PLAN-28_02_2025.pdf|idp|2025|both|204|table|"SECTORS | TOURISM, AGRICULTURE, MINING, AND MANUFACTURING |  |  |  |  |  | "
CHAMA-DISTRICT-INTEGRATED-DEVELOPMENT-PLAN-28_02_2025.pdf|idp|2025|both|204|table|"MAIN OBJECTIVE | DIVERSIFICATION OF THE LOCAL ECONOMY THROUGH TOURISM PROMOTION, AGRICULTURAL DIVERSIFICATION, AND VALUE
ADDITION |  |  |  |  |  | "
CHAMA-DISTRICT-INTEGRATED-DEVELOPMENT-PLAN-28_02_2025.pdf|idp|2025|both|204|table|"SPECIFIC
OBJECTIVES | STRATEGIES | PROGRAMMES | PROJECTS | OUTPUTS | OUTCOMES | OUTPUT
INDICATORS | OUTCOME
INDICATORS"
CHAMA-DISTRICT-INTEGRATED-DEVELOPMENT-PLAN-28_02_2025.pdf|idp|2025|both|204|table|"To promote local
tourism | Develop the
outfitter road
infrastructure | Infrastructure
development | Rehabilitation of
10 kilometers
and
construction of
10 kilometers of
outfitter roads | Kilometers of
outfitter roads
constructed
and
rehabilitated | Improved and
increased road
users for outfitter
activities | No. of kilometers
of outfitter roads
rehabilitated
and 10
kilometers of
outfitter roads
constructed | More users
utilizing outfitter
roads
Increased
number of
outfitter activity
participants/
tourists"
CHAMA-DISTRICT-INTEGRATED-DEVELOPMENT-PLAN-28_02_2025.pdf|idp|2025|both|204|table|"To promote local
tourism | Developing
hospitality and
tourism
infrastructure | Infrastructure
development | Construction of
3 bush camps
Kambombo,
Tembwe, and
Chikwa, 1 5-star
hotel Chifunda,
and 1 lodge in
Lundu
Chiefdom. | Bush camps, 5-
star hotels, and
lodges
constructed | Improved
hospitality and
tourism
environment | No. of bush
camps, 1 5-star
hotel, and 1
lodge
constructed | Improved
hospitality and
tourism
environment
Increased
number of
tourists
Increased local
revenue"
CHAMA-DISTRICT-INTEGRATED-DEVELOPMENT-PLAN-28_02_2025.pdf|idp|2025|both|205|table|"Enhancement of
wildlife
management in
the district | Restocking of
wildlife | Wildlife
Management | Large mammal
aerial surveys
conducted
Restocking of
large mammals
in Nyika
National Park | Elephants and
buffaloes
restocked | Population of
key species
increased | No. of elephants
and Buffaloes
restocked | Increased
number of
tourists in the
district"
CHAMA-DISTRICT-INTEGRATED-DEVELOPMENT-PLAN-28_02_2025.pdf|idp|2025|both|205|table|"To promote crop
diversification | Promoting
agricultural
crop
diversification | Agribusiness
development | Promote crop
diversification of
soya beans,
groundnuts,
and rice by
establishing a
food fare
center/venue in
the district. | Food fare
centers
established | Increased
diversification of
crops produced
(Rice, soya
beans, and
ground nuts) | No. of food fare
centres
established | Increased
production of
rice, soya
beans, and
ground nuts"
CHAMA-DISTRICT-INTEGRATED-DEVELOPMENT-PLAN-28_02_2025.pdf|idp|2025|both|205|table|"To improve
knowledge of
food processing
and nutrition | Facilitate food
processing
and nutrition
training | Agribusiness
development | Conduct
Training in food
processing and
nutrition in all 31
camps | Farmer camps
trained in food
processing and
nutrition | Increased
number of
camps trained
in practicing
food processing
and nutrition | No. of farmers
camps trained
in food
processing and
nutrition | Improved
practice of food
processing and
nutrition in
agricultural
camps"
CHAMA-DISTRICT-INTEGRATED-DEVELOPMENT-PLAN-28_02_2025.pdf|idp|2025|both|205|table|"To improve
disaster
resilience | Establishing
early warning
systems
equipment in
all 31 camps | Early warning
and surveillance
systems | Strengthen
existing early
warning systems
by installing
early warning
equipment in all
31 camps in the
district | Camps with
established
early warning
systems | Improved
resilience to
climatic
impacts | No. of camps
with established
early warning
systems | Improved
resilience to
climatic
impacts
Reduced loss of
crop harvests"
CHAMA-DISTRICT-INTEGRATED-DEVELOPMENT-PLAN-28_02_2025.pdf|idp|2025|both|206|table|"To promote
climate-smart
agriculture | Establish
farmer field
demonstration
centres | Irrigation
development | Promote
Climate Smart
Agriculture
through
establishing
farmer field
demonstration
centres (CSA) in
all 31
agricultural
camps of
Chama district
by 2035. | Farmer field
demonstration
centers
established | Increased
number of
camps
practicing
sustainable
agriculture | No. of field
demonstration
centers
established in 31
camps | Improved
agricultural
practices and
environmental
sustainability"
CHAMA-DISTRICT-INTEGRATED-DEVELOPMENT-PLAN-28_02_2025.pdf|idp|2025|both|206|table|"To increase
access to the
market and
storage for crop
harvests | Establish
market centers
and construct
crop storage
depots | Agribusiness
development | Enhance
market linkages
by establishing 8
market centers
in the district
and
constructing 7
crop storage
depots | Market centers
established and
crop storage
depots
constructed | Increased
access to the
market and
crop storage
depots | No. of market
centres
established and
crop storage
depots
constructed | Improved
access to the
market and
improved crop
storage
Increased
agricultural
production and
productivity"
CHAMA-DISTRICT-INTEGRATED-DEVELOPMENT-PLAN-28_02_2025.pdf|idp|2025|both|206|table|"To enhance rice
production and
develop the rice
processing value
chain | Establish an
agro-
processing
industry | Agribusiness
development | Promote
agricultural
technologies
and value
chains for rice
production by
establishing an
agro-processing
industry | Agro-
processing
industries
established | Increased rice
processing | An established
rice agro-
processing
industry | Improved rice
processing and
trade both
within and
outside the
district"
CHAMA-DISTRICT-INTEGRATED-DEVELOPMENT-PLAN-28_02_2025.pdf|idp|2025|both|207|table|"To enhance
livestock
management in
the district | Establishing
livestock
centres | Livestock
development | Construct 4
livestock
centres in
Kalovya,
Kanyelele,
Chasato, and
Chizimba | Livestock
centres
constructed | Improved
livestock
management | No. of
constructed
livestock
centres | Improved
livestock trade
in the district"
CHAMA-DISTRICT-INTEGRATED-DEVELOPMENT-PLAN-28_02_2025.pdf|idp|2025|both|207|table|"To enhance
livestock trade in
the district | Establishing
livestock
market centres | Agribusiness
development | Construct 4
livestock market
centres in
Chifunda,
Mapamba,
Chikwa, and
Tembwe | Livestock
market centres
established | Increased
livestock trade | No. of livestock
market centres
established | Increased
number of
livestock
farmers and
traders"
CHAMA-DISTRICT-INTEGRATED-DEVELOPMENT-PLAN-28_02_2025.pdf|idp|2025|both|207|table|"To promote
hygiene in
livestock product
management | Constructing
slaughter
facilities | Agribusiness
development | Construct 2
livestock
slaughter
facilities | Livestock
slaughter
facilities
constructed | Improved
management
of livestock
products | No. of slaughter
facilities
constructed | Improved
handling of
livestock
products
Reduced
spread of
diseases"
CHAMA-DISTRICT-INTEGRATED-DEVELOPMENT-PLAN-28_02_2025.pdf|idp|2025|both|207|table|"To increase
pasture for
livestock | Plant pasture
for livestock
grazing | Livestock
development | Plant 40ha of
pasture (10ha
Farmer’s
training centre,
10ha Chasato,
10ha Kaozi, and
10ha Kanyelele) | Hectares of
Pasture planted | Increased
pasture for
livestock
grazing | No. hectares of
pasture planted | Improved
livestock
production
Improved
livestock
product quality"
CHAMA-DISTRICT-INTEGRATED-DEVELOPMENT-PLAN-28_02_2025.pdf|idp|2025|both|207|table|"To improve
livestock health | Construction
of dip tanks | Livestock
development | Construct 5 dip
tanks (FTC, | Dip tanks
constructed | Improved
livestock health | No. of dip tanks
constructed | Improved
livestock health"
CHAMA-DISTRICT-INTEGRATED-DEVELOPMENT-PLAN-28_02_2025.pdf|idp|2025|both|208|table|" |  |  | Kanyelele,
Chasato,
Kalovya, and
Kaozi) |  |  |  | Improved
livestock trade"
CHAMA-DISTRICT-INTEGRATED-DEVELOPMENT-PLAN-28_02_2025.pdf|idp|2025|both|208|table|"To promote
traditional and
non-traditional
minerals | Establish Public
Private
Partnerships
encouraging
small-scale
artisanal
mining
development | Artisanal and
small-scale
mining
development | PPPs for
artisanal small-
scale mining
established in all
7 Chiefdoms
(Kambombo,
Lundu, Chibale,
Mulilo, Chikwa,
Tembwe, and
Chifunda) | PPPs established | Improved
artisanal small-
scale mining
economy | No. of PPPs for
artisanal small-
scale mining
established | Improved
economic
recognition of
traditional and
non-traditional
minerals in
Chama district
both nationally
and
internationally"
CHAMA-DISTRICT-INTEGRATED-DEVELOPMENT-PLAN-28_02_2025.pdf|idp|2025|both|208|table|"To promote
livestock
production in the
district | Fence off
human
settlements to
reduce
human-wildlife
conflict cases | Livestock
development | Settlement
fencing in areas
prone to
Human-Wildlife
conflict
(Chifunda, and
Chikwa for a
start) | Affected
settlement
areas fenced
off | Reduced
number of
human-wildlife
conflict cases
and loss of
livestock | No. of affected
settlement
areas fenced
off | Increased
livestock
production and
livestock trade"
CHAMA-DISTRICT-INTEGRATED-DEVELOPMENT-PLAN-28_02_2025.pdf|idp|2025|both|208|table|"SECTORS | TRANSPORT AND COMMUNICATION |  |  |  |  |  | "
CHAMA-DISTRICT-INTEGRATED-DEVELOPMENT-PLAN-28_02_2025.pdf|idp|2025|both|208|table|"MAIN OBJECTIVE | DEVELOPMENT OF PUBLIC TRANSPORT AND COMMUNICATION INFRASTRUCTURE |  |  |  |  |  | "
CHAMA-DISTRICT-INTEGRATED-DEVELOPMENT-PLAN-28_02_2025.pdf|idp|2025|both|208|table|"SPECIFIC
OBJECTIVES | STRATEGIES | PROGRAMMES | PROJECTS | OUTPUTS | OUTCOMES | OUTPUT
INDICATORS | OUTCOME
INDICATORS"
CHAMA-DISTRICT-INTEGRATED-DEVELOPMENT-PLAN-28_02_2025.pdf|idp|2025|both|208|table|"To upgrade the
district’s | To upgrade
township | Road
development | Reconnaissanc
e, | km of | Improved
mobility | No. of km of
township roads | Provides easy
access and"
CHAMA-DISTRICT-INTEGRATED-DEVELOPMENT-PLAN-28_02_2025.pdf|idp|2025|both|209|table|"road network by
2035 | roads to
bituminous
standard | and
maintenance | survey and
mapping
of road network
Facilitate the
upgrading of
15km
of township
roads to
bituminous
standard
Facilitate
construction of
3
Crossing points | township roads
to
bituminous
standard
No. of km of
township roads
surveyed
No. of crossing
points
constructed | within the
district
resulting in
increased
economic
activity and
reduced
number of
accidents
Comprehensive
database of
township roads
in
the district
Improved
accessibility | upgraded to
bituminous
Standard
No. of km of
township roads
surveyed
No. of crossing
points
constructed | reduces
stagnant water."
CHAMA-DISTRICT-INTEGRATED-DEVELOPMENT-PLAN-28_02_2025.pdf|idp|2025|both|209|table|" | Rehabilitate
feeder roads
to all-weather
gravel
standard |  | Facilitate
upgrading
of km of feeder
roads to all-
gravel
standard | km of
feeder roads
upgraded to all-
gravel
standard | Better
accessibility to
isolated regions
within the
district for
farmers and
locals | No. of km of
feeder
roads upgraded
to
gravel standard | Reduced
development
gap between
rural and urban
areas"
CHAMA-DISTRICT-INTEGRATED-DEVELOPMENT-PLAN-28_02_2025.pdf|idp|2025|both|209|table|"To construct a
modern,
efficient, and
safe bus station
that enhances
the public
transportation in
the district | Conduct
feasibility
studies and
site analysis
Public
consultations
and
stakeholder
engagement | Construction and
infrastructure
development | Facilitate the
construction of
modern bus
station | Bus station
constructed | Improved
public
transportation | No. of bus
station
constructed | Improved
public
perception of
public
transportation"
CHAMA-DISTRICT-INTEGRATED-DEVELOPMENT-PLAN-28_02_2025.pdf|idp|2025|both|210|table|"Maintain district
airstrips | Upgrade the
district airstrips | Aviation
development | Facilitate the
upgrading of
1no. Airstrip
Vegetation
control around
3no. airstrips | Airstrips
upgraded
No. of airstrips
maintained | Improved
airfield
accessibility
Stimulate local
economic
growth | No. of airstrip
upgraded
3no. Airstrip
maintained | Increased
number of
flights landing"
CHAMA-DISTRICT-INTEGRATED-DEVELOPMENT-PLAN-28_02_2025.pdf|idp|2025|both|210|table|"Improve district
communication
infrastructure by
2035 | Construction
of
communicatio
n mast | Communication
technology
development | Facilitate the
construction of
5no.
Communicatio
n mast | Communicatio
n mast
constructed | Improved
communication
coverage and
quality
Enhanced
connectivity
and
accessibility | No of
communication
masts
constructed | Increase in
mobile network
coverage (%)
Reduction in
dropped
calls/complaint
s (%)"
CHAMA-DISTRICT-INTEGRATED-DEVELOPMENT-PLAN-28_02_2025.pdf|idp|2025|both|210|table|"SECTORS | EDUCATION, HEALTH AND SOCIAL SERVICES |  |  |  |  |  | "
CHAMA-DISTRICT-INTEGRATED-DEVELOPMENT-PLAN-28_02_2025.pdf|idp|2025|both|210|table|"MAIN OBJECTIVE | ENHANCEMENT OF SOCIAL SERVICE DELIVERY |  |  |  |  |  | "
CHAMA-DISTRICT-INTEGRATED-DEVELOPMENT-PLAN-28_02_2025.pdf|idp|2025|both|210|table|"SPECIFIC
OBJECTIVES | STRATEGIES | PROGRAMMES | PROJECTS | OUTPUTS | OUTCOMES | OUTPUT
INDICATORS | OUTCOME
INDICATORS"
CHAMA-DISTRICT-INTEGRATED-DEVELOPMENT-PLAN-28_02_2025.pdf|idp|2025|both|210|table|"To increase
access to
decent public
and social
housing | Constructing
housing
infrastructure | Public and social
housing | Construction of
28 staff houses
(Departments of
Agriculture-3,
Veterinary-3, | Staff houses
constructed | Improved
accommodatio
n for staff | No. of staff
houses
constructed | Increased and
improved
housing for staff"
CHAMA-DISTRICT-INTEGRATED-DEVELOPMENT-PLAN-28_02_2025.pdf|idp|2025|both|211|table|" |  |  | Education-6,
Forestry-3,
Health-8,
Zambia Police-
3, and
Immigration-2) |  |  |  | Improved
access to public
services
provision"
CHAMA-DISTRICT-INTEGRATED-DEVELOPMENT-PLAN-28_02_2025.pdf|idp|2025|both|211|table|"To promote
coordinated
land use and
settlement
development | Improve/upgr
ade the
settlement
area | Settlement
improvement | Improve/upgra
de Mtayachalo
settlement | Settlement
upgraded | Improved land
use and
coordinated
area
development | No. of
settlement area
upgraded | Improved living
environment
and
coordinated
area
development"
CHAMA-DISTRICT-INTEGRATED-DEVELOPMENT-PLAN-28_02_2025.pdf|idp|2025|both|211|table|"To improve water
storage and
irrigation | Construction
of dams | Infrastructure
development
and
maintenance | Construction of
two dams for
water storage
and irrigation | Dams
constructed | Improved water
storage and
irrigation | No. of Dams
constructed | Improved water
supply and
irrigation"
CHAMA-DISTRICT-INTEGRATED-DEVELOPMENT-PLAN-28_02_2025.pdf|idp|2025|both|211|table|"To enhance
water supply and
resource
management | Protecting well
fields and local
aquifers and
drilling
boreholes | Infrastructure
development
and
maintenance | Establish and
enhance the
management
of 2 well fields,
25 local
Aquifers, and 5
boreholes in the
district | Well fields and
local aquifers
are protected
as well as drilled
boreholes | Improved water
management
and water
supply | No. of well fields
and aquifers
protected
No. of boreholes
drilled | Enhanced
water resource
management
(well fields and
aquifers
protected) and
improved water
supply"
CHAMA-DISTRICT-INTEGRATED-DEVELOPMENT-PLAN-28_02_2025.pdf|idp|2025|both|211|table|"To improve
institutional
water supply | Construct
mechanized
water
reticulation
systems | Infrastructure
development
and
maintenance | Construct 10
mechanized
water systems
within ten
institutions years | Mechanized
water systems
constructed | Improved
institutional
water supply | No. of
mechanized
water systems
constructed | Improved
institutional
water supply,
hygiene, and
sanitation"
CHAMA-DISTRICT-INTEGRATED-DEVELOPMENT-PLAN-28_02_2025.pdf|idp|2025|both|212|table|"To improve
public hygiene
and sanitation in
public institutions | Construction
of public toilets
in public
institutions | Sanitation and
hygiene
promotion | Promote public
sanitation by
constructing 5
public toilets in 5
public
institutions in the
next 5 years | Public sanitation
facilities
constructed in
public
institutions | Improved
sanitation in
public
institutions | No. of public
toilets
constructed in
public
institutions | Improved
sanitation in
public
institutions
Reduced
contraction and
spread of
diseases"
CHAMA-DISTRICT-INTEGRATED-DEVELOPMENT-PLAN-28_02_2025.pdf|idp|2025|both|212|table|"To enhance
health care
service provision | Construction
of mini-
hospitals | Increase access
to quality health
care | Construction of
3 mini-hospitals
in Chikwa,
Chibale, and
Lundu | Mini-hospitals
constructed | Improved
access to
quality health
care | No. of mini-
hospitals
constructed | Improved
healthcare
service provision
Reduced
fatalities and
improved
disease control"
CHAMA-DISTRICT-INTEGRATED-DEVELOPMENT-PLAN-28_02_2025.pdf|idp|2025|both|212|table|"To enhance
access to quality
education | Construction
of education
facilities | Secondary
education | Construct 3
secondary
schools (1 in
Chiri Zone, a
Girls Boarding
Secondary
school in Kaozi,
and a special
needs
secondary
school in
Kamphemba) | Secondary
schools
constructed | Improved
access to
quality
secondary
education | No. of
secondary
schools
constructed | Improved
quality of
secondary
education"
CHAMA-DISTRICT-INTEGRATED-DEVELOPMENT-PLAN-28_02_2025.pdf|idp|2025|both|213|table|"To enhance
primary level
education | Upgrade
community
schools to
primary level | Primary
education | Upgrade 5
community
schools to
primary level
(Makeni,
Kajimomo,
Samamba,
Mwanisiya, and
Sambako) | Community
schools
upgraded | Increased
access to
primary level
education | No. of
community
schools
upgraded to
primary level
schools | Improved
quality of
primary level
education"
CHAMA-DISTRICT-INTEGRATED-DEVELOPMENT-PLAN-28_02_2025.pdf|idp|2025|both|213|table|"To increase
access to quality
education | Construction
of classroom
blocks (CRBs) | Enhance access
to quality,
equitable and
inclusive
education | Construction of
5 CRBs in the
next 10 years | Classroom
blocks
constructed | Improved
access to
quality
equitable, and
inclusive
education | No. of
classroom
blocks
constructed | Improved
access to
quality
equitable, and
inclusive
education at all
levels."
CHAMA-DISTRICT-INTEGRATED-DEVELOPMENT-PLAN-28_02_2025.pdf|idp|2025|both|213|table|"To increase
access to early
childhood
education (ECE)
in the district | Establish ECE
centres | Early childhood
education | Establish ECE
centres in all 149
primary and
community
schools by 2035 | ECE centres
established | Improved
access to ECE | No. of ECE
centres
established | Improved ECE"
CHAMA-DISTRICT-INTEGRATED-DEVELOPMENT-PLAN-28_02_2025.pdf|idp|2025|both|213|table|"To promote
physical
education and
physical health
of learners | Establish
recreational
facilities | Infrastructure
development | Establish
recreational
facilities in all
161 schools in
the next 10
years | Recreational
facilities
established | Improved
access to
recreational
facilities | No. of
recreational
facilities
established | Improved
physical health
of learners"
CHAMA-DISTRICT-INTEGRATED-DEVELOPMENT-PLAN-28_02_2025.pdf|idp|2025|both|214|table|"To enhance
access to water
supply in urban
areas | Extend water
reticulation
and supply
network | Infrastructure
development
and
maintenance | Connect 90% of
households in
the urban area
to the water
supply and
reticulation
network by 2035 | Households in
the urban area
connected to
the water
reticulation and
supply network | Improved
access to water
supply in urban
areas | % of households
connected to
water supply in
urban areas | Improved water
supply and
sanitation in
urban areas"
CHAMA-DISTRICT-INTEGRATED-DEVELOPMENT-PLAN-28_02_2025.pdf|idp|2025|both|214|table|"To enhance
access to water
supply in rural
areas | Drilling,
equipping and
rehabilitation
of boreholes | Infrastructure
development
and
maintenance | Provide 90% of
rural households
with clean and
safe water by
2035 | Water points
provided to 50
villages giving
access to clean
safe water | Improved
access to clean
water supply in
rural areas | No. of water
points provided
to 50 villages
giving access to
clean safe
water | Improved water
supply and
sanitation in
rural areas"
CHAMA-DISTRICT-INTEGRATED-DEVELOPMENT-PLAN-28_02_2025.pdf|idp|2025|both|214|table|"To improve water
management | Rehabilitate
water storage
tank | Infrastructure
development
and
maintenance | Rehabilitate the
old water
storage tank | Rehabilitated
water storage
tank | Improved water
supply and
management | No.
rehabilitated
water storage
tanks | Improved water
supply and
management"
CHAMA-DISTRICT-INTEGRATED-DEVELOPMENT-PLAN-28_02_2025.pdf|idp|2025|both|214|table|"To improve
sanitation levels
in the district | Construct
sewer pond
and procure
vacuum
tanker | Sanitation and
hygiene
promotion | Construct 1
sewer pond and
procure 1
vacuum tanker | A sewer pond
constructed
and a vacuum
tanker procured | Improved
sanitation | No. of sewer
ponds
constructed
and vacuum
tankers
procured | Improved
sanitation,
hygiene, and
public health"
CHAMA-DISTRICT-INTEGRATED-DEVELOPMENT-PLAN-28_02_2025.pdf|idp|2025|both|214|table|"To enhance solid
waste
management | Procure skip
loader, skip
bins, construct
refuse bays,
and have
dumpsite | Solid waste
management | Enhance solid
waste
management
(Procure 1 skip
loader, two skip
bins, construct 2
refuse bays, and | Skip loader and
skip bins
procured,
refuse bays
constructed,
and dumpsite | Improved solid
waste
management | No. of skip
loaders and skip
bins procured
No. of refuse
bays
constructed | Improved
sanitation and
public hygiene"
CHAMA-DISTRICT-INTEGRATED-DEVELOPMENT-PLAN-28_02_2025.pdf|idp|2025|both|215|table|" | approved by
ZEMA |  | have dumpsite
approved by
ZEMA) | approved by
ZEMA |  | No. of dumpsite
approved by
ZEMA | "
CHAMA-DISTRICT-INTEGRATED-DEVELOPMENT-PLAN-28_02_2025.pdf|idp|2025|both|215|table|"To enhance child
and adolescent
protection and
reduce
vulnerability | Assist
vulnerable
children and
adolescents
through
caseload
management | Child protection | Child protection
program
(children and
adolescents
assisted through
community
caseload
management) | Caseloads
managed | Enhanced child
and adolescent
protection
Reduced child
vulnerability | No. of
caseloads
managed | Enhanced child
and adolescent
protection
Safer
environment for
children and
adolescents"
CHAMA-DISTRICT-INTEGRATED-DEVELOPMENT-PLAN-28_02_2025.pdf|idp|2025|both|215|table|"To reduce
vulnerability
levels | Promote
access to
social cash
transfer | Social Cash
Transfer | Social Cash
Transfer | Caseload
managed | Reduce
vulnerability
levels | No. of
caseloads
managed | Reduce
vulnerability
levels"
CHAMA-DISTRICT-INTEGRATED-DEVELOPMENT-PLAN-28_02_2025.pdf|idp|2025|both|215|table|"To enhance
access to
disability services | Assist
vulnerable
differently-
abled
individuals
through
caseload
management | Disability services | Disability
services
(Caseload
management
for vulnerable
differently-
abled
individuals) | Caseload
managed | Enhanced
access to
disability
services | No. of
caseloads
managed | Reduced
vulnerability for
differently
abled
individuals"
CHAMA-DISTRICT-INTEGRATED-DEVELOPMENT-PLAN-28_02_2025.pdf|idp|2025|both|215|table|"To reduce
vulnerability
levels among
women within
the district | Enhance
access to cash
grants, training
in life skills,
micro-credit,
and
empowermen | Livelihood and
empowerment
schemes
decentralization | Livelihood and
Empowerment
Decentralisatio
n (Women
empowerment) | Caseload
managed | Enhance
access to cash
grants, training
in life skills,
micro-credit,
and
empowerment | No. of
caseloads
managed | Reduced
vulnerability
levels for
women"
CHAMA-DISTRICT-INTEGRATED-DEVELOPMENT-PLAN-28_02_2025.pdf|idp|2025|both|216|table|" | t support for
vulnerable
women |  |  |  | support for
vulnerable
women |  | "
CHAMA-DISTRICT-INTEGRATED-DEVELOPMENT-PLAN-28_02_2025.pdf|idp|2025|both|216|table|"To enhance
access to
welfare | Promote
access to self-
help initiative
programs | Self-help
initiatives | Self - Help
Initiatives
promotion
(Training in
mindset
change, access
to food security
packs, support
with livestock,
and support
with agricultural
insurance) | Caseload
managed | Increased
number of
vulnerable
beneficiaries
accessing the
program | No. of
caseloads
managed | Reduced
vulnerability
levels
Increase in
innovative
ventures and
alternative
livelihoods"
CHAMA-DISTRICT-INTEGRATED-DEVELOPMENT-PLAN-28_02_2025.pdf|idp|2025|both|216|table|"SECTORS | ENERGY |  |  |  |  |  | "
CHAMA-DISTRICT-INTEGRATED-DEVELOPMENT-PLAN-28_02_2025.pdf|idp|2025|both|216|table|"MAIN OBJECTIVE | PROMOTE ENERGY MIX GENERATION AND DISTRIBUTION |  |  |  |  |  | "
CHAMA-DISTRICT-INTEGRATED-DEVELOPMENT-PLAN-28_02_2025.pdf|idp|2025|both|216|table|"SPECIFIC
OBJECTIVES | STRATEGIES | PROGRAMMES | PROJECTS | OUTPUTS | OUTCOMES | OUTPUT
INDICATORS | OUTCOME
INDICATORS"
CHAMA-DISTRICT-INTEGRATED-DEVELOPMENT-PLAN-28_02_2025.pdf|idp|2025|both|216|table|"To enhance
access to
electrical power
supply | Extension of
the electrical
power supply
grid | Electricity
transmission and
distribution | Upscale
distribution
network to 1000
households by
2035 | Households
connected to
the electrical
power supply
grid | Increased
number of
houses with
access to
electrical power
supply | No. of
households
connected to
the electrical
power supply
grid | Increased
number of
households with
access to
electrical power
supply"
CHAMA-DISTRICT-INTEGRATED-DEVELOPMENT-PLAN-28_02_2025.pdf|idp|2025|both|216|table|"To promote the
establishment of | Establish a
solar power
plant | Green and
renewable
energy | Facilitate the
establishment of
a solar power | Solar power
plant
established | Increased
alternative
energy sources | No. of solar
power plants
established | Increased
number of"
CHAMA-DISTRICT-INTEGRATED-DEVELOPMENT-PLAN-28_02_2025.pdf|idp|2025|both|217|table|"alternative
energy sources |  |  | plant in
Kambombo
chiefdom by
2035 |  |  |  | alternative
energy sources
Reduced
dependency on
hydro-electric
power supply"
CHAMA-DISTRICT-INTEGRATED-DEVELOPMENT-PLAN-28_02_2025.pdf|idp|2025|both|217|table|"To establish a
local supply of
fuel | Facilitate the
establishment
of a filling
station | Infrastructure
development | Facilitate the
establishment of
a filling station in
the district by
2035 | Filling station
established | Established
access to local
fuel service
provision | No. of filling
stations
established | Improved
supply of fuel in
the district"
CHAMA-DISTRICT-INTEGRATED-DEVELOPMENT-PLAN-28_02_2025.pdf|idp|2025|both|217|table|"SECTORS |  |  |  |  |  |  | "
CHAMA-DISTRICT-INTEGRATED-DEVELOPMENT-PLAN-28_02_2025.pdf|idp|2025|both|217|table|"MAIN OBJECTIVE | ENHANCE ENVIRONMENTAL PROTECTION AND SUSTAINABILITY |  |  |  |  |  | "
CHAMA-DISTRICT-INTEGRATED-DEVELOPMENT-PLAN-28_02_2025.pdf|idp|2025|both|217|table|"SPECIFIC
OBJECTIVES | STRATEGIES | PROGRAMMES | PROJECTS | OUTPUTS | OUTCOMES | OUTPUT
INDICATORS | OUTCOME
INDICATORS"
CHAMA-DISTRICT-INTEGRATED-DEVELOPMENT-PLAN-28_02_2025.pdf|idp|2025|both|217|table|"To enhance
forest
management
and protection | Establish
community
forest
management
area and
promote smart
forest
management | Sustainable land,
forest, and water
management | Place 250,000
Ha under
community
forest
management
and promote
smart forest
management
within 5 years.
(Mulilo, Chibale,
Kambombo) | Hectares
placed under
community
forest
management | Enhanced forest
management
and protection | No. of hectares
placed under
community
forest
management | Improved forest
resource
management
and protection"
CHAMA-DISTRICT-INTEGRATED-DEVELOPMENT-PLAN-28_02_2025.pdf|idp|2025|both|218|table|"To enhance
forest
management
and protection | Capacity build
CFMGs | Sustainable land,
forest, and water
management | Strengthening
the capacity of
exiting 17
CFMGs | CFMGs
capacity-built in
forest
management | Improved forest
management | No. of CFMGs
capacity-built in
forest
management | Improved forest
management
and protection
Reduced rate of
forest depletion"
CHAMA-DISTRICT-INTEGRATED-DEVELOPMENT-PLAN-28_02_2025.pdf|idp|2025|both|218|table|"To restore
degraded forest
areas | Establish a
nursery of
seedlings and
plant them to
replenish
degraded
forest areas
Protect riverine
ecosystem | Sustainable land,
forest, and water
management | Restore 500
hectares of
degraded forest
area by
establishing and
managing a
nursery of
500,000 tree
seedlings | Hectares of
degraded forest
area
replenished | Revived forest
areas and
vegetation
along
riverbanks | No. of hectares
of degraded
forest area
replenished | Revived forest
cover
Reduction in
erosion
Increase in
riverbank
vegetation
cover"
CHAMA-DISTRICT-INTEGRATED-DEVELOPMENT-PLAN-28_02_2025.pdf|idp|2025|both|218|table|"To reduced
dependence on
forest resource
depletion | Capacity-
build CFMGs in
forest-based
industrialisatio
n for forest
sustainability | Sustainable land,
forest, and water
management | Encouraging
forest-based
industries
through
capacity-
building training
in the 17 CFMGs
communities | CFMGs
capacity-built in
forest-based
industries | Reduced
dependency of
forest-depleting
economic
activities such
as charcoal
production | No. of CFMGs
capacity-built in
forest-based
industries | Reduced forest
depletion rate
Increased
alternative
forest-based
economic
activities"
CHAMA-DISTRICT-INTEGRATED-DEVELOPMENT-PLAN-28_02_2025.pdf|idp|2025|both|218|table|"To promote
research in
climate-smart
technology for
climate change
resilience | Establish a
climate-smart
technology
and research it
to deduce
impact in
mitigating
climate
change | Sustainable land,
forest, and water
management | Promote
research and
development in
water resources
and
management
by establishing
one climate-
smart water | Climate-smart
technologies
established
(Water
harvesting
climate-smart
technology) | Increased
knowledge on
water
management
for climate
resilience and
climatic impact
mitigation | No. of climate-
smart
technologies
established
(Water
harvesting
climate-smart
technology) | Enhanced
knowledge on
water
management
and harvesting
for climate
change
resilience"
CHAMA-DISTRICT-INTEGRATED-DEVELOPMENT-PLAN-28_02_2025.pdf|idp|2025|both|219|table|" |  |  | harvesting
technology |  |  |  | Improved flood
water control"
CHAMA-DISTRICT-INTEGRATED-DEVELOPMENT-PLAN-28_02_2025.pdf|idp|2025|both|219|table|"To encourage
sustainable
agriculture | Enhance
training in
climate smart
agriculture | Sustainable
agriculture
promotion | Promoting
Climate Smart
Agriculture
(CSA) in the 30
agricultural
camps of
Chama district
by 2033. | Climate smart
agriculture
technologies
promoted in 31
camps | Increased
number of
camps
implementing
climate smart
agriculture | No. of climate
smart
agriculture
technologies
promoted in 31
camps | Increased
number of
climate smart
technologies
implemented in
31 camps
Improved
agricultural
practices"
CHAMA-DISTRICT-INTEGRATED-DEVELOPMENT-PLAN-28_02_2025.pdf|idp|2025|both|219|table|"To promote the
establishment of
alternative
energy sources | Establish clean
and
renewable off-
grid energy
source (Solar
power plant) | Green and
renewable
energy | Establish Off-
Grid Energy
Solutions (a
Solar power
plant in the
Kambombo
area) | Off-grid energy
solutions
established | Increased
number of
alternative
energy sources | No. of off-grid
energy solutions
established | Increased
renewable
energy sources
Reduced
dependency on
wood fuel"
CHAMA-DISTRICT-INTEGRATED-DEVELOPMENT-PLAN-28_02_2025.pdf|idp|2025|both|219|table|"To improve
disaster
mitigation and
adaptation | Flood
preparedness,
response and
recovery | Flood Risk
assessment and
mapping
Flood plain
management
Community-
based flood risk
management | Conduct flood-
risk mapping
and assessment
Training camp
officers in 31
camps in early
warning systems
Conduct
community
flood | Flood warning
systems installed
Flood-risk maps
produced
Number of
community
training sessions
conducted | Reduced flood-
related
damage
Decrease flood-
related
displacement
Improved
public
awareness of
flood risk | 2no. flood-risk
maps produced
50% population
covered by
early warning
systems
24 community
training sessions
conducted | Reduction in
flood-related
damages
Decrease in
flood-related
displacement
Increase in
public
awareness of
flood risk"
CHAMA-DISTRICT-INTEGRATED-DEVELOPMENT-PLAN-28_02_2025.pdf|idp|2025|both|220|table|" |  |  | preparedness
training
Develop a flood
evacuation
plan | Evacuation
plans
established | Enhanced
emergency
response
capabilities
Reduced
economic losses | 1no. flood
evacuation
plan developed | Reduction in
response time to
flood
emergencies
Economic losses
due to flooding"
CHAMA-DISTRICT-INTEGRATED-DEVELOPMENT-PLAN-28_02_2025.pdf|idp|2025|both|220|table|" | Drought
preparedness,
response and
recovery | Drought Risk
assessment and
mapping
Water
conservation and
efficiency
Early warning
systems
Community-
based drought
management | Water
harvesting and
storage
infrastructure
constructed
Irrigation system
development
community
drought
preparedness
training | Number of
water
harvesting
structures built
Number of
people trained
in drought
preparedness
Water
conservation
measures
implemented | Decreased
drought-related
water scarcity
Improved
drought
resilience
among
communities | 5no. water
harvesting
structures
constructed
180 people
trained in
drought
preparedness
Water
conservation
measures
adoption rate | Increase in
drought-related
water scarcity
Increase in
drought
resilience
among
communities
Reduction in the
number of
drought-related
livestock deaths"
CHAMA-DISTRICT-INTEGRATED-DEVELOPMENT-PLAN-28_02_2025.pdf|idp|2025|both|220|table|"SECTORS | GOVERNANCE |  |  |  |  |  | "
CHAMA-DISTRICT-INTEGRATED-DEVELOPMENT-PLAN-28_02_2025.pdf|idp|2025|both|220|table|"MAIN OBJECTIVE | PROMOTE INCLUSIVE GOVERNANCE AT THE LOCAL LEVEL BY 2035 |  |  |  |  |  | "
CHAMA-DISTRICT-INTEGRATED-DEVELOPMENT-PLAN-28_02_2025.pdf|idp|2025|both|220|table|"SPECIFIC
OBJECTIVES | STRATEGIES | PROGRAMMES | PROJECTS | OUTPUTS | OUTCOMES | OUTPUT
INDICATORS | OUTCOME
INDICATORS"
CHAMA-DISTRICT-INTEGRATED-DEVELOPMENT-PLAN-28_02_2025.pdf|idp|2025|both|220|table|"Enhance citizen
participation in
decision-making
processes in all
the wards | Inclusive Policy
Development
Public
Engagement
and
Consultation | Citizen
Engagement
Program
Participatory
Governance
Initiative | Stakeholder
engagement
meetings | Participatory
Budgeting Plans
developed
PLUPs
developed | Increased
Citizen
Participation
Improved
Decision-
Making Quality | No. of
Participatory
Budgeting Plans
developed
No. of PLUPs
developed | Increase in
citizen
participation
rate
Reduction in
decision-"
CHAMA-DISTRICT-INTEGRATED-DEVELOPMENT-PLAN-28_02_2025.pdf|idp|2025|both|221|table|" | Participatory
Budgeting
Citizen-Led
Planning | Community
Development
Program
Public Policy
Dialogue Series
Civic Education
and Awareness
Program |  | Women in
WDCs
Women
In civic
leadership
Youths in civic
leadership | Enhanced
Transparency
and
Accountability
Stronger
Community
Cohesion
More
Responsive
Governance | No. of women in
WDCs
No. of women
In civic
leadership
No. of youths in
civic leadership | making
complaints
Improvement in
transparency
and
accountability
ratings
Increase in
community
cohesion and
social capital
Citizen
satisfaction with
governance
services"
CHAMA-DISTRICT-INTEGRATED-DEVELOPMENT-PLAN-28_02_2025.pdf|idp|2025|both|221|table|"Strengthen Land
Management
and
Administration
for the Local
Authority by 2035 | Establishing
planning
agreements
with traditional
leadership
Establishing
local area
plans | Land
administration
and
management | Facilitate the
establishment of
two planning
agreements in
Kambombo
and Chikwa
chiefdoms
Facilitate
establishment of
one Local Area
Plan within the
township
boundary | Planning
agreements
developed
Local Area Plan
developed | Enhanced
Coordinated
development
and land use | No. of planning
agreements
developed
No. of Local
Area Plans
developed | Reduction in
land use
conflicts
Reduction in
land
encroachments
Better
infrastructure
planning and
provision"
CHAMA-DISTRICT-INTEGRATED-DEVELOPMENT-PLAN-28_02_2025.pdf|idp|2025|both|221|table|"To enhance
decentralization | Capacity
building Ward | Capacity
development | Facilitate the
capacity | WDCs
undertaking | Improved
implementation
of government | No. of WDCs
undertaking | Improved
participation of
lower-level"
CHAMA-DISTRICT-INTEGRATED-DEVELOPMENT-PLAN-28_02_2025.pdf|idp|2025|both|222|table|" | Development
Committees |  | building of all 24
WDCs | capacity
building | policies at ward
level | capacity
building | structures in
identification of
priority projects,
Increased
number of
beneficiaries
accessing
empowerment
and bursary
support
programmes"
CHAMA-DISTRICT-INTEGRATED-DEVELOPMENT-PLAN-28_02_2025.pdf|idp|2025|both|223|text_fallback|SPATIAL DEVELOPMENT FRAMEWORK
CHAMA-DISTRICT-INTEGRATED-DEVELOPMENT-PLAN-28_02_2025.pdf|idp|2025|both|223|text_fallback|Introduction
CHAMA-DISTRICT-INTEGRATED-DEVELOPMENT-PLAN-28_02_2025.pdf|idp|2025|both|223|text_fallback|The Spatial Development Framework (SDF) guides the district's growth by aligning
CHAMA-DISTRICT-INTEGRATED-DEVELOPMENT-PLAN-28_02_2025.pdf|idp|2025|both|223|text_fallback|future development with its vision, mission, and goals. It optimizes land use,
CHAMA-DISTRICT-INTEGRATED-DEVELOPMENT-PLAN-28_02_2025.pdf|idp|2025|both|223|text_fallback|maximizes infrastructure, protects the environment, and enhances transportation,
CHAMA-DISTRICT-INTEGRATED-DEVELOPMENT-PLAN-28_02_2025.pdf|idp|2025|both|223|text_fallback|settlements, and cultural sites, ensuring sustainable and organized development.
CHAMA-DISTRICT-INTEGRATED-DEVELOPMENT-PLAN-28_02_2025.pdf|idp|2025|both|223|text_fallback|Baseline situation/trends
CHAMA-DISTRICT-INTEGRATED-DEVELOPMENT-PLAN-28_02_2025.pdf|idp|2025|both|223|text_fallback|Chama District has seen substantial changes in recent decades, largely driven by
CHAMA-DISTRICT-INTEGRATED-DEVELOPMENT-PLAN-28_02_2025.pdf|idp|2025|both|223|text_fallback|population growth, which has increased demand for housing and led to a
CHAMA-DISTRICT-INTEGRATED-DEVELOPMENT-PLAN-28_02_2025.pdf|idp|2025|both|223|text_fallback|gradual improvement in building quality. However, many structures remain
CHAMA-DISTRICT-INTEGRATED-DEVELOPMENT-PLAN-28_02_2025.pdf|idp|2025|both|223|text_fallback|substandard, which heightens vulnerability to floods, particularly in areas like
CHAMA-DISTRICT-INTEGRATED-DEVELOPMENT-PLAN-28_02_2025.pdf|idp|2025|both|223|text_fallback|Vilimukulu, Lunzi, Mapamba, Mwalala, Kalinkhu, and Mphalausenga wards.
CHAMA-DISTRICT-INTEGRATED-DEVELOPMENT-PLAN-28_02_2025.pdf|idp|2025|both|223|text_fallback|Water and sanitation have progressed gradually, with population growth straining
CHAMA-DISTRICT-INTEGRATED-DEVELOPMENT-PLAN-28_02_2025.pdf|idp|2025|both|223|text_fallback|both urban and rural water supplies. Partnerships, especially in Chama South,
CHAMA-DISTRICT-INTEGRATED-DEVELOPMENT-PLAN-28_02_2025.pdf|idp|2025|both|223|text_fallback|have been established to enhance water infrastructure, with support from
CHAMA-DISTRICT-INTEGRATED-DEVELOPMENT-PLAN-28_02_2025.pdf|idp|2025|both|223|text_fallback|organizations like World Vision, UNICEF, and TRALARD. Nevertheless, sanitation
CHAMA-DISTRICT-INTEGRATED-DEVELOPMENT-PLAN-28_02_2025.pdf|idp|2025|both|223|text_fallback|remains a critical issue, with only Muchinga Ward declared open-defecation-free
CHAMA-DISTRICT-INTEGRATED-DEVELOPMENT-PLAN-28_02_2025.pdf|idp|2025|both|223|text_fallback|out of 24 wards.
CHAMA-DISTRICT-INTEGRATED-DEVELOPMENT-PLAN-28_02_2025.pdf|idp|2025|both|223|text_fallback|Electricity, primarily supplied by ZESCO, recently improved with the district’s
CHAMA-DISTRICT-INTEGRATED-DEVELOPMENT-PLAN-28_02_2025.pdf|idp|2025|both|223|text_fallback|connection to the national grid in late 2023, leading to infrastructure expansion.
CHAMA-DISTRICT-INTEGRATED-DEVELOPMENT-PLAN-28_02_2025.pdf|idp|2025|both|223|text_fallback|Projects to extend the power distribution to Chikwa, Tembwe, and Kambombo
CHAMA-DISTRICT-INTEGRATED-DEVELOPMENT-PLAN-28_02_2025.pdf|idp|2025|both|223|text_fallback|chiefdoms are underway, alongside a solar project in Lundu. Still, only
CHAMA-DISTRICT-INTEGRATED-DEVELOPMENT-PLAN-28_02_2025.pdf|idp|2025|both|223|text_fallback|Kamphemba Ward has partial access to the national grid.
CHAMA-DISTRICT-INTEGRATED-DEVELOPMENT-PLAN-28_02_2025.pdf|idp|2025|both|223|text_fallback|193
CHAMA-DISTRICT-INTEGRATED-DEVELOPMENT-PLAN-28_02_2025.pdf|idp|2025|both|224|text_fallback|Forestry resources face pressure due to settlement encroachment in the Lundazi
CHAMA-DISTRICT-INTEGRATED-DEVELOPMENT-PLAN-28_02_2025.pdf|idp|2025|both|224|text_fallback|National Forest. Efforts by the government and partners to promote sustainable
CHAMA-DISTRICT-INTEGRATED-DEVELOPMENT-PLAN-28_02_2025.pdf|idp|2025|both|224|text_fallback|management through community forest areas (CFMAs) are promising, though
CHAMA-DISTRICT-INTEGRATED-DEVELOPMENT-PLAN-28_02_2025.pdf|idp|2025|both|224|text_fallback|challenges remain. A pressing issue is balancing environmental protection with
CHAMA-DISTRICT-INTEGRATED-DEVELOPMENT-PLAN-28_02_2025.pdf|idp|2025|both|224|text_fallback|the demand for resources, such as the government’s goal to provide desks for
CHAMA-DISTRICT-INTEGRATED-DEVELOPMENT-PLAN-28_02_2025.pdf|idp|2025|both|224|text_fallback|students by December 2024, which intensifies forest resource use.
CHAMA-DISTRICT-INTEGRATED-DEVELOPMENT-PLAN-28_02_2025.pdf|idp|2025|both|224|text_fallback|Mining remains largely undeveloped, limited to exploration and small-scale
CHAMA-DISTRICT-INTEGRATED-DEVELOPMENT-PLAN-28_02_2025.pdf|idp|2025|both|224|text_fallback|activities, mainly in the Lundazi forest, adding complexity to conservation efforts.
CHAMA-DISTRICT-INTEGRATED-DEVELOPMENT-PLAN-28_02_2025.pdf|idp|2025|both|224|text_fallback|Tourism continues to be economically important, with community resource
CHAMA-DISTRICT-INTEGRATED-DEVELOPMENT-PLAN-28_02_2025.pdf|idp|2025|both|224|text_fallback|boards (CRBs) funding projects in Lundu, Kambombo, Tembwe, Chikwa, and
CHAMA-DISTRICT-INTEGRATED-DEVELOPMENT-PLAN-28_02_2025.pdf|idp|2025|both|224|text_fallback|Chifunda, although human-wildlife conflicts, particularly during droughts, have
CHAMA-DISTRICT-INTEGRATED-DEVELOPMENT-PLAN-28_02_2025.pdf|idp|2025|both|224|text_fallback|increased in Chama South.
CHAMA-DISTRICT-INTEGRATED-DEVELOPMENT-PLAN-28_02_2025.pdf|idp|2025|both|224|text_fallback|Agriculture has diversified, moving beyond traditional cotton and rice to include
CHAMA-DISTRICT-INTEGRATED-DEVELOPMENT-PLAN-28_02_2025.pdf|idp|2025|both|224|text_fallback|maize, soybeans, and other crops. Livestock farming, predominantly in the North
CHAMA-DISTRICT-INTEGRATED-DEVELOPMENT-PLAN-28_02_2025.pdf|idp|2025|both|224|text_fallback|constituency where wildlife conflicts are minimal, and fish farming are also
CHAMA-DISTRICT-INTEGRATED-DEVELOPMENT-PLAN-28_02_2025.pdf|idp|2025|both|224|text_fallback|developing, though they need further infrastructure and resources.
CHAMA-DISTRICT-INTEGRATED-DEVELOPMENT-PLAN-28_02_2025.pdf|idp|2025|both|224|text_fallback|Population growth has heightened demand for social services, including health,
CHAMA-DISTRICT-INTEGRATED-DEVELOPMENT-PLAN-28_02_2025.pdf|idp|2025|both|224|text_fallback|education, and social welfare. The Constituency Development Fund (CDF) of
CHAMA-DISTRICT-INTEGRATED-DEVELOPMENT-PLAN-28_02_2025.pdf|idp|2025|both|224|text_fallback|2021 has aided in road improvements and educational support, including
CHAMA-DISTRICT-INTEGRATED-DEVELOPMENT-PLAN-28_02_2025.pdf|idp|2025|both|224|text_fallback|secondary school funding and skills training. Social welfare has received boosts in
CHAMA-DISTRICT-INTEGRATED-DEVELOPMENT-PLAN-28_02_2025.pdf|idp|2025|both|224|text_fallback|grants and loans under the new CDF, improving literacy but also leading to an
CHAMA-DISTRICT-INTEGRATED-DEVELOPMENT-PLAN-28_02_2025.pdf|idp|2025|both|224|text_fallback|increase in educated youth seeking employment outside the district.
CHAMA-DISTRICT-INTEGRATED-DEVELOPMENT-PLAN-28_02_2025.pdf|idp|2025|both|224|text_fallback|Commerce and trade have expanded, aided by the CDF, leading to more
CHAMA-DISTRICT-INTEGRATED-DEVELOPMENT-PLAN-28_02_2025.pdf|idp|2025|both|224|text_fallback|cooperatives and economic activities such as small-scale milling, poultry, and
CHAMA-DISTRICT-INTEGRATED-DEVELOPMENT-PLAN-28_02_2025.pdf|idp|2025|both|224|text_fallback|livestock trading. However, growth is limited by a lack of commercial banking
CHAMA-DISTRICT-INTEGRATED-DEVELOPMENT-PLAN-28_02_2025.pdf|idp|2025|both|224|text_fallback|services, with only NATSAVE bank and one official market serving the district.
CHAMA-DISTRICT-INTEGRATED-DEVELOPMENT-PLAN-28_02_2025.pdf|idp|2025|both|224|text_fallback|194
CHAMA-DISTRICT-INTEGRATED-DEVELOPMENT-PLAN-28_02_2025.pdf|idp|2025|both|225|text_fallback|The ‘Do-Nothing’ Outcomes
CHAMA-DISTRICT-INTEGRATED-DEVELOPMENT-PLAN-28_02_2025.pdf|idp|2025|both|225|text_fallback|Long-term development requires substantial investment, often at a high cost. To
CHAMA-DISTRICT-INTEGRATED-DEVELOPMENT-PLAN-28_02_2025.pdf|idp|2025|both|225|text_fallback|understand if such an investment is essential, here is an analysis of potential
CHAMA-DISTRICT-INTEGRATED-DEVELOPMENT-PLAN-28_02_2025.pdf|idp|2025|both|225|text_fallback|outcomes if current conditions persist.
CHAMA-DISTRICT-INTEGRATED-DEVELOPMENT-PLAN-28_02_2025.pdf|idp|2025|both|225|text_fallback|Firstly, population growth in Chama district is inevitable and central to future
CHAMA-DISTRICT-INTEGRATED-DEVELOPMENT-PLAN-28_02_2025.pdf|idp|2025|both|225|text_fallback|developments. With over 70% of the population relying on subsistence farming,
CHAMA-DISTRICT-INTEGRATED-DEVELOPMENT-PLAN-28_02_2025.pdf|idp|2025|both|225|text_fallback|agriculture is both a critical economic driver and a significant source of
CHAMA-DISTRICT-INTEGRATED-DEVELOPMENT-PLAN-28_02_2025.pdf|idp|2025|both|225|text_fallback|environmental stress. Population growth will increase the demand for food,
CHAMA-DISTRICT-INTEGRATED-DEVELOPMENT-PLAN-28_02_2025.pdf|idp|2025|both|225|text_fallback|leading to a need for more agricultural land and mounting pressure on protected
CHAMA-DISTRICT-INTEGRATED-DEVELOPMENT-PLAN-28_02_2025.pdf|idp|2025|both|225|text_fallback|areas. If left unchecked, this expansion threatens sectors like forestry and energy,
CHAMA-DISTRICT-INTEGRATED-DEVELOPMENT-PLAN-28_02_2025.pdf|idp|2025|both|225|text_fallback|impacting multiple areas.
CHAMA-DISTRICT-INTEGRATED-DEVELOPMENT-PLAN-28_02_2025.pdf|idp|2025|both|225|text_fallback|Population growth also raises the demand for social services. Housing demand is
CHAMA-DISTRICT-INTEGRATED-DEVELOPMENT-PLAN-28_02_2025.pdf|idp|2025|both|225|text_fallback|already high, and without targeted development, the housing shortage will
CHAMA-DISTRICT-INTEGRATED-DEVELOPMENT-PLAN-28_02_2025.pdf|idp|2025|both|225|text_fallback|worsen, bringing additional challenges. Rising demand may attract more real
CHAMA-DISTRICT-INTEGRATED-DEVELOPMENT-PLAN-28_02_2025.pdf|idp|2025|both|225|text_fallback|estate developers but also lead to social and spatial conflicts, including land use
CHAMA-DISTRICT-INTEGRATED-DEVELOPMENT-PLAN-28_02_2025.pdf|idp|2025|both|225|text_fallback|clashes and boundary encroachments. This will further complicate development
CHAMA-DISTRICT-INTEGRATED-DEVELOPMENT-PLAN-28_02_2025.pdf|idp|2025|both|225|text_fallback|across sectors such as water, sanitation, and health.
CHAMA-DISTRICT-INTEGRATED-DEVELOPMENT-PLAN-28_02_2025.pdf|idp|2025|both|225|text_fallback|Similarly, population increases will stress water and sanitation infrastructure.
CHAMA-DISTRICT-INTEGRATED-DEVELOPMENT-PLAN-28_02_2025.pdf|idp|2025|both|225|text_fallback|Without proactive solutions, residents might turn to harmful practices, jeopardizing
CHAMA-DISTRICT-INTEGRATED-DEVELOPMENT-PLAN-28_02_2025.pdf|idp|2025|both|225|text_fallback|the district’s goal of Open Defecation Free (ODF) status. This shift could heighten
CHAMA-DISTRICT-INTEGRATED-DEVELOPMENT-PLAN-28_02_2025.pdf|idp|2025|both|225|text_fallback|exposure to waterborne diseases, especially during rainy seasons or in the event
CHAMA-DISTRICT-INTEGRATED-DEVELOPMENT-PLAN-28_02_2025.pdf|idp|2025|both|225|text_fallback|of flooding.
CHAMA-DISTRICT-INTEGRATED-DEVELOPMENT-PLAN-28_02_2025.pdf|idp|2025|both|225|text_fallback|Increased population will also strain health services and infrastructure, which are
CHAMA-DISTRICT-INTEGRATED-DEVELOPMENT-PLAN-28_02_2025.pdf|idp|2025|both|225|text_fallback|already stretched thin. Accessibility issues, especially due to limited transport
CHAMA-DISTRICT-INTEGRATED-DEVELOPMENT-PLAN-28_02_2025.pdf|idp|2025|both|225|text_fallback|infrastructure, will intensify. The rising demand on healthcare will further stress the
CHAMA-DISTRICT-INTEGRATED-DEVELOPMENT-PLAN-28_02_2025.pdf|idp|2025|both|225|text_fallback|district’s social welfare sector.
CHAMA-DISTRICT-INTEGRATED-DEVELOPMENT-PLAN-28_02_2025.pdf|idp|2025|both|225|text_fallback|195
CHAMA-DISTRICT-INTEGRATED-DEVELOPMENT-PLAN-28_02_2025.pdf|idp|2025|both|226|text_fallback|A vulnerable, unhealthy society is a poor one, especially since 57% of Chama’s
CHAMA-DISTRICT-INTEGRATED-DEVELOPMENT-PLAN-28_02_2025.pdf|idp|2025|both|226|text_fallback|population is aged 0 to 19 and reliant on a relatively small workforce. Mortality
CHAMA-DISTRICT-INTEGRATED-DEVELOPMENT-PLAN-28_02_2025.pdf|idp|2025|both|226|text_fallback|among the working-age population increases dependency and may push many
CHAMA-DISTRICT-INTEGRATED-DEVELOPMENT-PLAN-28_02_2025.pdf|idp|2025|both|226|text_fallback|young people towards negative coping mechanisms for survival.
CHAMA-DISTRICT-INTEGRATED-DEVELOPMENT-PLAN-28_02_2025.pdf|idp|2025|both|226|text_fallback|Alternative spatial development scenarios
CHAMA-DISTRICT-INTEGRATED-DEVELOPMENT-PLAN-28_02_2025.pdf|idp|2025|both|226|text_fallback|In the following sections, Chama district highlights scenarios deemed to be able
CHAMA-DISTRICT-INTEGRATED-DEVELOPMENT-PLAN-28_02_2025.pdf|idp|2025|both|226|text_fallback|to address the core issues being faced within the district.
CHAMA-DISTRICT-INTEGRATED-DEVELOPMENT-PLAN-28_02_2025.pdf|idp|2025|both|226|text_fallback|First scenario
CHAMA-DISTRICT-INTEGRATED-DEVELOPMENT-PLAN-28_02_2025.pdf|idp|2025|both|226|text_fallback|“A socio-economically sound and sustainable district by 2045”
CHAMA-DISTRICT-INTEGRATED-DEVELOPMENT-PLAN-28_02_2025.pdf|idp|2025|both|226|text_fallback|The first scenario depicted by the district focuses on improving the lives of the
CHAMA-DISTRICT-INTEGRATED-DEVELOPMENT-PLAN-28_02_2025.pdf|idp|2025|both|226|text_fallback|residents through promoting already existing economic activities such as
CHAMA-DISTRICT-INTEGRATED-DEVELOPMENT-PLAN-28_02_2025.pdf|idp|2025|both|226|text_fallback|agriculture and tourism as well as boosting recreational and sporting activities,
CHAMA-DISTRICT-INTEGRATED-DEVELOPMENT-PLAN-28_02_2025.pdf|idp|2025|both|226|text_fallback|sustainable natural resource management, and mining.
CHAMA-DISTRICT-INTEGRATED-DEVELOPMENT-PLAN-28_02_2025.pdf|idp|2025|both|226|text_fallback|Rationale Of Scenario 1
CHAMA-DISTRICT-INTEGRATED-DEVELOPMENT-PLAN-28_02_2025.pdf|idp|2025|both|226|text_fallback|Through this scenario, the district will be able to maximize the received benefits of
CHAMA-DISTRICT-INTEGRATED-DEVELOPMENT-PLAN-28_02_2025.pdf|idp|2025|both|226|text_fallback|its natural resources and sustain them through alternative economic activities that
CHAMA-DISTRICT-INTEGRATED-DEVELOPMENT-PLAN-28_02_2025.pdf|idp|2025|both|226|text_fallback|encourage environmental conservation; activities such as community forest
CHAMA-DISTRICT-INTEGRATED-DEVELOPMENT-PLAN-28_02_2025.pdf|idp|2025|both|226|text_fallback|management areas, carbon harvesting, and beekeeping among others.
CHAMA-DISTRICT-INTEGRATED-DEVELOPMENT-PLAN-28_02_2025.pdf|idp|2025|both|226|text_fallback|Map 20 illustrates scenario 1
CHAMA-DISTRICT-INTEGRATED-DEVELOPMENT-PLAN-28_02_2025.pdf|idp|2025|both|226|text_fallback|196
CHAMA-DISTRICT-INTEGRATED-DEVELOPMENT-PLAN-28_02_2025.pdf|idp|2025|both|227|text_fallback|Map 20: Map of Scenario 1
CHAMA-DISTRICT-INTEGRATED-DEVELOPMENT-PLAN-28_02_2025.pdf|idp|2025|both|227|text_fallback|Source: Chama Town Council (2024)
CHAMA-DISTRICT-INTEGRATED-DEVELOPMENT-PLAN-28_02_2025.pdf|idp|2025|both|227|text_fallback|197
CHAMA-DISTRICT-INTEGRATED-DEVELOPMENT-PLAN-28_02_2025.pdf|idp|2025|both|228|text_fallback|Second scenario
CHAMA-DISTRICT-INTEGRATED-DEVELOPMENT-PLAN-28_02_2025.pdf|idp|2025|both|228|text_fallback|“An inter-linked, industrious and sustainable district by 2045”
CHAMA-DISTRICT-INTEGRATED-DEVELOPMENT-PLAN-28_02_2025.pdf|idp|2025|both|228|text_fallback|In this scenario, the district is looking at taking advantage of its geographical
CHAMA-DISTRICT-INTEGRATED-DEVELOPMENT-PLAN-28_02_2025.pdf|idp|2025|both|228|text_fallback|location. Chama is surrounded by five (05) districts and shares a border with
CHAMA-DISTRICT-INTEGRATED-DEVELOPMENT-PLAN-28_02_2025.pdf|idp|2025|both|228|text_fallback|Malawi on the eastern side. Subsequently, the district is a good prospect for the
CHAMA-DISTRICT-INTEGRATED-DEVELOPMENT-PLAN-28_02_2025.pdf|idp|2025|both|228|text_fallback|generation of electrical power through solar power plants.
CHAMA-DISTRICT-INTEGRATED-DEVELOPMENT-PLAN-28_02_2025.pdf|idp|2025|both|228|text_fallback|Rationale Of Scenario 2
CHAMA-DISTRICT-INTEGRATED-DEVELOPMENT-PLAN-28_02_2025.pdf|idp|2025|both|228|text_fallback|By developing the road network, the district can promote economic regional
CHAMA-DISTRICT-INTEGRATED-DEVELOPMENT-PLAN-28_02_2025.pdf|idp|2025|both|228|text_fallback|trade with its neighbors. This in turn will boost industrial activity, hospitality for transit
CHAMA-DISTRICT-INTEGRATED-DEVELOPMENT-PLAN-28_02_2025.pdf|idp|2025|both|228|text_fallback|visitors, and expand the current market for tourism.
CHAMA-DISTRICT-INTEGRATED-DEVELOPMENT-PLAN-28_02_2025.pdf|idp|2025|both|228|text_fallback|Map 21 illustrates scenario 2
CHAMA-DISTRICT-INTEGRATED-DEVELOPMENT-PLAN-28_02_2025.pdf|idp|2025|both|228|text_fallback|198
CHAMA-DISTRICT-INTEGRATED-DEVELOPMENT-PLAN-28_02_2025.pdf|idp|2025|both|229|text_fallback|Map 21: Map of Scenario 2
CHAMA-DISTRICT-INTEGRATED-DEVELOPMENT-PLAN-28_02_2025.pdf|idp|2025|both|229|text_fallback|Source: Chama Town Council (2024)
CHAMA-DISTRICT-INTEGRATED-DEVELOPMENT-PLAN-28_02_2025.pdf|idp|2025|both|229|text_fallback|199
CHAMA-DISTRICT-INTEGRATED-DEVELOPMENT-PLAN-28_02_2025.pdf|idp|2025|both|230|text_fallback|Third scenario
CHAMA-DISTRICT-INTEGRATED-DEVELOPMENT-PLAN-28_02_2025.pdf|idp|2025|both|230|text_fallback|“An inclusive, economically stable and sustainable District by 2045”
CHAMA-DISTRICT-INTEGRATED-DEVELOPMENT-PLAN-28_02_2025.pdf|idp|2025|both|230|text_fallback|Like the two scenarios listed above, the third scenario also looks at promoting the
CHAMA-DISTRICT-INTEGRATED-DEVELOPMENT-PLAN-28_02_2025.pdf|idp|2025|both|230|text_fallback|sustainable use of natural resources. However, this scenario takes a step further
CHAMA-DISTRICT-INTEGRATED-DEVELOPMENT-PLAN-28_02_2025.pdf|idp|2025|both|230|text_fallback|by focusing on enhancing the use of water resources.
CHAMA-DISTRICT-INTEGRATED-DEVELOPMENT-PLAN-28_02_2025.pdf|idp|2025|both|230|text_fallback|Rationale Of Scenario 3
CHAMA-DISTRICT-INTEGRATED-DEVELOPMENT-PLAN-28_02_2025.pdf|idp|2025|both|230|text_fallback|Through the development of water harvesting infrastructure in key strategic
CHAMA-DISTRICT-INTEGRATED-DEVELOPMENT-PLAN-28_02_2025.pdf|idp|2025|both|230|text_fallback|positions, the district will boost a number of economic activities within these areas.
CHAMA-DISTRICT-INTEGRATED-DEVELOPMENT-PLAN-28_02_2025.pdf|idp|2025|both|230|text_fallback|Establishing dams and weirs will help transition farmers to improved irrigation
CHAMA-DISTRICT-INTEGRATED-DEVELOPMENT-PLAN-28_02_2025.pdf|idp|2025|both|230|text_fallback|cultivation practices, protect the local scenery for tourism, encourage
CHAMA-DISTRICT-INTEGRATED-DEVELOPMENT-PLAN-28_02_2025.pdf|idp|2025|both|230|text_fallback|industrialization, and mining. This will be topped off by developing an internal road
CHAMA-DISTRICT-INTEGRATED-DEVELOPMENT-PLAN-28_02_2025.pdf|idp|2025|both|230|text_fallback|network within the district linking these locations together.
CHAMA-DISTRICT-INTEGRATED-DEVELOPMENT-PLAN-28_02_2025.pdf|idp|2025|both|230|text_fallback|Map 22 illustrates scenario 3
CHAMA-DISTRICT-INTEGRATED-DEVELOPMENT-PLAN-28_02_2025.pdf|idp|2025|both|230|text_fallback|200
CHAMA-DISTRICT-INTEGRATED-DEVELOPMENT-PLAN-28_02_2025.pdf|idp|2025|both|231|text_fallback|Map 22: Map of Scenario 3
CHAMA-DISTRICT-INTEGRATED-DEVELOPMENT-PLAN-28_02_2025.pdf|idp|2025|both|231|text_fallback|Source: Chama Town Council (2024)
CHAMA-DISTRICT-INTEGRATED-DEVELOPMENT-PLAN-28_02_2025.pdf|idp|2025|both|231|text_fallback|201
CHAMA-DISTRICT-INTEGRATED-DEVELOPMENT-PLAN-28_02_2025.pdf|idp|2025|both|232|table|"SCENARIO 1 | SCENARIO 2 | SCENARIO 3"
CHAMA-DISTRICT-INTEGRATED-DEVELOPMENT-PLAN-28_02_2025.pdf|idp|2025|both|232|table|"✓ Promotion of rice cultivation
in areas like Chibale,
Mazonde, Chisunga,
Manthepa, Mphyanakunda,
Katangalika, Kambombo,
Tembwe, Buli, Lunzi, and
Chifunda among others)
✓ Increase recreational and
sporting activities in the
district
✓ Preserve and promote
cultural heritage through the
protection of heritage sites
✓ Promote beekeeping | ✓ Attract more attention to the
development of the road
infrastructure and overall
network in the district and the
region
✓ Further development of the
regional and international
market
✓ Enhance the development of
hospitality facilities in the
district (Hotels, lodges, truck
parking, etc.).
✓ Promote alternative
electricity generation (Solar
power plants) | ✓ Promote the development of
water harvesting
infrastructure in the district
(Dams and weirs)
✓ Promote alternative forms of
agricultural practices (Drip
irrigation)
✓ Enhance scenic beauty for
tourist facilities (Water bodies
combined with tourism
facilities such as hotels)
✓ Development of an internal
interlinking road network of
the wards in the district"
CHAMA-DISTRICT-INTEGRATED-DEVELOPMENT-PLAN-28_02_2025.pdf|idp|2025|both|233|table|"✓ Increase the market for
carbon trading
✓ Develop a foundation for
commercial mushroom
growing
✓ Promote the growing of wild
fruits
✓ Promote mining | ✓ Develop a platform for
industrial economic growth in
the district (Value addition in
the value chain. Production
of finished and packaged
goods)
✓ Promote mining | ✓ Encourage the expansion of
livestock production
✓ Strengthen corporation and
collaboration among
traditional leadership in the
district"
CHAMA-DISTRICT-INTEGRATED-DEVELOPMENT-PLAN-28_02_2025.pdf|idp|2025|both|233|table|"SCENARIO 1 | SCENARIO 2 | SCENARIO 3"
CHAMA-DISTRICT-INTEGRATED-DEVELOPMENT-PLAN-28_02_2025.pdf|idp|2025|both|233|table|"✓ The increase in demand for
agricultural produce such as
rice threatens the extent of
local forest areas
✓ Possible increase in Human-
Wildlife coexistence
challenges due to increased | ✓ Loss of local forests due to
bush clearing for road
networks
✓ The road network will
subsequently attract new
informal settlements | ✓ Potential threat for bigger
impacts from floods in an
event of infrastructural
malfunction
✓ Demand for colossal funding
for the maintenance of water
harvesting infrastructure"
CHAMA-DISTRICT-INTEGRATED-DEVELOPMENT-PLAN-28_02_2025.pdf|idp|2025|both|234|table|"cultivation and crop
production
✓ Potential threat to the
ecosystem as a result of
mining
✓ Increases social issues such as
HIV/AIDS, early marriages,
and school dropouts among
others choosing to pursue
economic activities over
education | ✓ The threat of an externally
dominated market
(Increased accessibility for
briefcase buyers)
✓ Increased pollution as a result
of increased industrial activity
✓ Issues of
immigration/immigrants due
to an increase in foreign
trade
✓ Increases social issues such as
HIV/AIDS, early marriages,
and school dropouts among
others choosing to pursue
economic activities over
education
✓ Threat of environmental
degradation as a result of
mining activities | ✓ Loss of land by the local
communities as a result of the
scale of water harvesting-
related projects
✓ Potential threat of increased
poaching activity especially
in areas encouraging wildlife
existence as a result of
increased artificial water
bodies.
✓ Potential threat of disease
outbreak among livestock as
a result of population
increase
✓ Potential threat of boundary
disputes between chiefdoms"
CHAMA-DISTRICT-INTEGRATED-DEVELOPMENT-PLAN-28_02_2025.pdf|idp|2025|both|235|text_fallback|Following an in-depth consideration, the chosen spatial development scenario is
CHAMA-DISTRICT-INTEGRATED-DEVELOPMENT-PLAN-28_02_2025.pdf|idp|2025|both|235|text_fallback|a hybrid of certain aspects from the combined three scenarios (Table 36 and
CHAMA-DISTRICT-INTEGRATED-DEVELOPMENT-PLAN-28_02_2025.pdf|idp|2025|both|235|text_fallback|Table 37). Aspects that gave more promise include;
CHAMA-DISTRICT-INTEGRATED-DEVELOPMENT-PLAN-28_02_2025.pdf|idp|2025|both|235|text_fallback|SCENARIO ONE (1)
CHAMA-DISTRICT-INTEGRATED-DEVELOPMENT-PLAN-28_02_2025.pdf|idp|2025|both|235|text_fallback|✓ Promote the protection of heritage sites
CHAMA-DISTRICT-INTEGRATED-DEVELOPMENT-PLAN-28_02_2025.pdf|idp|2025|both|235|text_fallback|✓ Promote conservation of natural resources
CHAMA-DISTRICT-INTEGRATED-DEVELOPMENT-PLAN-28_02_2025.pdf|idp|2025|both|235|text_fallback|SCENARIO TWO (2)
CHAMA-DISTRICT-INTEGRATED-DEVELOPMENT-PLAN-28_02_2025.pdf|idp|2025|both|235|text_fallback|✓ Development of road infrastructure
CHAMA-DISTRICT-INTEGRATED-DEVELOPMENT-PLAN-28_02_2025.pdf|idp|2025|both|235|text_fallback|✓ Upscale rice production and enhance value addition
CHAMA-DISTRICT-INTEGRATED-DEVELOPMENT-PLAN-28_02_2025.pdf|idp|2025|both|235|text_fallback|✓ Development of the regional market
CHAMA-DISTRICT-INTEGRATED-DEVELOPMENT-PLAN-28_02_2025.pdf|idp|2025|both|235|text_fallback|✓ Promote the development of hospitality facilities (Hotels, lodges, truck
CHAMA-DISTRICT-INTEGRATED-DEVELOPMENT-PLAN-28_02_2025.pdf|idp|2025|both|235|text_fallback|parking, etc.)
CHAMA-DISTRICT-INTEGRATED-DEVELOPMENT-PLAN-28_02_2025.pdf|idp|2025|both|235|text_fallback|✓ Promote alternative electricity generation (Solar Power Plant)
CHAMA-DISTRICT-INTEGRATED-DEVELOPMENT-PLAN-28_02_2025.pdf|idp|2025|both|235|text_fallback|✓ Develop a platform for industrial economic growth in the district (Value
CHAMA-DISTRICT-INTEGRATED-DEVELOPMENT-PLAN-28_02_2025.pdf|idp|2025|both|235|text_fallback|addition by producing finished products)
CHAMA-DISTRICT-INTEGRATED-DEVELOPMENT-PLAN-28_02_2025.pdf|idp|2025|both|235|text_fallback|SCENARIO THREE (3)
CHAMA-DISTRICT-INTEGRATED-DEVELOPMENT-PLAN-28_02_2025.pdf|idp|2025|both|235|text_fallback|✓ Promote the development of water harvesting infrastructure
CHAMA-DISTRICT-INTEGRATED-DEVELOPMENT-PLAN-28_02_2025.pdf|idp|2025|both|235|text_fallback|✓ Promote collaboration among traditional leadership
CHAMA-DISTRICT-INTEGRATED-DEVELOPMENT-PLAN-28_02_2025.pdf|idp|2025|both|235|text_fallback|The aspects mentioned above are deemed to be the most effective and efficient
CHAMA-DISTRICT-INTEGRATED-DEVELOPMENT-PLAN-28_02_2025.pdf|idp|2025|both|235|text_fallback|way to guide the district to its desired outcome; “An interlinked, socio-
CHAMA-DISTRICT-INTEGRATED-DEVELOPMENT-PLAN-28_02_2025.pdf|idp|2025|both|235|text_fallback|economically sound and environmentally sustainable district by 2045”
CHAMA-DISTRICT-INTEGRATED-DEVELOPMENT-PLAN-28_02_2025.pdf|idp|2025|both|235|text_fallback|Map 23 illustrates the chosen scenario
CHAMA-DISTRICT-INTEGRATED-DEVELOPMENT-PLAN-28_02_2025.pdf|idp|2025|both|235|text_fallback|205
CHAMA-DISTRICT-INTEGRATED-DEVELOPMENT-PLAN-28_02_2025.pdf|idp|2025|both|236|text_fallback|Map 23: Map of the chosen scenario
CHAMA-DISTRICT-INTEGRATED-DEVELOPMENT-PLAN-28_02_2025.pdf|idp|2025|both|236|text_fallback|Source: Chama Town Council (2024)
CHAMA-DISTRICT-INTEGRATED-DEVELOPMENT-PLAN-28_02_2025.pdf|idp|2025|both|236|text_fallback|206
CHAMA-DISTRICT-INTEGRATED-DEVELOPMENT-PLAN-28_02_2025.pdf|idp|2025|both|237|table|"IMPROVED | MAINTAINED | PROTECTED"
CHAMA-DISTRICT-INTEGRATED-DEVELOPMENT-PLAN-28_02_2025.pdf|idp|2025|both|237|table|"• Catchment areas
along river banks to
mitigate erosion (Tree
replanting), | • Open spaces and
water capture
catchment areas
• Water aquifers | • National forest
• Local forests
• Animal corridors
• Community Forest
management areas
• REDD Zones
• Water aquifers"
CHAMA-DISTRICT-INTEGRATED-DEVELOPMENT-PLAN-28_02_2025.pdf|idp|2025|both|238|text_fallback|Based on the identified characteristics of areas to be improved, the
CHAMA-DISTRICT-INTEGRATED-DEVELOPMENT-PLAN-28_02_2025.pdf|idp|2025|both|238|text_fallback|recommended developments must uphold the objective of improving the area;
CHAMA-DISTRICT-INTEGRATED-DEVELOPMENT-PLAN-28_02_2025.pdf|idp|2025|both|238|text_fallback|As such, activities in such areas will include the development of Community Forest
CHAMA-DISTRICT-INTEGRATED-DEVELOPMENT-PLAN-28_02_2025.pdf|idp|2025|both|238|text_fallback|Management areas (CFMA), and tree nurseries among others. Exceptions will be
CHAMA-DISTRICT-INTEGRATED-DEVELOPMENT-PLAN-28_02_2025.pdf|idp|2025|both|238|text_fallback|made when proposed developments supersede the stated function and bare
CHAMA-DISTRICT-INTEGRATED-DEVELOPMENT-PLAN-28_02_2025.pdf|idp|2025|both|238|text_fallback|minimum repercussions to the general well-being of the environment.
CHAMA-DISTRICT-INTEGRATED-DEVELOPMENT-PLAN-28_02_2025.pdf|idp|2025|both|238|text_fallback|Areas To Be Maintained
CHAMA-DISTRICT-INTEGRATED-DEVELOPMENT-PLAN-28_02_2025.pdf|idp|2025|both|238|text_fallback|Developments in such areas will be routine-based and will involve the restoration
CHAMA-DISTRICT-INTEGRATED-DEVELOPMENT-PLAN-28_02_2025.pdf|idp|2025|both|238|text_fallback|of public spaces, facilities, and amenities. Examples include rehabilitation.
CHAMA-DISTRICT-INTEGRATED-DEVELOPMENT-PLAN-28_02_2025.pdf|idp|2025|both|238|text_fallback|Areas To Be Protected
CHAMA-DISTRICT-INTEGRATED-DEVELOPMENT-PLAN-28_02_2025.pdf|idp|2025|both|238|text_fallback|Sensitive areas such as those mentioned above call for significant attention. As
CHAMA-DISTRICT-INTEGRATED-DEVELOPMENT-PLAN-28_02_2025.pdf|idp|2025|both|238|text_fallback|such, developments are restricted in such areas. However, there are some
CHAMA-DISTRICT-INTEGRATED-DEVELOPMENT-PLAN-28_02_2025.pdf|idp|2025|both|238|text_fallback|exceptions in some instances; Permitted developments in sensitive zones include
CHAMA-DISTRICT-INTEGRATED-DEVELOPMENT-PLAN-28_02_2025.pdf|idp|2025|both|238|text_fallback|the development of public infrastructure such as roads, communication towers,
CHAMA-DISTRICT-INTEGRATED-DEVELOPMENT-PLAN-28_02_2025.pdf|idp|2025|both|238|text_fallback|sewer ponds and other public amenity facilities.
CHAMA-DISTRICT-INTEGRATED-DEVELOPMENT-PLAN-28_02_2025.pdf|idp|2025|both|238|text_fallback|Identification of activities required for implementation
CHAMA-DISTRICT-INTEGRATED-DEVELOPMENT-PLAN-28_02_2025.pdf|idp|2025|both|238|text_fallback|Areas of improvement – Establishment of CFMAs, botanic nurseries, public
CHAMA-DISTRICT-INTEGRATED-DEVELOPMENT-PLAN-28_02_2025.pdf|idp|2025|both|238|text_fallback|sensitization, environmental campaigns, and other related activities.
CHAMA-DISTRICT-INTEGRATED-DEVELOPMENT-PLAN-28_02_2025.pdf|idp|2025|both|238|text_fallback|Areas to be maintained – Rehabilitation works and refurbishments.
CHAMA-DISTRICT-INTEGRATED-DEVELOPMENT-PLAN-28_02_2025.pdf|idp|2025|both|238|text_fallback|Areas to be protected – Road formation, stakeholder engagement, sensitization,
CHAMA-DISTRICT-INTEGRATED-DEVELOPMENT-PLAN-28_02_2025.pdf|idp|2025|both|238|text_fallback|environmental protection campaigns, and relocation in some instances.
CHAMA-DISTRICT-INTEGRATED-DEVELOPMENT-PLAN-28_02_2025.pdf|idp|2025|both|238|text_fallback|208
CHAMA-DISTRICT-INTEGRATED-DEVELOPMENT-PLAN-28_02_2025.pdf|idp|2025|both|239|text_fallback|Land use planning objectives and strategies for improving, maintaining or
CHAMA-DISTRICT-INTEGRATED-DEVELOPMENT-PLAN-28_02_2025.pdf|idp|2025|both|239|text_fallback|protecting the environmental, social and economic aspects of development
CHAMA-DISTRICT-INTEGRATED-DEVELOPMENT-PLAN-28_02_2025.pdf|idp|2025|both|239|text_fallback|Identification of the areas
CHAMA-DISTRICT-INTEGRATED-DEVELOPMENT-PLAN-28_02_2025.pdf|idp|2025|both|239|text_fallback|Regarding the social-economic aspects of development in the Chama district,
CHAMA-DISTRICT-INTEGRATED-DEVELOPMENT-PLAN-28_02_2025.pdf|idp|2025|both|239|text_fallback|the areas identified include;
CHAMA-DISTRICT-INTEGRATED-DEVELOPMENT-PLAN-28_02_2025.pdf|idp|2025|both|239|text_fallback|✓ Settlement areas,
CHAMA-DISTRICT-INTEGRATED-DEVELOPMENT-PLAN-28_02_2025.pdf|idp|2025|both|239|text_fallback|✓ Public utility catchment areas (Water aquifers, power stations, sanitation
CHAMA-DISTRICT-INTEGRATED-DEVELOPMENT-PLAN-28_02_2025.pdf|idp|2025|both|239|text_fallback|facilities or treatment plants, power buffer zones, etc.)
CHAMA-DISTRICT-INTEGRATED-DEVELOPMENT-PLAN-28_02_2025.pdf|idp|2025|both|239|text_fallback|✓ Specialized land use zones (Residential, commercial, industrial, mining,
CHAMA-DISTRICT-INTEGRATED-DEVELOPMENT-PLAN-28_02_2025.pdf|idp|2025|both|239|text_fallback|forest concession areas, etc.)
CHAMA-DISTRICT-INTEGRATED-DEVELOPMENT-PLAN-28_02_2025.pdf|idp|2025|both|239|text_fallback|Statement As to The Type of Development to Be Permitted
CHAMA-DISTRICT-INTEGRATED-DEVELOPMENT-PLAN-28_02_2025.pdf|idp|2025|both|239|text_fallback|About the social economic state of the district, developments will be
CHAMA-DISTRICT-INTEGRATED-DEVELOPMENT-PLAN-28_02_2025.pdf|idp|2025|both|239|text_fallback|implemented in accordance to the respective prescribed land use functions and
CHAMA-DISTRICT-INTEGRATED-DEVELOPMENT-PLAN-28_02_2025.pdf|idp|2025|both|239|text_fallback|zones.
CHAMA-DISTRICT-INTEGRATED-DEVELOPMENT-PLAN-28_02_2025.pdf|idp|2025|both|239|text_fallback|Identification of planning activities required to implement the policy
CHAMA-DISTRICT-INTEGRATED-DEVELOPMENT-PLAN-28_02_2025.pdf|idp|2025|both|239|text_fallback|Activities undertaken to implement development will include but not be limited
CHAMA-DISTRICT-INTEGRATED-DEVELOPMENT-PLAN-28_02_2025.pdf|idp|2025|both|239|text_fallback|to;
CHAMA-DISTRICT-INTEGRATED-DEVELOPMENT-PLAN-28_02_2025.pdf|idp|2025|both|239|text_fallback|✓ Public sensitization,
CHAMA-DISTRICT-INTEGRATED-DEVELOPMENT-PLAN-28_02_2025.pdf|idp|2025|both|239|text_fallback|✓ Development control,
CHAMA-DISTRICT-INTEGRATED-DEVELOPMENT-PLAN-28_02_2025.pdf|idp|2025|both|239|text_fallback|✓ Development enforcement,
CHAMA-DISTRICT-INTEGRATED-DEVELOPMENT-PLAN-28_02_2025.pdf|idp|2025|both|239|text_fallback|✓ Stakeholder engagement,
CHAMA-DISTRICT-INTEGRATED-DEVELOPMENT-PLAN-28_02_2025.pdf|idp|2025|both|239|text_fallback|209
CHAMA-DISTRICT-INTEGRATED-DEVELOPMENT-PLAN-28_02_2025.pdf|idp|2025|both|240|table|"SECTOR | SIGNIFICANT PROTECTION ZONES"
CHAMA-DISTRICT-INTEGRATED-DEVELOPMENT-PLAN-28_02_2025.pdf|idp|2025|both|240|table|"HOUSING | Areas zoned for residential land use. This also
include township boundary extension areas."
CHAMA-DISTRICT-INTEGRATED-DEVELOPMENT-PLAN-28_02_2025.pdf|idp|2025|both|240|table|"WATER AND SANITATION | Water aquifers and reservoirs, water bodies, water
harvesting infrastructure sites, dumpsites"
CHAMA-DISTRICT-INTEGRATED-DEVELOPMENT-PLAN-28_02_2025.pdf|idp|2025|both|240|table|"ENERGY | Power plants, buffer zones, and way leaves."
CHAMA-DISTRICT-INTEGRATED-DEVELOPMENT-PLAN-28_02_2025.pdf|idp|2025|both|240|table|"ENVIRONMENT AND
FORESTRY | National forests, community forest management
areas, community resource board areas, river
buffer zones, and Carbon farming forests."
CHAMA-DISTRICT-INTEGRATED-DEVELOPMENT-PLAN-28_02_2025.pdf|idp|2025|both|240|table|"MINING | Mining sites"
CHAMA-DISTRICT-INTEGRATED-DEVELOPMENT-PLAN-28_02_2025.pdf|idp|2025|both|240|table|"TOURISM | Animal corridors, heritage sites, protected areas,
and national parks"
CHAMA-DISTRICT-INTEGRATED-DEVELOPMENT-PLAN-28_02_2025.pdf|idp|2025|both|240|table|"AGRICULTURE | Farm lands, farm blocks and farm schemes,"
CHAMA-DISTRICT-INTEGRATED-DEVELOPMENT-PLAN-28_02_2025.pdf|idp|2025|both|240|table|"LIVESTOCK AND FISHERIES | Grazing pasture lands, hatcheries and fish ponds"
CHAMA-DISTRICT-INTEGRATED-DEVELOPMENT-PLAN-28_02_2025.pdf|idp|2025|both|240|table|"HEALTH | Health facilities, cemeteries,"
CHAMA-DISTRICT-INTEGRATED-DEVELOPMENT-PLAN-28_02_2025.pdf|idp|2025|both|240|table|"TRANSPORT AND
COMMUNICATION | Air strips, road surfaces, road reserves, crossing
points, bridges, bus stations, communication
towers"
CHAMA-DISTRICT-INTEGRATED-DEVELOPMENT-PLAN-28_02_2025.pdf|idp|2025|both|241|table|"SOCIAL PROTECTION | Judicial institutions, adult homes, correctional
facilities, border posts,"
CHAMA-DISTRICT-INTEGRATED-DEVELOPMENT-PLAN-28_02_2025.pdf|idp|2025|both|241|table|"COMMERCE AND TRADE | Markets, Abattoirs, and storage sheds"
CHAMA-DISTRICT-INTEGRATED-DEVELOPMENT-PLAN-28_02_2025.pdf|idp|2025|both|242|text_fallback|National forest
CHAMA-DISTRICT-INTEGRATED-DEVELOPMENT-PLAN-28_02_2025.pdf|idp|2025|both|242|text_fallback|Just as is the case of the GMA, a national forest is a creation of the Forestry Act,
CHAMA-DISTRICT-INTEGRATED-DEVELOPMENT-PLAN-28_02_2025.pdf|idp|2025|both|242|text_fallback|2015. While the case of the GMA is meant for the preservation of wildlife, the Forest
CHAMA-DISTRICT-INTEGRATED-DEVELOPMENT-PLAN-28_02_2025.pdf|idp|2025|both|242|text_fallback|Act addresses the protection and preservation of forest areas in the country.
CHAMA-DISTRICT-INTEGRATED-DEVELOPMENT-PLAN-28_02_2025.pdf|idp|2025|both|242|text_fallback|Identification of the areas
CHAMA-DISTRICT-INTEGRATED-DEVELOPMENT-PLAN-28_02_2025.pdf|idp|2025|both|242|text_fallback|As stated earlier, Chama district in located in a game management area and
CHAMA-DISTRICT-INTEGRATED-DEVELOPMENT-PLAN-28_02_2025.pdf|idp|2025|both|242|text_fallback|part of its territory in gazetted as a national forest namely Lundazi National Forest.
CHAMA-DISTRICT-INTEGRATED-DEVELOPMENT-PLAN-28_02_2025.pdf|idp|2025|both|242|text_fallback|The Lundazi National Forest stretches over most of the eastern part of the district
CHAMA-DISTRICT-INTEGRATED-DEVELOPMENT-PLAN-28_02_2025.pdf|idp|2025|both|242|text_fallback|covering a significant area of the Chama South constituency and part of the
CHAMA-DISTRICT-INTEGRATED-DEVELOPMENT-PLAN-28_02_2025.pdf|idp|2025|both|242|text_fallback|eastern territory of the Chama North constituency.
CHAMA-DISTRICT-INTEGRATED-DEVELOPMENT-PLAN-28_02_2025.pdf|idp|2025|both|242|text_fallback|Statement as to the type of development to be permitted
CHAMA-DISTRICT-INTEGRATED-DEVELOPMENT-PLAN-28_02_2025.pdf|idp|2025|both|242|text_fallback|With reference to the Zambia Wildlife Act 2015, settlements, agriculture, and
CHAMA-DISTRICT-INTEGRATED-DEVELOPMENT-PLAN-28_02_2025.pdf|idp|2025|both|242|text_fallback|game ranching are permitted developments within the game management
CHAMA-DISTRICT-INTEGRATED-DEVELOPMENT-PLAN-28_02_2025.pdf|idp|2025|both|242|text_fallback|area. However, activities such as mining are only permitted provided the
CHAMA-DISTRICT-INTEGRATED-DEVELOPMENT-PLAN-28_02_2025.pdf|idp|2025|both|242|text_fallback|prescribed parameters under the Act are observed; These include environmental
CHAMA-DISTRICT-INTEGRATED-DEVELOPMENT-PLAN-28_02_2025.pdf|idp|2025|both|242|text_fallback|protection measures, consent from traditional leadership depending on the land
CHAMA-DISTRICT-INTEGRATED-DEVELOPMENT-PLAN-28_02_2025.pdf|idp|2025|both|242|text_fallback|status, and any other legal prescription that applies within the area in question.
CHAMA-DISTRICT-INTEGRATED-DEVELOPMENT-PLAN-28_02_2025.pdf|idp|2025|both|242|text_fallback|Identification of activities required for implementation
CHAMA-DISTRICT-INTEGRATED-DEVELOPMENT-PLAN-28_02_2025.pdf|idp|2025|both|242|text_fallback|Similar to developments in the previous sections, activities within the GMA and
CHAMA-DISTRICT-INTEGRATED-DEVELOPMENT-PLAN-28_02_2025.pdf|idp|2025|both|242|text_fallback|National Forest are equally subject to;
CHAMA-DISTRICT-INTEGRATED-DEVELOPMENT-PLAN-28_02_2025.pdf|idp|2025|both|242|text_fallback|✓ Community engagements and sensitization campaigns,
CHAMA-DISTRICT-INTEGRATED-DEVELOPMENT-PLAN-28_02_2025.pdf|idp|2025|both|242|text_fallback|✓ Stakeholder engagements,
CHAMA-DISTRICT-INTEGRATED-DEVELOPMENT-PLAN-28_02_2025.pdf|idp|2025|both|242|text_fallback|✓ Land Use planning,
CHAMA-DISTRICT-INTEGRATED-DEVELOPMENT-PLAN-28_02_2025.pdf|idp|2025|both|242|text_fallback|✓ Infrastructure development,
CHAMA-DISTRICT-INTEGRATED-DEVELOPMENT-PLAN-28_02_2025.pdf|idp|2025|both|242|text_fallback|212
CHAMA-DISTRICT-INTEGRATED-DEVELOPMENT-PLAN-28_02_2025.pdf|idp|2025|both|243|text_fallback|Informal Settlements
CHAMA-DISTRICT-INTEGRATED-DEVELOPMENT-PLAN-28_02_2025.pdf|idp|2025|both|243|text_fallback|As stated earlier in the initial chapters, informal settlements are unplanned
CHAMA-DISTRICT-INTEGRATED-DEVELOPMENT-PLAN-28_02_2025.pdf|idp|2025|both|243|text_fallback|settlements as described under the Urban and Regional Planning Act, 2015. 92%
CHAMA-DISTRICT-INTEGRATED-DEVELOPMENT-PLAN-28_02_2025.pdf|idp|2025|both|243|text_fallback|of Chama district is unplanned with only 8% planned territory in Kamphemba
CHAMA-DISTRICT-INTEGRATED-DEVELOPMENT-PLAN-28_02_2025.pdf|idp|2025|both|243|text_fallback|ward.
CHAMA-DISTRICT-INTEGRATED-DEVELOPMENT-PLAN-28_02_2025.pdf|idp|2025|both|243|text_fallback|Identification of the informal settlements to be upgraded.
CHAMA-DISTRICT-INTEGRATED-DEVELOPMENT-PLAN-28_02_2025.pdf|idp|2025|both|243|text_fallback|Chama District, with 92% of its land unplanned, is prioritizing the Mtayachalo
CHAMA-DISTRICT-INTEGRATED-DEVELOPMENT-PLAN-28_02_2025.pdf|idp|2025|both|243|text_fallback|settlement and planning agreements in two chiefdoms for development
CHAMA-DISTRICT-INTEGRATED-DEVELOPMENT-PLAN-28_02_2025.pdf|idp|2025|both|243|text_fallback|initiatives.
CHAMA-DISTRICT-INTEGRATED-DEVELOPMENT-PLAN-28_02_2025.pdf|idp|2025|both|243|text_fallback|Mtayachalo Area: Located in Kamphemba Ward with 334 households,
CHAMA-DISTRICT-INTEGRATED-DEVELOPMENT-PLAN-28_02_2025.pdf|idp|2025|both|243|text_fallback|Mtayachalo is set for an upgrade to improve public services, including land use
CHAMA-DISTRICT-INTEGRATED-DEVELOPMENT-PLAN-28_02_2025.pdf|idp|2025|both|243|text_fallback|planning, electrification, water, sanitation, and waste management.
CHAMA-DISTRICT-INTEGRATED-DEVELOPMENT-PLAN-28_02_2025.pdf|idp|2025|both|243|text_fallback|Planning Agreements with Chiefs: In line with the Urban and Regional Act of 2015,
CHAMA-DISTRICT-INTEGRATED-DEVELOPMENT-PLAN-28_02_2025.pdf|idp|2025|both|243|text_fallback|the district aims to establish formal agreements with Chief Kambombo in the north
CHAMA-DISTRICT-INTEGRATED-DEVELOPMENT-PLAN-28_02_2025.pdf|idp|2025|both|243|text_fallback|and Chief Chikwa in the south to guide development.
CHAMA-DISTRICT-INTEGRATED-DEVELOPMENT-PLAN-28_02_2025.pdf|idp|2025|both|243|text_fallback|Kaozi Area (Kambombo Chiefdom): Recognized for agricultural growth, Kaozi is
CHAMA-DISTRICT-INTEGRATED-DEVELOPMENT-PLAN-28_02_2025.pdf|idp|2025|both|243|text_fallback|developing an agricultural camp, a livestock dip tank (75% complete), and has
CHAMA-DISTRICT-INTEGRATED-DEVELOPMENT-PLAN-28_02_2025.pdf|idp|2025|both|243|text_fallback|proposals for a health post, primary school, and boarding school, plus 10 hectares
CHAMA-DISTRICT-INTEGRATED-DEVELOPMENT-PLAN-28_02_2025.pdf|idp|2025|both|243|text_fallback|for grazing.
CHAMA-DISTRICT-INTEGRATED-DEVELOPMENT-PLAN-28_02_2025.pdf|idp|2025|both|243|text_fallback|Chikwa Chiefdom: Known for tourism potential, Chikwa features guesthouses,
CHAMA-DISTRICT-INTEGRATED-DEVELOPMENT-PLAN-28_02_2025.pdf|idp|2025|both|243|text_fallback|nine camps, and a safari camp. It’s a primary tourist destination and one of five
CHAMA-DISTRICT-INTEGRATED-DEVELOPMENT-PLAN-28_02_2025.pdf|idp|2025|both|243|text_fallback|proposed sites for a community bush camp.
CHAMA-DISTRICT-INTEGRATED-DEVELOPMENT-PLAN-28_02_2025.pdf|idp|2025|both|243|text_fallback|These efforts aim to drive structured growth, support local economies, and
CHAMA-DISTRICT-INTEGRATED-DEVELOPMENT-PLAN-28_02_2025.pdf|idp|2025|both|243|text_fallback|enhance service provision in the district.
CHAMA-DISTRICT-INTEGRATED-DEVELOPMENT-PLAN-28_02_2025.pdf|idp|2025|both|243|text_fallback|213
CHAMA-DISTRICT-INTEGRATED-DEVELOPMENT-PLAN-28_02_2025.pdf|idp|2025|both|244|table|"PLANNING ASPECT | POLICY POCUMENT"
CHAMA-DISTRICT-INTEGRATED-DEVELOPMENT-PLAN-28_02_2025.pdf|idp|2025|both|244|table|"LAND USE PLANNING | 1. URBAN AND REGIONAL PLANNING ACT, 2015
2. PUBLIC HEALTH ACT"
CHAMA-DISTRICT-INTEGRATED-DEVELOPMENT-PLAN-28_02_2025.pdf|idp|2025|both|244|table|"BUILDING STANDARDS | 1. URBAN AND REGIONAL PLANNING ACT, 2015
2. PUBLIC HEALTH ACT"
CHAMA-DISTRICT-INTEGRATED-DEVELOPMENT-PLAN-28_02_2025.pdf|idp|2025|both|244|table|"SPECIAL USE ZONING | 1. PUBLIC HEALTH ACT
2. MINES AND MINERALS ACT"
CHAMA-DISTRICT-INTEGRATED-DEVELOPMENT-PLAN-28_02_2025.pdf|idp|2025|both|245|text_fallback|Other documents relevant to building and land use controls that are not
CHAMA-DISTRICT-INTEGRATED-DEVELOPMENT-PLAN-28_02_2025.pdf|idp|2025|both|245|text_fallback|necessarily Acts will be consulted. Instances like the Doxiadis Lusaka City
CHAMA-DISTRICT-INTEGRATED-DEVELOPMENT-PLAN-28_02_2025.pdf|idp|2025|both|245|text_fallback|Development Plan will help in the planning process.
CHAMA-DISTRICT-INTEGRATED-DEVELOPMENT-PLAN-28_02_2025.pdf|idp|2025|both|245|text_fallback|IDENTIFICATION OF ACTIVITIES REQUIRED FOR IMPLEMENTATION.
CHAMA-DISTRICT-INTEGRATED-DEVELOPMENT-PLAN-28_02_2025.pdf|idp|2025|both|245|text_fallback|The implementation of area upgrading involves a number of activities some of
CHAMA-DISTRICT-INTEGRATED-DEVELOPMENT-PLAN-28_02_2025.pdf|idp|2025|both|245|text_fallback|which are iterative in nature. Activities include;
CHAMA-DISTRICT-INTEGRATED-DEVELOPMENT-PLAN-28_02_2025.pdf|idp|2025|both|245|text_fallback|✓ Community engagements and sensitization campaigns,
CHAMA-DISTRICT-INTEGRATED-DEVELOPMENT-PLAN-28_02_2025.pdf|idp|2025|both|245|text_fallback|✓ Stakeholder engagements,
CHAMA-DISTRICT-INTEGRATED-DEVELOPMENT-PLAN-28_02_2025.pdf|idp|2025|both|245|text_fallback|✓ Land Use planning,
CHAMA-DISTRICT-INTEGRATED-DEVELOPMENT-PLAN-28_02_2025.pdf|idp|2025|both|245|text_fallback|✓ Approval of Land Use local area plans,
CHAMA-DISTRICT-INTEGRATED-DEVELOPMENT-PLAN-28_02_2025.pdf|idp|2025|both|245|text_fallback|✓ Numbering and Survey
CHAMA-DISTRICT-INTEGRATED-DEVELOPMENT-PLAN-28_02_2025.pdf|idp|2025|both|245|text_fallback|Areas under the jurisdiction of traditional authorities
CHAMA-DISTRICT-INTEGRATED-DEVELOPMENT-PLAN-28_02_2025.pdf|idp|2025|both|245|text_fallback|Implementing proposed settlement upgrades and planning agreements will
CHAMA-DISTRICT-INTEGRATED-DEVELOPMENT-PLAN-28_02_2025.pdf|idp|2025|both|245|text_fallback|foster growth in various district areas. These agreements necessitate the creation
CHAMA-DISTRICT-INTEGRATED-DEVELOPMENT-PLAN-28_02_2025.pdf|idp|2025|both|245|text_fallback|of Local Area Plans (LAPs), developed with the Eastern Provincial Planning
CHAMA-DISTRICT-INTEGRATED-DEVELOPMENT-PLAN-28_02_2025.pdf|idp|2025|both|245|text_fallback|Authority and other stakeholders per the Urban and Regional Planning (URP) Act.
CHAMA-DISTRICT-INTEGRATED-DEVELOPMENT-PLAN-28_02_2025.pdf|idp|2025|both|245|text_fallback|Similar to the Integrated Development Plan (IDP), LAPs will address specific issues
CHAMA-DISTRICT-INTEGRATED-DEVELOPMENT-PLAN-28_02_2025.pdf|idp|2025|both|245|text_fallback|within targeted areas, including environmental assessments, socio-economic
CHAMA-DISTRICT-INTEGRATED-DEVELOPMENT-PLAN-28_02_2025.pdf|idp|2025|both|245|text_fallback|surveys, and community engagement. Key management steps include formally
CHAMA-DISTRICT-INTEGRATED-DEVELOPMENT-PLAN-28_02_2025.pdf|idp|2025|both|245|text_fallback|designating areas for these planning agreements as required by Section 25,
CHAMA-DISTRICT-INTEGRATED-DEVELOPMENT-PLAN-28_02_2025.pdf|idp|2025|both|245|text_fallback|subsection d, I of the URP Act.
CHAMA-DISTRICT-INTEGRATED-DEVELOPMENT-PLAN-28_02_2025.pdf|idp|2025|both|245|text_fallback|215
CHAMA-DISTRICT-INTEGRATED-DEVELOPMENT-PLAN-28_02_2025.pdf|idp|2025|both|246|table|"SDA 1 | ECONOMIC TRANSFORMATION AND JOB CREATION |  |  |  |  |  |  |  | "
CHAMA-DISTRICT-INTEGRATED-DEVELOPMENT-PLAN-28_02_2025.pdf|idp|2025|both|246|table|"SECTORS | TOURISM, AGRICULTURE, MINING, AND MANUFACTURING |  |  |  |  |  |  |  | "
CHAMA-DISTRICT-INTEGRATED-DEVELOPMENT-PLAN-28_02_2025.pdf|idp|2025|both|246|table|"MAIN
OBJECTIVE | DIVERSIFICATION OF THE LOCAL ECONOMY THROUGH TOURISM PROMOTION, AGRICULTURAL DIVERSIFICATION, AND
VALUE ADDITION |  |  |  |  |  |  |  | "
CHAMA-DISTRICT-INTEGRATED-DEVELOPMENT-PLAN-28_02_2025.pdf|idp|2025|both|246|table|"SPECIFIC
OBJECTIVES | STRATEGIES | PROGRAMMES | PROJECTS | TARGET (K) |  |  |  |  | RESPONSIBLE
AGENCY"
CHAMA-DISTRICT-INTEGRATED-DEVELOPMENT-PLAN-28_02_2025.pdf|idp|2025|both|246|table|" |  |  |  | 2025 | 2026 | 2027 | 2028 | 2029 | "
CHAMA-DISTRICT-INTEGRATED-DEVELOPMENT-PLAN-28_02_2025.pdf|idp|2025|both|247|table|"To promote
local
tourism | Develop the
outfitter road
infrastructure | Infrastructure
development | Rehabilitation of
10 kilometers and
construction of 10
kilometers of
outfitter roads | 1,200,0
00
2km
Chikw
a -
rehabil
itation
1,400,0
00
2km
Vwaza
-
constr
uction | 1,200,0
00
2km
Mund
alang
a –
rehabil
itation
1,400,0
00
2km
Mund
alang
a -
constr
uction | 1,200,0
00
2km
Chifun
da
Rehabi
litation
1,400,0
00
2km
Mang
a
Constr
uction | 1,200,0
00
2km
Muchi
nga
Rehabi
litation
1,400,0
00
2km
Chipal
a
constr
uction | 1,200,0
00
2km
Temb
we
Constr
uction
1,400,0
00
2km
Chipal
a
Constr
uction | DNPW, CTC"
CHAMA-DISTRICT-INTEGRATED-DEVELOPMENT-PLAN-28_02_2025.pdf|idp|2025|both|247|table|"To promote
local
tourism | Developing
hospitality
and tourism
infrastructure | Infrastructure
development | Construction of 3
bush camps
Kambombo
(2025), Tembwe
(2026), and
Chikwa (2027), 1 | 1,700,0
00
1
Kamb
ombo | 1,700,0
00
1
Temb
we | 1,700,0
00
1
Chikw
a bush
camp | 3,500,0
00
1
Chifun
da 5- | 2,000,0
00
1
Lundu
Lodge | DNPW, CTC,
Ministry of Tourism"
CHAMA-DISTRICT-INTEGRATED-DEVELOPMENT-PLAN-28_02_2025.pdf|idp|2025|both|248|table|" |  |  | 5-star hotel in
Chifunda (2028),
and 1 lodge in
Lundu Chiefdom
(2029). | bush
camp | bush
camp |  | star
hotel |  | "
CHAMA-DISTRICT-INTEGRATED-DEVELOPMENT-PLAN-28_02_2025.pdf|idp|2025|both|248|table|"To enforce
wildlife
managem
ent in the
district | Restocking of
wildlife | Wildlife
Management | Restocking of
large mammals
Elephants -
25/per year
Buffalos - 100/per
year | 3,000,0
00
25
Nyika
4,000,0
00
100
Chifun
da | 3,000,0
00
25
Nyika
4,000,0
00
100
Chifun
da | 3,000,0
00
25
Nyika
4,000,0
00
100
Chimp
hamb
a | 3,000,0
00
25
Nyika
4,000,0
00
100
Chasa
to | 3,000,0
00
25
Nyika
4,000,0
00
100
Mang
a | DNPW, Ministry of
Tourism"
CHAMA-DISTRICT-INTEGRATED-DEVELOPMENT-PLAN-28_02_2025.pdf|idp|2025|both|248|table|"To promote
crop
diversificati
on | Promoting
agricultural
crop
diversification | Agribusiness
development | Promote crop
diversification of
soya beans,
groundnuts, and
rice by
establishing a
food fare | 60,000
1
Kwenj
e
venue | 61,000
1
Kwenj
e
venue | 66,000
1
Kwenj
e
venue | 70,000
1
Kwenj
e
venue | 78,000
1
Kwenj
e
venue | Agriculture Dept,
District admin,
CTC, COMACO"
CHAMA-DISTRICT-INTEGRATED-DEVELOPMENT-PLAN-28_02_2025.pdf|idp|2025|both|249|table|" |  |  | center/venue in
the district. |  |  |  |  |  | "
CHAMA-DISTRICT-INTEGRATED-DEVELOPMENT-PLAN-28_02_2025.pdf|idp|2025|both|249|table|"To improve
knowledge
of food
processing
and
nutrition | Facilitate
food
processing
and nutrition
training | Agribusiness
development | Conduct Training
in food
processing and
nutrition in all 31
camps | 400,00
0
4
Quarte
rly | 450,00
0
4
Quarte
rly | 480,00
0
4
Quarte
rly | 500,00
0
4
Quarte
rly | 510,00
0
4
Quarte
rly | Agriculture Dept,
District admin,
COMACO"
CHAMA-DISTRICT-INTEGRATED-DEVELOPMENT-PLAN-28_02_2025.pdf|idp|2025|both|249|table|"To improve
disaster
resilience | Establishing
early warning
systems
equipment in
all 31 camps | Early warning
and
surveillance
systems | Strengthen
existing early
warning systems
by installing early
warning
equipment in all
31 camps in the
district
(Rain gauges K
5,000 each and
Weather radios K
1,000) | 42,000
7
Buli,
Cham
a
central
,
Chibal
e,
Chifun
da,
Chigo
ma,
Chikw
a, | 36,000
6
Dungul
ungu,
Kalovy
a,
Kamb
ombo,
Kanyel
ele,
Katan
galika,
Lundu | 36,000
6
Mang
a,
Manth
epa,
Mapa
mba,
Mulilo,
Mund
alang
a,
Ng’anj
o
Bazimu | 36,000
6
Nthonk
o,
Sitwe,
Temb
we,
Zoole,
Chimp
amba,
Chituk
ula, | 36,000
6
Chasa
to,
Kamfut
u,
Kaozi,
Kasela,
Mung
walala
, and
Pondo | Agriculture Dept"
CHAMA-DISTRICT-INTEGRATED-DEVELOPMENT-PLAN-28_02_2025.pdf|idp|2025|both|250|table|" |  |  |  | Chilub
anam
a, |  |  |  |  | "
CHAMA-DISTRICT-INTEGRATED-DEVELOPMENT-PLAN-28_02_2025.pdf|idp|2025|both|250|table|"To promote
climate-
smart
agriculture | Establish
farmer field
demonstratio
n centres | Irrigation
development | Promote Climate
Smart Agriculture
through
establishing
farmer field
demonstration
centres (CSA) in
all 31 agricultural
camps of Chama
district by 2035. | 700,00
0
7
Buli,
Cham
a
central
,
Chibal
e,
Chifun
da,
Chigo
ma,
Chikw
a,
Chilub
anam
a, | 600,00
0
6
Dungul
ungu,
Kalovy
a,
Kamb
ombo,
Kanyel
ele,
Katan
galika,
Lundu | 606,00
0
6
Mang
a,
Manth
epa,
Mapa
mba,
Mulilo,
Mund
alang
a,
Ng’anj
o
Bazimu | 612,00
0
6
Nthonk
o,
Sitwe,
Temb
we,
Zoole,
Chimp
amba,
Chituk
ula, | 624,00
0
6
Chasa
to,
Kamfut
u,
Kaozi,
Kasela,
Mung
walala
, and
Pondo | Agriculture Dept"
CHAMA-DISTRICT-INTEGRATED-DEVELOPMENT-PLAN-28_02_2025.pdf|idp|2025|both|251|table|"To increase
access to
the market
and
storage for
crop
harvests | Establish
market
centers and
construct
crop storage
depots | Agribusiness
development | Enhance market
linkages by
establishing 8
market centers in
the district and
constructing 7
crop storage
depots | 4,000,0
00
4
Market
center
s | 4,400,0
00
4
Market
center
s
2,200,0
00
2
storag
e
depots | 4,000,0
00
2
storag
e
depots | 4,400,0
00
2
storag
e
depots | 2,300,0
00
1
storag
e
depot | Agricultural Dept,
MoA"
CHAMA-DISTRICT-INTEGRATED-DEVELOPMENT-PLAN-28_02_2025.pdf|idp|2025|both|251|table|"To enhance
rice
production
and
develop
the rice
processing
value chain | Establish an
agro-
processing
industry | Agribusiness
development | Promote
agricultural
technologies and
value chains for
rice production
by establishing
an Agro-
processing
industry |  | 2,750,0
00
1 Agro-
proces
sing
plant/
industr
y |  |  |  | Agricultural Dept,
MoA"
CHAMA-DISTRICT-INTEGRATED-DEVELOPMENT-PLAN-28_02_2025.pdf|idp|2025|both|252|table|"To enhance
livestock
managem
ent in the
district | Establishing
livestock
centres | Livestock
development | Construct 4
livestock centres
in Kalovya,
Kanyelele,
Chasato, and
Chizimba |  | 4,000,0
00
1
Kalovy
a | 4,400,0
00
1
Kanyel
ele | 4,600,0
00
1
Chasa
to | 5,000,0
00
1
Chizim
ba | Dept of Fisheries
and Livestock,
MoFL"
CHAMA-DISTRICT-INTEGRATED-DEVELOPMENT-PLAN-28_02_2025.pdf|idp|2025|both|252|table|"To enhance
livestock
trade in the
district | Establishing
livestock
market
centres | Agribusiness
development | Construct 4
livestock market
centres in
Chifunda,
Mapamba,
Chikwa, and
Tembwe |  | 3,000,0
00
1
Chifun
da | 3,200,0
00
1
Mapa
mba | 3,300,0
00
1
Chikw
a | 3,400,0
00
1
Temb
we | Dept of Fisheries
and Livestock,
MoFL"
CHAMA-DISTRICT-INTEGRATED-DEVELOPMENT-PLAN-28_02_2025.pdf|idp|2025|both|252|table|"To promote
hygiene in
livestock
product
managem
ent | Constructing
slaughter
facilities | Agribusiness
development | Construct 2
livestock
slaughter facilities
(Less than 500
heads/day) |  | 6,500,0
00
1
Kamp
hemb
a | 7,000,0
00
1
Kaozi |  |  | Dept of Fisheries
and Livestock,
MoFL"
CHAMA-DISTRICT-INTEGRATED-DEVELOPMENT-PLAN-28_02_2025.pdf|idp|2025|both|252|table|"To increase
pasture for
livestock | Plant pasture
for livestock
grazing | Livestock
development | Plant 40ha of
pasture (10ha
Farmer’s training |  | 6,000,0
00
40ha |  |  |  | Dept of Fisheries
and Livestock,"
CHAMA-DISTRICT-INTEGRATED-DEVELOPMENT-PLAN-28_02_2025.pdf|idp|2025|both|253|table|" |  |  | centre (FTC),
10ha Chasato,
10ha Kaozi, and
10ha Kanyelele)
1,500,000 per
10Ha |  | FTC-10,
Chasa
to-10,
Kaozi-
10,
and
Kanyel
ele-10 |  |  |  | Forestry Dept,
Agricultural Dept"
CHAMA-DISTRICT-INTEGRATED-DEVELOPMENT-PLAN-28_02_2025.pdf|idp|2025|both|253|table|"To improve
livestock
health | Construction
of dip tanks | Livestock
development | Construct 5 dip
tanks
15 meters long, 7
meters wide, and
4 meters deep
(FTC, Kanyelele,
Chasato,
Kalovya, and
Kaozi) |  | 2,100,0
00
1
FTC | 2,100,0
00
1
Kanyel
ele | 4,200,0
00
2
Chasa
to
And
Kalovy
a | 2,300,0
00
1
Kaozi | Dept of Fisheries
and Livestock,
MoFL"
CHAMA-DISTRICT-INTEGRATED-DEVELOPMENT-PLAN-28_02_2025.pdf|idp|2025|both|253|table|"To promote
traditional
and non-
traditional
minerals | Establish Public
Private
Partnerships
encouraging
small-scale
artisanal | Artisanal and
small-scale
mining
development | PPPs for artisanal
small-scale mining
established in all 7
Chiefdoms
(Kambombo,
Lundu, Chibale, |  |  |  |  |  | CTC,
Government,
NGOs"
CHAMA-DISTRICT-INTEGRATED-DEVELOPMENT-PLAN-28_02_2025.pdf|idp|2025|both|254|table|" | mining
development |  | Mulilo, Chikwa,
Tembwe, and
Chifunda) |  |  |  |  |  | "
CHAMA-DISTRICT-INTEGRATED-DEVELOPMENT-PLAN-28_02_2025.pdf|idp|2025|both|254|table|"To promote
livestock
production in
the district | Fence off
human
settlements to
reduce
human-wildlife
conflict cases | Livestock
development | Settlement fencing
in areas prone to
Human-Wildlife
conflict (Chifunda,
and Chikwa for a
start) | Fence
off
areas
in
Chifun
da
and
Chikw
a
Chiefd
oms | Fence
off
areas
in
Temb
we
chiefd
om |  |  |  | "
CHAMA-DISTRICT-INTEGRATED-DEVELOPMENT-PLAN-28_02_2025.pdf|idp|2025|both|254|table|"SECTORS | TRANSPORT AND COMMUNICATION |  |  |  |  |  |  |  | "
CHAMA-DISTRICT-INTEGRATED-DEVELOPMENT-PLAN-28_02_2025.pdf|idp|2025|both|254|table|"MAIN
OBJECTIVE | DEVELOPMENT OF PUBLIC TRANSPORT AND COMMUNICATION INFRASTRUCTURE |  |  |  |  |  |  |  | "
CHAMA-DISTRICT-INTEGRATED-DEVELOPMENT-PLAN-28_02_2025.pdf|idp|2025|both|254|table|"SPECIFIC
OBJECTIVES | STRATEGIES | PROGRAMMES | PROJECTS | TARGET |  |  |  |  | RESPONSIBLE
AGENCY"
CHAMA-DISTRICT-INTEGRATED-DEVELOPMENT-PLAN-28_02_2025.pdf|idp|2025|both|254|table|" |  |  |  | 2025 | 2026 | 2027 | 2028 | 2029 | "
CHAMA-DISTRICT-INTEGRATED-DEVELOPMENT-PLAN-28_02_2025.pdf|idp|2025|both|255|table|"To upgrade
the district’s
road
network by
2035 | To upgrade
township
roads to
bituminous
standard | Road
development
and
maintenance | Reconnaissance,
survey and
mapping
of road network
Facilitate the
upgrading of
15km
of township roads
to
bituminous
standard
Facilitate
construction of 3
Crossing points | 2,200,0
00
2 -
crossin
g point
in
Manth
epa
and
Kalinkh
u
wards | 40,000,
000
5km
road
upgra
de in
Kamp
hemb
a
1,100,0
00
1 -
crossin
g point
in
Chipal
a | 40,000,
000
5km
road
upgra
de in
Kamp
hemb
a | 40,000,
000
5km
road
upgra
de in
Kamp
hemb
a |  | CTC"
CHAMA-DISTRICT-INTEGRATED-DEVELOPMENT-PLAN-28_02_2025.pdf|idp|2025|both|255|table|" | Rehabilitate
feeder roads
to all-weather |  | Facilitate
upgrading
of 10km of feeder | 10,000,
000
3km | 7,000,0
00
3km | 5,000,0
00
4km |  |  | CTC"
CHAMA-DISTRICT-INTEGRATED-DEVELOPMENT-PLAN-28_02_2025.pdf|idp|2025|both|256|table|" | gravel
standard |  | roads to all-
gravel
standard | In
Chisun
ga | In
Mbazi | In
Chibu
ngwe |  |  | "
CHAMA-DISTRICT-INTEGRATED-DEVELOPMENT-PLAN-28_02_2025.pdf|idp|2025|both|256|table|"To
construct a
modern,
efficient,
and safe
bus station
that
enhances
the public
transportati
on in the
district | Conduct
feasibility
studies and
site analysis
Public
consultations
and
stakeholder
engagement | Construction
and
infrastructure
development | Facilitate the
construction of
modern bus
station |  |  | 1,200,0
00
1
Kamp
hemb
a |  |  | CTC"
CHAMA-DISTRICT-INTEGRATED-DEVELOPMENT-PLAN-28_02_2025.pdf|idp|2025|both|256|table|"Maintain
district
airstrips | Upgrade the
district
airstrips | Aviation
development | Facilitate the
upgrading of
1no. Airstrip
(1,300,000)
Vegetation
control around
3no. airstrips | 150,00
0
3
Airstrip
s
veget | 1,300,0
00I
Airstrip
upgra
de in
Kamp |  |  |  | CTC"
CHAMA-DISTRICT-INTEGRATED-DEVELOPMENT-PLAN-28_02_2025.pdf|idp|2025|both|257|table|" |  |  | (50,000 per
airstrip) | ation
control | hemb
a |  |  |  | "
CHAMA-DISTRICT-INTEGRATED-DEVELOPMENT-PLAN-28_02_2025.pdf|idp|2025|both|257|table|"Improve
district
communic
ation
infrastructur
e by 2035 | Construction
of
communicati
on mast | Communicatio
n technology
development | Facilitate the
construction of
5no.
Communication
mast |  | 4,000,0
00
2
Mazon
de
ward | 4,000,0
00
2
Lundu | 2,000,0
00
1
Chasa
to |  | "
CHAMA-DISTRICT-INTEGRATED-DEVELOPMENT-PLAN-28_02_2025.pdf|idp|2025|both|257|table|"SECTORS | EDUCATION, HEALTH AND SOCIAL SERVICES |  |  |  |  |  |  |  | "
CHAMA-DISTRICT-INTEGRATED-DEVELOPMENT-PLAN-28_02_2025.pdf|idp|2025|both|257|table|"MAIN
OBJECTIVE | ENHANCEMENT OF SOCIAL SERVICE DELIVERY |  |  |  |  |  |  |  | "
CHAMA-DISTRICT-INTEGRATED-DEVELOPMENT-PLAN-28_02_2025.pdf|idp|2025|both|257|table|"SPECIFIC
OBJECTIVES | STRATEGIES | PROGRAMMES | PROJECTS | TARGET |  |  |  |  | RESPONSIBLE
AGENCY"
CHAMA-DISTRICT-INTEGRATED-DEVELOPMENT-PLAN-28_02_2025.pdf|idp|2025|both|257|table|" |  |  |  | 2025 | 2026 | 2027 | 2028 | 2029 | "
CHAMA-DISTRICT-INTEGRATED-DEVELOPMENT-PLAN-28_02_2025.pdf|idp|2025|both|257|table|"To increase
access to
decent
public and
social
housing | Constructing
housing
infrastructure | Public and
social housing | Construction of
28 staff houses
(Departments of
Agriculture-3,
Veterinary-3,
Education-6, | 4,200,0
00
3-Agric
3-Vet | 4,200,0
00
6-
Educat
ion | 5,600,0
00
8
Health | 4,200,0
00
3-
Forestr
y | 1,400,0
00
2-
Immigr
ation | CTC, MoA, MoH,
MoLNR, Ministry of
Home Affairs and
Internal Security,
Zambia Police,
Immigration"
CHAMA-DISTRICT-INTEGRATED-DEVELOPMENT-PLAN-28_02_2025.pdf|idp|2025|both|258|table|" |  |  | Forestry-3,
Health-8, Zambia
Police-3, and
Immigration-2)
700,000 per staff
house |  |  |  | 3-
Police |  | "
CHAMA-DISTRICT-INTEGRATED-DEVELOPMENT-PLAN-28_02_2025.pdf|idp|2025|both|258|table|"To promote
coordinate
d land use
and
settlement
developme
nt | Improve/upgr
ade the
settlement
area | Settlement
improvement | Improve/upgrad
e Mtayachalo
settlement | 400,00
0
1
Mtaya
chalo |  |  |  |  | CTC, EPPA"
CHAMA-DISTRICT-INTEGRATED-DEVELOPMENT-PLAN-28_02_2025.pdf|idp|2025|both|258|table|"To improve
water
storage
and
irrigation | Construction
of dams | Infrastructure
development
and
maintenance | Construction of
two dams for
water storage
and irrigation | 30,000,
000
1
Mzand
e | 30,000,
000
1
Chasa
to |  |  |  | DWRD, Ministry of
Water
Development
and Sanitation
(MoWDS)"
CHAMA-DISTRICT-INTEGRATED-DEVELOPMENT-PLAN-28_02_2025.pdf|idp|2025|both|258|table|"To enhance
water
supply and
resource | Protecting
well fields and
local aquifers | Infrastructure
development
and
maintenance | Protect 2 well
fields, 25 local
Aquifers, and drill | 400,00
0
2
aquifer | 5,000,0
00
25 well
fields | 60,000
3
boreh | 400,00
0
2
boreh |  | DWRD, Ministry of
Water
Development"
CHAMA-DISTRICT-INTEGRATED-DEVELOPMENT-PLAN-28_02_2025.pdf|idp|2025|both|259|table|"managem
ent | and drilling
boreholes |  | 5 boreholes in the
district | s in
Kamp
hemb
a
protec
ted | 15 -
C/Nort
h
10 –
C/Sout
h
protec
ted | oles
drilled | oles
drilled |  | and Sanitation
(MoWDS), CTC"
CHAMA-DISTRICT-INTEGRATED-DEVELOPMENT-PLAN-28_02_2025.pdf|idp|2025|both|259|table|"To improve
institutional
water
supply | Construct
mechanized
water
reticulation
systems | Infrastructure
development
and
maintenance | Construct 10
mechanized
water systems
within ten
institutions in 5
years | 750,00
0
3 | 500,00
0
2 | 500,00
0
2 | 750,00
0
3 |  | DWRD, Ministry of
Water
Development
and Sanitation
(MoWDS), CTC,
MoE"
CHAMA-DISTRICT-INTEGRATED-DEVELOPMENT-PLAN-28_02_2025.pdf|idp|2025|both|259|table|"To improve
public
hygiene
and
sanitation in
public
institutions | Construction
of public
toilets in
public
institutions | Sanitation and
hygiene
promotion | Promote public
sanitation by
constructing 5
public toilets in 5
public institutions
in the next 5 years | 400,00
0
2 | 200,00
0
1 | 200,00
0
1 | 200,00
0
1 |  | DWRD, Ministry of
Water
Development
and Sanitation
(MoWDS), CTC,
MoE"
CHAMA-DISTRICT-INTEGRATED-DEVELOPMENT-PLAN-28_02_2025.pdf|idp|2025|both|260|table|"To enhance
health care
service
provision | Construction
of mini-
hospitals | Increase
access to
quality health
care | Construction of 3
mini-hospitals in
Chikwa, Chibale,
and Lundu | 800,00
0
1
Chikw
a | 820,00
0
1
Chibal
e | 850,00
0
1
Lundu |  |  | MoH, CTC, Dept
Health"
CHAMA-DISTRICT-INTEGRATED-DEVELOPMENT-PLAN-28_02_2025.pdf|idp|2025|both|260|table|"To enhance
access to
quality
education | Construction
of education
facilities | Secondary
education | Construct 3
secondary
schools (1 in Chiri
Zone, a Girls
Boarding
Secondary
school in Kaozi,
and a special
needs secondary
school in
Kamphemba) |  | 1,600,0
00
1
Chiri | 1,630,0
00
1
Kaozi | 1,670,0
00
1
Kamp
hemb
a |  | MoE, DEBS, CTC,"
CHAMA-DISTRICT-INTEGRATED-DEVELOPMENT-PLAN-28_02_2025.pdf|idp|2025|both|260|table|"To enhance
primary
level
education | Upgrade
community
schools to
primary level | Primary
education | Upgrade 5
community
schools to
primary level
(Makeni,
Kajimomo,
Samamba, | 1,500,0
00
3
Maken
i,
Kajimo
mo, | 1,050,0
00
2
Mwani
siya
and |  |  |  | MoE, DEBS, CTC"
CHAMA-DISTRICT-INTEGRATED-DEVELOPMENT-PLAN-28_02_2025.pdf|idp|2025|both|261|table|" |  |  | Mwanisiya, and
Sambako) | and
Sama
mba | Samba
ko |  |  |  | "
CHAMA-DISTRICT-INTEGRATED-DEVELOPMENT-PLAN-28_02_2025.pdf|idp|2025|both|261|table|"To increase
access to
quality
education | Construction
of classroom
blocks (CRBs) | Enhance
access to
quality,
equitable and
inclusive
education | Construction of 5
CRBs in the next
10 years |  | 1,800,0
00
2 | 900,00
0
1 | 1,000,0
00
1 | 1,100,0
00
1 | MoE, DEBS, CTC"
CHAMA-DISTRICT-INTEGRATED-DEVELOPMENT-PLAN-28_02_2025.pdf|idp|2025|both|261|table|"To increase
access to
early
childhood
education
(ECE) in the
district | Establish ECE
centres | Early childhood
education | Establish ECE
centres in all 149
primary and
community
schools by 2035 | 2,500,0
00
25 | 2,500,0
00
25 | 2,500,0
00
25 | 2,500,0
00
25 | 4,900,0
00
49 | MoE, DEBS"
CHAMA-DISTRICT-INTEGRATED-DEVELOPMENT-PLAN-28_02_2025.pdf|idp|2025|both|261|table|"To promote
physical
education
and
physical | Establish
recreational
facilities | Infrastructure
development | Establish
recreational
facilities in all 161
schools in the
next 10 years | 300,00
0
30 | 300,00
0
30 | 300,00
0
30 | 300,00
0
30 | 4,100,0
00
41 | MoE, DEBS"
CHAMA-DISTRICT-INTEGRATED-DEVELOPMENT-PLAN-28_02_2025.pdf|idp|2025|both|262|table|"health of
learners |  |  |  |  |  |  |  |  | "
CHAMA-DISTRICT-INTEGRATED-DEVELOPMENT-PLAN-28_02_2025.pdf|idp|2025|both|262|table|"To enhance
access to
water
supply in
urban
areas | Extend water
reticulation
and supply
network | Infrastructure
development
and
maintenance | Connect 90% of
households in the
urban area to the
water supply and
reticulation
network by 2035
(Current status
1088/2273 – 47%) | 300,00
0
10%
227hh | 312,00
0
10%
227hh | 331,00
0
10%
277hh | 380,00
0
13%
295hh |  | EWSC, DWRD,
CTC"
CHAMA-DISTRICT-INTEGRATED-DEVELOPMENT-PLAN-28_02_2025.pdf|idp|2025|both|262|table|"To enhance
access to
water
supply in
rural areas | Drilling,
equipping
and
rehabilitation
of boreholes | Infrastructure
development
and
maintenance | Provide 50
waterpoints to 50
villages with
clean and safe
water by 2035 | 1,700,0
00
10
water
points | 1,700,0
00
10
water
points | 1,700,0
00
10
water
points | 1,700,0
00
10
water
points | 1,700,0
00
10
water
points | DWRD, CTC"
CHAMA-DISTRICT-INTEGRATED-DEVELOPMENT-PLAN-28_02_2025.pdf|idp|2025|both|262|table|"To improve
water
managem
ent | Rehabilitate
water storage
tank | Infrastructure
development
and
maintenance | Rehabilitate the
old water storage
tank | 90,000
1 |  |  |  |  | EWSC"
CHAMA-DISTRICT-INTEGRATED-DEVELOPMENT-PLAN-28_02_2025.pdf|idp|2025|both|263|table|" |  |  |  | Kamp
hemb
a |  |  |  |  | "
CHAMA-DISTRICT-INTEGRATED-DEVELOPMENT-PLAN-28_02_2025.pdf|idp|2025|both|263|table|"To improve
sanitation
levels in the
district | Construct
sewer pond
and procure
vacuum
tanker | Sanitation and
hygiene
promotion | Construct 1 sewer
pond and
procure 1
vacuum tanker | 1
Vacuu
m
tanker
procur
ed | 1
sewer
pond
constr
ucted |  |  |  | EWSC"
CHAMA-DISTRICT-INTEGRATED-DEVELOPMENT-PLAN-28_02_2025.pdf|idp|2025|both|263|table|"To enhance
solid waste
managem
ent | Procure skip
loader, skip
bins,
construct
refuse bays,
and have
dumpsite
approved by
ZEMA | Solid waste
management | Enhance solid
waste
management
(Procure 1 skip
loader, 50 skip
bins, construct 2
refuse bays, and
have dumpsite
approved by
ZEMA) | 600,00
0
1 skip
loader
procur
ed,
1
dumps
ite
appro
ved by
ZEMA
60,000 |  |  |  |  | CTC"
CHAMA-DISTRICT-INTEGRATED-DEVELOPMENT-PLAN-28_02_2025.pdf|idp|2025|both|264|table|" |  |  |  | 50 skip
bins
procur
ed |  |  |  |  | "
CHAMA-DISTRICT-INTEGRATED-DEVELOPMENT-PLAN-28_02_2025.pdf|idp|2025|both|264|table|"To enhance
child and
adolescent
protection
and reduce
vulnerability | Assist
vulnerable
children and
adolescents
through
caseload
managemen
t | Child
protection | Child protection
program
(children and
adolescents
assisted through
community
caseload
management) | 1
Annual
caselo
ad
mana
ged | 1
Annual
caselo
ad
mana
ged | 1
Annual
caselo
ad
mana
ged | 1
Annual
caselo
ad
mana
ged | 1
Annual
caselo
ad
mana
ged | Community
Development,
Welfare"
CHAMA-DISTRICT-INTEGRATED-DEVELOPMENT-PLAN-28_02_2025.pdf|idp|2025|both|264|table|"To reduce
vulnerability
levels | Promote
access to
social cash
transfer | Social Cash
Transfer | Social Cash
Transfer
(Caseloads
managed) | 1
Annual
caselo
ad
mana
ged | 1
Annual
caselo
ad
mana
ged | 1
Annual
caselo
ad
mana
ged | 1
Annual
caselo
ad
mana
ged | 1
Annual
caselo
ad
mana
ged | Community
Development,
Welfare"
CHAMA-DISTRICT-INTEGRATED-DEVELOPMENT-PLAN-28_02_2025.pdf|idp|2025|both|264|table|"To enhance
access to
disability
services | Assist
vulnerable
differently-
abled | Disability
services | Disability services
(Caseload
management for
vulnerable | 1
Annual
caselo
ad | 1
Annual
caselo
ad | 1
Annual
caselo
ad | 1
Annual
caselo
ad | 1
Annual
caselo
ad | Community
Development,
Welfare"
CHAMA-DISTRICT-INTEGRATED-DEVELOPMENT-PLAN-28_02_2025.pdf|idp|2025|both|265|table|" | individuals
through
caseload
managemen
t |  | differently-abled
individuals) | mana
ged | mana
ged | mana
ged | mana
ged | mana
ged | "
CHAMA-DISTRICT-INTEGRATED-DEVELOPMENT-PLAN-28_02_2025.pdf|idp|2025|both|265|table|"To reduce
vulnerability
levels
among
women
within the
district | Enhance
access to
cash grants,
training in life
skills, micro-
credit, and
empowerme
nt support for
vulnerable
women | Livelihood and
empowerment
schemes
decentralizatio
n | Livelihood and
Empowerment
Decentralisation
(Women
empowerment) | All
allocat
ed
funds
disburs
ed | All
allocat
ed
funds
disburs
ed | All
allocat
ed
funds
disburs
ed | All
allocat
ed
funds
disburs
ed | All
allocat
ed
funds
disburs
ed | Community
Development,
Welfare, CTC"
CHAMA-DISTRICT-INTEGRATED-DEVELOPMENT-PLAN-28_02_2025.pdf|idp|2025|both|265|table|"To enhance
access to
welfare | Promote
access to self-
help initiative
programs | Self-help
initiatives | Self - Help
Initiatives
promotion
(Training in
mindset change,
access to food
security packs,
support with | All
enrolle
d
studen
ts
trained
, all
securit | All
enrolle
d
studen
ts
trained
, all
securit | All
enrolle
d
studen
ts
trained
, all
securit | All
enrolle
d
studen
ts
trained
, all
securit | All
enrolle
d
studen
ts
trained
, all
securit | Community
Development,
Welfare, MoA,
Dept Agriculture"
CHAMA-DISTRICT-INTEGRATED-DEVELOPMENT-PLAN-28_02_2025.pdf|idp|2025|both|266|table|" |  |  | livestock, and
support with
agricultural
insurance) | y
packs
receiv
ed
distribu
ted, all
applic
ant
farmer
s
insured | y
packs
receiv
ed
distribu
ted, all
applic
ant
farmer
s
insured | y
packs
receiv
ed
distribu
ted, all
applic
ant
farmer
s
insured | y
packs
receiv
ed
distribu
ted, all
applic
ant
farmer
s
insured | y
packs
receiv
ed
distribu
ted, all
applic
ant
farmer
s
insured | "
CHAMA-DISTRICT-INTEGRATED-DEVELOPMENT-PLAN-28_02_2025.pdf|idp|2025|both|266|table|"SECTORS | ENERGY |  |  |  |  |  |  |  | "
CHAMA-DISTRICT-INTEGRATED-DEVELOPMENT-PLAN-28_02_2025.pdf|idp|2025|both|266|table|"MAIN
OBJECTIVE | PROMOTE ENERGY MIX GENERATION AND DISTRIBUTION |  |  |  |  |  |  |  | "
CHAMA-DISTRICT-INTEGRATED-DEVELOPMENT-PLAN-28_02_2025.pdf|idp|2025|both|266|table|"SPECIFIC
OBJECTIVES | STRATEGIES | PROGRAMMES | PROJECTS | TARGET |  |  |  |  | RESPONSIBLE
AGENCY"
CHAMA-DISTRICT-INTEGRATED-DEVELOPMENT-PLAN-28_02_2025.pdf|idp|2025|both|266|table|" |  |  |  | 2025 | 2026 | 2027 | 2028 | 2029 | "
CHAMA-DISTRICT-INTEGRATED-DEVELOPMENT-PLAN-28_02_2025.pdf|idp|2025|both|266|table|"To enhance
access to
electrical | Extension of
the electrical
power supply
grid | Electricity
transmission
and distribution | Upscale
distribution
network to 1000 | 50 | 100 | 300 | 300 | 250 | ZESCO, REA"
CHAMA-DISTRICT-INTEGRATED-DEVELOPMENT-PLAN-28_02_2025.pdf|idp|2025|both|267|table|"power
supply |  |  | households by
2035 |  |  |  |  |  | "
CHAMA-DISTRICT-INTEGRATED-DEVELOPMENT-PLAN-28_02_2025.pdf|idp|2025|both|267|table|"To promote
the
establishme
nt of
alternative
energy
sources | Establish a
solar power
plant | Green and
renewable
energy | Facilitate the
establishment of
a solar power
plant in
Kambombo
chiefdom by
2035 | 1 |  |  |  |  | ZESCO, REA"
CHAMA-DISTRICT-INTEGRATED-DEVELOPMENT-PLAN-28_02_2025.pdf|idp|2025|both|267|table|"To establish
a local
supply of
fuel | Facilitate the
establishment
of a filling
station | Infrastructure
development | Facilitate the
establishment of
a filling station in
the district by
2035 |  | 1 |  |  |  | CTC"
CHAMA-DISTRICT-INTEGRATED-DEVELOPMENT-PLAN-28_02_2025.pdf|idp|2025|both|267|table|"SECTORS |  |  |  |  |  |  |  |  | "
CHAMA-DISTRICT-INTEGRATED-DEVELOPMENT-PLAN-28_02_2025.pdf|idp|2025|both|267|table|"MAIN
OBJECTIVE | ENHANCE ENVIRONMENTAL PROTECTION AND SUSTAINABILITY |  |  |  |  |  |  |  | "
CHAMA-DISTRICT-INTEGRATED-DEVELOPMENT-PLAN-28_02_2025.pdf|idp|2025|both|267|table|"SPECIFIC
OBJECTIVES | STRATEGIES | PROGRAMMES | PROJECTS | TARGET |  |  |  |  | RESPONSIBLE
AGENCY"
CHAMA-DISTRICT-INTEGRATED-DEVELOPMENT-PLAN-28_02_2025.pdf|idp|2025|both|267|table|" |  |  |  | 2025 | 2026 | 2027 | 2028 | 2029 | "
CHAMA-DISTRICT-INTEGRATED-DEVELOPMENT-PLAN-28_02_2025.pdf|idp|2025|both|268|table|"To enhance
forest
managem
ent and
protection | Establish
community
forest
managemen
t area and
promote
smart forest
managemen
t | Sustainable
land, forest,
and water
management | Place 250,000 Ha
under
community forest
management
and promote
smart forest
management
within 5 years.
(Mulilo, Chibale,
Kambombo) | 250,00
0
50
Kamb
ombo | 250,00
0
50
Chibal
e | 250,00
0
50
Chibal
e | 250,00
0
50
Mulilo | 250,00
0
50
Mulilo | Dept Forestry"
CHAMA-DISTRICT-INTEGRATED-DEVELOPMENT-PLAN-28_02_2025.pdf|idp|2025|both|268|table|"To enhance
forest
managem
ent and
protection | Capacity
build CFMGs | Sustainable
land, forest,
and water
management | Strengthening
the capacity of
exiting 17 CFMGs | 150,00
0
10
Chabu
lika,
Chifun
da,
Chikw
a,
Chilum
ba,
Chisop
e, | 105,00
0
7
Lundu,
Luvila,
Magol
ogodo
,
Luswa
ng’om
be,
Mulilo,
Nthab |  |  |  | Forestry Dept,
DWRD, CTC"
CHAMA-DISTRICT-INTEGRATED-DEVELOPMENT-PLAN-28_02_2025.pdf|idp|2025|both|269|table|" |  |  |  | Kamb
ombo,
Kamb
ombo
nature
park,
Kamim
bili,
Kateny
a, and
Limwe
zi | alumb
a,
Temb
we,
and
Tiyesek
o |  |  |  | "
CHAMA-DISTRICT-INTEGRATED-DEVELOPMENT-PLAN-28_02_2025.pdf|idp|2025|both|269|table|"To restore
degraded
forest areas | Establish a
nursery of
seedlings and
plant them to
replenish
degraded
forest areas | Sustainable
land, forest,
and water
management | Restore 500
hectares of
degraded forest
area by
establishing and
managing a
nursery of 500,000
tree seedlings | 300,00
0
100
Lundaz
i
nation
al
forest | 250,00
0
100
Lundaz
i
nation
al
forest | 250,00
0
100
Muchi
nga
ward | 250,00
0
100
Mazon
de
ward | 250,00
0
100
Chisun
ga
ward | Forest dept, CTC"
CHAMA-DISTRICT-INTEGRATED-DEVELOPMENT-PLAN-28_02_2025.pdf|idp|2025|both|269|table|"To reduced
dependen
ce on forest | Capacity-
build CFMGs
in forest- | Sustainable
land, forest, | Encouraging
forest-based
industries through | 300,00
0
10 | 210,00
7 |  |  |  | Forest dept, CTC"
CHAMA-DISTRICT-INTEGRATED-DEVELOPMENT-PLAN-28_02_2025.pdf|idp|2025|both|270|table|"resource
depletion | based
industrializati
on for forest
sustainability | and water
management | capacity-
building training
in the 17 CFMGs
communities | Chabu
lika,
Chifun
da,
Chikw
a,
Chilum
ba,
Chisop
e,
Kamb
ombo,
Kamb
ombo
nature
park,
Kamim
bili,
Kateny
a, and
Limwe
zi | Lundu,
Luvila,
Magol
ogodo
,
Luswa
ng’om
be,
Mulilo,
Nthab
alumb
a,
Temb
we,
and
Tiyesek
o |  |  |  | "
CHAMA-DISTRICT-INTEGRATED-DEVELOPMENT-PLAN-28_02_2025.pdf|idp|2025|both|271|table|"To promote
research in
climate-
smart
technology
for climate
change
resilience | Establish a
climate-smart
technology
and research
it to deduce
impact in
mitigating
climate
change | Sustainable
land, forest,
and water
management | Promote
research and
development in
water resources
and
management by
establishing one
climate-smart
water harvesting
technology | 1
Climat
e
smart
techn
ology
establi
shed |  |  |  |  | DWRD"
CHAMA-DISTRICT-INTEGRATED-DEVELOPMENT-PLAN-28_02_2025.pdf|idp|2025|both|271|table|"To
encourage
sustainable
agriculture | Enhance
training in
climate smart
agriculture | Sustainable
agriculture
promotion | Promoting
Climate Smart
Agriculture (CSA)
in the 30
agricultural
camps of Chama
district by 2033. | 300,00
0
10 | 300,00
0
10 | 300,00
0
10 |  |  | Dept Agriculture"
CHAMA-DISTRICT-INTEGRATED-DEVELOPMENT-PLAN-28_02_2025.pdf|idp|2025|both|271|table|"To promote
the
establishme
nt of
alternative | Establish
clean and
renewable
off-grid
energy | Green and
renewable
energy | Establish Off-Grid
Energy Solutions
(a Solar power
plant in the | 1 |  |  |  |  | ZESCO, REA"
CHAMA-DISTRICT-INTEGRATED-DEVELOPMENT-PLAN-28_02_2025.pdf|idp|2025|both|272|table|"energy
sources | source (Solar
power plant) |  | Kambombo
area) |  |  |  |  |  | "
CHAMA-DISTRICT-INTEGRATED-DEVELOPMENT-PLAN-28_02_2025.pdf|idp|2025|both|272|table|"To improve
disaster
mitigation
and
adaptation | Promote in
early warning
systems
training of
officers in
camps | Early warning
system | 2 Early warning
systems installed | 1 | 1 |  |  |  | Dept Agriculture,
Forestry and
Livestock
Local Authority"
CHAMA-DISTRICT-INTEGRATED-DEVELOPMENT-PLAN-28_02_2025.pdf|idp|2025|both|272|table|" | Flood
preparedness
, response
and recovery | Flood Risk
assessment
and mapping
Flood plain
management
Community-
based flood risk
management | Conduct flood-
risk mapping and
assessment
Training camp
officers in 31
camps in early
warning systems
Conduct
community flood
preparedness
training
Develop a flood
evacuation plan | 2
10
5
1 | 10
5 | 11
5 | 5 | 5 | Local Authority
DMMU
Dept Agriculture,
Forestry and
Livestock"
CHAMA-DISTRICT-INTEGRATED-DEVELOPMENT-PLAN-28_02_2025.pdf|idp|2025|both|273|table|" | Drought
preparedness
, response
and recovery | Drought Risk
assessment
and mapping
Water
conservation
and efficiency
Early warning
systems
Community-
based drought
management | Water harvesting
and storage
infrastructure
constructed
Irrigation system
development
community
drought
preparedness
training | 1
1
5 | 1
5 | 1
1
5 | 1
5 | 1
1
5 | Local Authority
DMMU
Dept Agriculture,
Forestry and
Livestock"
CHAMA-DISTRICT-INTEGRATED-DEVELOPMENT-PLAN-28_02_2025.pdf|idp|2025|both|273|table|"SECTOR | GOVERNANCE |  |  |  |  |  |  |  | "
CHAMA-DISTRICT-INTEGRATED-DEVELOPMENT-PLAN-28_02_2025.pdf|idp|2025|both|273|table|"MAIN
OBJECTIVE | PROMOTE INCLUSIVE GOVERNANCE AT THE LOCAL LEVEL BY 2035 |  |  |  |  |  |  |  | "
CHAMA-DISTRICT-INTEGRATED-DEVELOPMENT-PLAN-28_02_2025.pdf|idp|2025|both|273|table|"SPECIFIC
OBJECTIVES | STRATEGIES | PROGRAMMES | PROJECTS | TARGET |  |  |  |  | RESPONSIBLE
AGENCY"
CHAMA-DISTRICT-INTEGRATED-DEVELOPMENT-PLAN-28_02_2025.pdf|idp|2025|both|273|table|" |  |  |  | 2025 | 2026 | 2027 | 2028 | 2029 | "
CHAMA-DISTRICT-INTEGRATED-DEVELOPMENT-PLAN-28_02_2025.pdf|idp|2025|both|273|table|"Enhance
citizen
participatio
n in | Inclusive
Policy
Development | Citizen
Engagement
Program | Stakeholder
engagement
meetings | 200,00
0
4
stakeh | 200,00
0
4
stakeh | 200,00
0
4
stakeh | 200,00
0
4
stakeh | 200,00
0
4
stakeh | CTC"
CHAMA-DISTRICT-INTEGRATED-DEVELOPMENT-PLAN-28_02_2025.pdf|idp|2025|both|274|table|"decision-
making
processes in
all the
wards | Public
Engagement
and
Consultation
Participatory
Budgeting
Citizen-Led
Planning | Participatory
Governance
Initiative
Community
Development
Program
Public Policy
Dialogue Series
Civic
Education and
Awareness
Program | Quarterly
meetings | older
meetin
gs | older
meetin
gs | older
meetin
gs | older
meetin
gs | older
meetin
gs | "
CHAMA-DISTRICT-INTEGRATED-DEVELOPMENT-PLAN-28_02_2025.pdf|idp|2025|both|274|table|"Strengthen
Land
Managem
ent and
Administrati
on for the
Local
Authority by
2035 | Establishing
planning
agreements
with
traditional
leadership
Establishing
local area
plans | Land
administration
and
management | Facilitate the
establishment of
two planning
agreements in
Kambombo and
Chikwa
chiefdoms
Facilitate
establishment of | 150,00
0
1 Local
area
plan
Kamp
hemb
a | 400,00
0
2
planni
ng
agree
ments
(1
Kamb |  |  |  | CTC, EPPA"
CHAMA-DISTRICT-INTEGRATED-DEVELOPMENT-PLAN-28_02_2025.pdf|idp|2025|both|275|table|" |  |  | one Local Area
Plan within the
township
boundary |  | ombo
and 1
Chikw
a) |  |  |  | "
CHAMA-DISTRICT-INTEGRATED-DEVELOPMENT-PLAN-28_02_2025.pdf|idp|2025|both|275|table|"Improve
the
capacity of
all 24 WDCs | Capacity
building Ward
Development
Committees | Capacity
development | Facilitate the
capacity building
of all 24 WDCs | 300,00
0
24
capac
ity
buildin
g
trainin
gs
condu
cted in
all 24
wards |  |  |  |  | CTC, Local
Impact, and
cooperating
partners"
CHAMA-DISTRICT-INTEGRATED-DEVELOPMENT-PLAN-28_02_2025.pdf|idp|2025|both|276|text_fallback|CHAMA TOWN COUNCIL’S FINANCIAL PLAN
CHAMA-DISTRICT-INTEGRATED-DEVELOPMENT-PLAN-28_02_2025.pdf|idp|2025|both|276|text_fallback|Purpose
CHAMA-DISTRICT-INTEGRATED-DEVELOPMENT-PLAN-28_02_2025.pdf|idp|2025|both|276|text_fallback|The aim of this Long-Term Financial Plan is to raise awareness about potential
CHAMA-DISTRICT-INTEGRATED-DEVELOPMENT-PLAN-28_02_2025.pdf|idp|2025|both|276|text_fallback|financial challenges and opportunities that the Council may encounter, guiding
CHAMA-DISTRICT-INTEGRATED-DEVELOPMENT-PLAN-28_02_2025.pdf|idp|2025|both|276|text_fallback|the Institution’s financial and operational decision-makers in preparing for these
CHAMA-DISTRICT-INTEGRATED-DEVELOPMENT-PLAN-28_02_2025.pdf|idp|2025|both|276|text_fallback|possibilities. This five-year financial plan is part of a broader initiative by the
CHAMA-DISTRICT-INTEGRATED-DEVELOPMENT-PLAN-28_02_2025.pdf|idp|2025|both|276|text_fallback|Council to strengthen its long-term financial planning and management
CHAMA-DISTRICT-INTEGRATED-DEVELOPMENT-PLAN-28_02_2025.pdf|idp|2025|both|276|text_fallback|strategies.
CHAMA-DISTRICT-INTEGRATED-DEVELOPMENT-PLAN-28_02_2025.pdf|idp|2025|both|276|text_fallback|Scope
CHAMA-DISTRICT-INTEGRATED-DEVELOPMENT-PLAN-28_02_2025.pdf|idp|2025|both|276|text_fallback|The Council's Financial Plan for Fiscal Years 2025 to 2035 outlines the revenues and
CHAMA-DISTRICT-INTEGRATED-DEVELOPMENT-PLAN-28_02_2025.pdf|idp|2025|both|276|text_fallback|expenditures for all Council funds, including the General Fund and special funds,
CHAMA-DISTRICT-INTEGRATED-DEVELOPMENT-PLAN-28_02_2025.pdf|idp|2025|both|276|text_fallback|over five years.
CHAMA-DISTRICT-INTEGRATED-DEVELOPMENT-PLAN-28_02_2025.pdf|idp|2025|both|276|text_fallback|Description of Development Process
CHAMA-DISTRICT-INTEGRATED-DEVELOPMENT-PLAN-28_02_2025.pdf|idp|2025|both|276|text_fallback|Furthermore, this section of the implementation program describes the policies
CHAMA-DISTRICT-INTEGRATED-DEVELOPMENT-PLAN-28_02_2025.pdf|idp|2025|both|276|text_fallback|and financial abilities to manage the investment needs associated with its spatial
CHAMA-DISTRICT-INTEGRATED-DEVELOPMENT-PLAN-28_02_2025.pdf|idp|2025|both|276|text_fallback|development and built environment through the costing and financing of all
CHAMA-DISTRICT-INTEGRATED-DEVELOPMENT-PLAN-28_02_2025.pdf|idp|2025|both|276|text_fallback|strategies formulated to ensure that the objectives and strategies of the IDP are
CHAMA-DISTRICT-INTEGRATED-DEVELOPMENT-PLAN-28_02_2025.pdf|idp|2025|both|276|text_fallback|well implemented. A capital investment plan would classify specific public
CHAMA-DISTRICT-INTEGRATED-DEVELOPMENT-PLAN-28_02_2025.pdf|idp|2025|both|276|text_fallback|projects as well as a general schedule. The capital Investment Programme is
CHAMA-DISTRICT-INTEGRATED-DEVELOPMENT-PLAN-28_02_2025.pdf|idp|2025|both|276|text_fallback|prepared for five years (2022 to 2026) only and is associated with the Medium-
CHAMA-DISTRICT-INTEGRATED-DEVELOPMENT-PLAN-28_02_2025.pdf|idp|2025|both|276|text_fallback|Term Expenditure Framework, and is directly related to the priorities, objectives
CHAMA-DISTRICT-INTEGRATED-DEVELOPMENT-PLAN-28_02_2025.pdf|idp|2025|both|276|text_fallback|and strategies of the IDP.
CHAMA-DISTRICT-INTEGRATED-DEVELOPMENT-PLAN-28_02_2025.pdf|idp|2025|both|276|text_fallback|246
CHAMA-DISTRICT-INTEGRATED-DEVELOPMENT-PLAN-28_02_2025.pdf|idp|2025|both|277|table|"REVENUE SOURCES | 2019 | 2020 | 2021 | 2022 | 2023 | 2024"
CHAMA-DISTRICT-INTEGRATED-DEVELOPMENT-PLAN-28_02_2025.pdf|idp|2025|both|277|table|"Local Taxes | 83895 | 58454.7 | 26788 | 56377.55 | 37277.5 | 31927.5"
CHAMA-DISTRICT-INTEGRATED-DEVELOPMENT-PLAN-28_02_2025.pdf|idp|2025|both|277|table|"Fees & Charges | 630895.4 | 670243.2 | 526778.82 | 589069.5 | 701944.5 | 470298"
CHAMA-DISTRICT-INTEGRATED-DEVELOPMENT-PLAN-28_02_2025.pdf|idp|2025|both|277|table|"Licenses | 20895 | 10615 | 6240 | 38910 | 26615 | 27355"
CHAMA-DISTRICT-INTEGRATED-DEVELOPMENT-PLAN-28_02_2025.pdf|idp|2025|both|277|table|"Levies | 299215.5 | 287189.21 | 215501.75 | 263486 | 282423 | 290166.75"
CHAMA-DISTRICT-INTEGRATED-DEVELOPMENT-PLAN-28_02_2025.pdf|idp|2025|both|277|table|"Permits | 42416 | 54105 | 27335 | 45502 | 128873 | 84415"
CHAMA-DISTRICT-INTEGRATED-DEVELOPMENT-PLAN-28_02_2025.pdf|idp|2025|both|277|table|"Charges |  |  |  |  | 543750 | 79840"
CHAMA-DISTRICT-INTEGRATED-DEVELOPMENT-PLAN-28_02_2025.pdf|idp|2025|both|277|table|"Local Government
Equalisation Fund | 7694601 | 9374310.56 | 9377093.23 | 11010102.16 | 37784448.8 | 9305623.61"
CHAMA-DISTRICT-INTEGRATED-DEVELOPMENT-PLAN-28_02_2025.pdf|idp|2025|both|277|table|"Grant in Lieu of Rates |  |  |  |  |  | 375000"
CHAMA-DISTRICT-INTEGRATED-DEVELOPMENT-PLAN-28_02_2025.pdf|idp|2025|both|277|table|"Constituency Development
Fund | 76542.75 | 3261594.78 | 3263252.51 | 31184402.13 |  | 45953462.94"
CHAMA-DISTRICT-INTEGRATED-DEVELOPMENT-PLAN-28_02_2025.pdf|idp|2025|both|277|table|"Sector Grant |  |  |  |  |  | 7284276"
CHAMA-DISTRICT-INTEGRATED-DEVELOPMENT-PLAN-28_02_2025.pdf|idp|2025|both|277|table|"Other Grants |  |  | 601437.54 | 8264000 |  | "
CHAMA-DISTRICT-INTEGRATED-DEVELOPMENT-PLAN-28_02_2025.pdf|idp|2025|both|277|table|"Other Incomes |  |  |  |  | 633186.73 | "
CHAMA-DISTRICT-INTEGRATED-DEVELOPMENT-PLAN-28_02_2025.pdf|idp|2025|both|277|table|"Commercial Venture |  |  |  | 152452 |  | "
CHAMA-DISTRICT-INTEGRATED-DEVELOPMENT-PLAN-28_02_2025.pdf|idp|2025|both|277|table|"Other Receipts | 72408.88 | 36171.82 | 82349.48 | 1034689.71 |  | "
CHAMA-DISTRICT-INTEGRATED-DEVELOPMENT-PLAN-28_02_2025.pdf|idp|2025|both|278|table|"National Support (Grants) |  |  |  |  | 10276030.8 | "
CHAMA-DISTRICT-INTEGRATED-DEVELOPMENT-PLAN-28_02_2025.pdf|idp|2025|both|278|table|"TOTAL | 8920870 | 13752684.3 | 14126776.3 | 52638991.05 | 50414549.4 | 63902364.8"
CHAMA-DISTRICT-INTEGRATED-DEVELOPMENT-PLAN-28_02_2025.pdf|idp|2025|both|278|table|" | 2019 | 2020 | 2021 | 2022 | 2023 | 2024"
CHAMA-DISTRICT-INTEGRATED-DEVELOPMENT-PLAN-28_02_2025.pdf|idp|2025|both|278|table|"Planning |  |  |  |  | 1013794.77 | "
CHAMA-DISTRICT-INTEGRATED-DEVELOPMENT-PLAN-28_02_2025.pdf|idp|2025|both|278|table|"Local Governance |  |  |  |  | 2193803.39 | "
CHAMA-DISTRICT-INTEGRATED-DEVELOPMENT-PLAN-28_02_2025.pdf|idp|2025|both|278|table|"Economic and business
development |  |  |  |  | 5820 | "
CHAMA-DISTRICT-INTEGRATED-DEVELOPMENT-PLAN-28_02_2025.pdf|idp|2025|both|278|table|"Public health and Environmental
protection |  |  |  |  | 887549.16 | "
CHAMA-DISTRICT-INTEGRATED-DEVELOPMENT-PLAN-28_02_2025.pdf|idp|2025|both|278|table|"Housing and Community
Amenities |  |  |  |  | 2729922.01 | "
CHAMA-DISTRICT-INTEGRATED-DEVELOPMENT-PLAN-28_02_2025.pdf|idp|2025|both|278|table|"Recreation Culture and Religion |  |  |  |  | 8000 | "
CHAMA-DISTRICT-INTEGRATED-DEVELOPMENT-PLAN-28_02_2025.pdf|idp|2025|both|278|table|"Public order and safety |  |  |  |  | 749822.08 | "
CHAMA-DISTRICT-INTEGRATED-DEVELOPMENT-PLAN-28_02_2025.pdf|idp|2025|both|278|table|"Management and support
Services |  |  |  |  | 5275322.49 | "
CHAMA-DISTRICT-INTEGRATED-DEVELOPMENT-PLAN-28_02_2025.pdf|idp|2025|both|278|table|"Resource Mobilization |  |  |  |  | 1761790.57 | "
CHAMA-DISTRICT-INTEGRATED-DEVELOPMENT-PLAN-28_02_2025.pdf|idp|2025|both|278|table|"Constituency Development
Fund |  |  |  |  | 49206236.5 | "
CHAMA-DISTRICT-INTEGRATED-DEVELOPMENT-PLAN-28_02_2025.pdf|idp|2025|both|278|table|"Other Grants |  |  |  |  |  | "
CHAMA-DISTRICT-INTEGRATED-DEVELOPMENT-PLAN-28_02_2025.pdf|idp|2025|both|278|table|"Borrowings |  |  |  |  |  | "
CHAMA-DISTRICT-INTEGRATED-DEVELOPMENT-PLAN-28_02_2025.pdf|idp|2025|both|278|table|"Commercial Venture |  |  |  |  |  | "
CHAMA-DISTRICT-INTEGRATED-DEVELOPMENT-PLAN-28_02_2025.pdf|idp|2025|both|278|table|"Other Receipts |  |  |  |  |  | "
CHAMA-DISTRICT-INTEGRATED-DEVELOPMENT-PLAN-28_02_2025.pdf|idp|2025|both|279|table|"Personnel Emoluments | 4065498 | 5246443 | 6302736.66 | 6840875.88 |  | "
CHAMA-DISTRICT-INTEGRATED-DEVELOPMENT-PLAN-28_02_2025.pdf|idp|2025|both|279|table|"Use of goods and services | 3783901 | 4519395.77 | 4968504.23 | 10499450.15 |  | "
CHAMA-DISTRICT-INTEGRATED-DEVELOPMENT-PLAN-28_02_2025.pdf|idp|2025|both|279|table|"Financial Charges |  |  |  |  |  | "
CHAMA-DISTRICT-INTEGRATED-DEVELOPMENT-PLAN-28_02_2025.pdf|idp|2025|both|279|table|"Social benefits |  |  |  | 3891150 |  | "
CHAMA-DISTRICT-INTEGRATED-DEVELOPMENT-PLAN-28_02_2025.pdf|idp|2025|both|279|table|"Non-financial Assets Acquisition | 2864875 | 1436773.8 | 3164568.27 | 258874.54 |  | "
CHAMA-DISTRICT-INTEGRATED-DEVELOPMENT-PLAN-28_02_2025.pdf|idp|2025|both|279|table|"Financial Assets |  |  |  |  |  | "
CHAMA-DISTRICT-INTEGRATED-DEVELOPMENT-PLAN-28_02_2025.pdf|idp|2025|both|279|table|"Loan Repayments |  |  |  |  |  | "
CHAMA-DISTRICT-INTEGRATED-DEVELOPMENT-PLAN-28_02_2025.pdf|idp|2025|both|279|table|"Other payments | 1033256 | 1248151.71 | 655342.08 | 931797.92 |  | "
CHAMA-DISTRICT-INTEGRATED-DEVELOPMENT-PLAN-28_02_2025.pdf|idp|2025|both|279|table|"TOTAL | 11747531 | 12450764.3 | 15091151.2 | 22422148.49 | 63832060.9 | "
CHAMA-DISTRICT-INTEGRATED-DEVELOPMENT-PLAN-28_02_2025.pdf|idp|2025|both|279|table|"REVENUE DESCRIPTION | 2025 | 2026 | 2027 | 2028 | 2029 | 2030"
CHAMA-DISTRICT-INTEGRATED-DEVELOPMENT-PLAN-28_02_2025.pdf|idp|2025|both|279|table|"Local taxes/rates |  |  |  |  |  | "
CHAMA-DISTRICT-INTEGRATED-DEVELOPMENT-PLAN-28_02_2025.pdf|idp|2025|both|279|table|"Residential | 25200 | 26964 | 28851.48 | 30871.0836 | 33032.05945 | 35344.30361"
CHAMA-DISTRICT-INTEGRATED-DEVELOPMENT-PLAN-28_02_2025.pdf|idp|2025|both|279|table|"Industrial | 7650 | 8185.5 | 8758.485 | 9371.57895 | 10027.58948 | 10729.52074"
CHAMA-DISTRICT-INTEGRATED-DEVELOPMENT-PLAN-28_02_2025.pdf|idp|2025|both|279|table|"Subitem total | 32850 | 35149.5 | 37609.965 | 40242.66255 | 43059.64893 | 46073.82435"
CHAMA-DISTRICT-INTEGRATED-DEVELOPMENT-PLAN-28_02_2025.pdf|idp|2025|both|279|table|"Personal levy | 43995 | 47074.65 | 50369.8755 | 53895.76679 | 57668.47046 | 61705.26339"
CHAMA-DISTRICT-INTEGRATED-DEVELOPMENT-PLAN-28_02_2025.pdf|idp|2025|both|279|table|"Subitem Total | 43995 | 47074.65 | 50369.8755 | 53895.76679 | 57668.47046 | 61705.26339"
CHAMA-DISTRICT-INTEGRATED-DEVELOPMENT-PLAN-28_02_2025.pdf|idp|2025|both|279|table|"Revenue description | 2025 | 2026 | 2027 | 2028 | 2029 | 2030"
CHAMA-DISTRICT-INTEGRATED-DEVELOPMENT-PLAN-28_02_2025.pdf|idp|2025|both|279|table|"Fees and Charges |  |  |  |  |  | "
CHAMA-DISTRICT-INTEGRATED-DEVELOPMENT-PLAN-28_02_2025.pdf|idp|2025|both|279|table|"Plan scrutiny fee | 45250 | 48417.5 | 51806.725 | 55433.19575 | 59313.51945 | 63465.46581"
CHAMA-DISTRICT-INTEGRATED-DEVELOPMENT-PLAN-28_02_2025.pdf|idp|2025|both|280|table|"Rentals/lease of Council’s
properties | 106000 | 113420 | 121359.4 | 129854.558 | 138944.3771 | 148670.4835"
CHAMA-DISTRICT-INTEGRATED-DEVELOPMENT-PLAN-28_02_2025.pdf|idp|2025|both|280|table|"Non-Land Application form fees | 35600 | 38092 | 40758.44 | 43611.5308 | 46664.33796 | 49930.84161"
CHAMA-DISTRICT-INTEGRATED-DEVELOPMENT-PLAN-28_02_2025.pdf|idp|2025|both|280|table|"Market fees | 109500 | 117165 | 125366.55 | 134142.2085 | 143532.1631 | 153579.4145"
CHAMA-DISTRICT-INTEGRATED-DEVELOPMENT-PLAN-28_02_2025.pdf|idp|2025|both|280|table|"Loading fees (buses, trucks,
trains, taxies etc.) | 86720 | 92790.4 | 99285.728 | 106235.729 | 113672.23 | 121629.2861"
CHAMA-DISTRICT-INTEGRATED-DEVELOPMENT-PLAN-28_02_2025.pdf|idp|2025|both|280|table|"Hire of halls | 15000 | 16050 | 17173.5 | 18375.645 | 19661.94015 | 21038.27596"
CHAMA-DISTRICT-INTEGRATED-DEVELOPMENT-PLAN-28_02_2025.pdf|idp|2025|both|280|table|"Refuse disposal | 55200 | 59064 | 63198.48 | 67622.3736 | 72355.93975 | 77420.85553"
CHAMA-DISTRICT-INTEGRATED-DEVELOPMENT-PLAN-28_02_2025.pdf|idp|2025|both|280|table|"Notice of marriage fees | 2500 | 2675 | 2862.25 | 3062.6075 | 3276.990025 | 3506.379327"
CHAMA-DISTRICT-INTEGRATED-DEVELOPMENT-PLAN-28_02_2025.pdf|idp|2025|both|280|table|"Farm produce fee | 80000 | 85600 | 91592 | 98003.44 | 104863.6808 | 112204.1385"
CHAMA-DISTRICT-INTEGRATED-DEVELOPMENT-PLAN-28_02_2025.pdf|idp|2025|both|280|table|"Billboards and banners | 15269 | 16337.83 | 17481.4781 | 18705.18157 | 20014.54428 | 21415.56238"
CHAMA-DISTRICT-INTEGRATED-DEVELOPMENT-PLAN-28_02_2025.pdf|idp|2025|both|280|table|"Hire of Transport and Equipment | 16500 | 17655 | 18890.85 | 20213.2095 | 21628.13417 | 23142.10356"
CHAMA-DISTRICT-INTEGRATED-DEVELOPMENT-PLAN-28_02_2025.pdf|idp|2025|both|280|table|"Penalties | 6750 | 7222.5 | 7728.075 | 8269.04025 | 8847.873068 | 9467.224182"
CHAMA-DISTRICT-INTEGRATED-DEVELOPMENT-PLAN-28_02_2025.pdf|idp|2025|both|280|table|"Sale of Bid Documents | 24000 | 25680 | 27477.6 | 29401.032 | 31459.10424 | 33661.24154"
CHAMA-DISTRICT-INTEGRATED-DEVELOPMENT-PLAN-28_02_2025.pdf|idp|2025|both|280|table|"Telecommunication site rentals | 110000 | 117700 | 125939 | 134754.73 | 144187.5611 | 154280.6904"
CHAMA-DISTRICT-INTEGRATED-DEVELOPMENT-PLAN-28_02_2025.pdf|idp|2025|both|280|table|"Other fees and charges | 68408 | 73196.56 | 78320.3192 | 83802.74154 | 89668.93345 | 95945.75879"
CHAMA-DISTRICT-INTEGRATED-DEVELOPMENT-PLAN-28_02_2025.pdf|idp|2025|both|280|table|"Subitem Total | 776697 | 831065.79 | 889240.3953 | 951487.223 | 1018091.329 | 1089357.722"
CHAMA-DISTRICT-INTEGRATED-DEVELOPMENT-PLAN-28_02_2025.pdf|idp|2025|both|280|table|"Revenue Description | 2025 | 2026 | 2027 | 2028 | 2029 | 2030"
CHAMA-DISTRICT-INTEGRATED-DEVELOPMENT-PLAN-28_02_2025.pdf|idp|2025|both|280|table|"Licenses |  |  |  |  |  | "
CHAMA-DISTRICT-INTEGRATED-DEVELOPMENT-PLAN-28_02_2025.pdf|idp|2025|both|280|table|"Liquor license | 27000 | 28890 | 30912.3 | 33076.161 | 35391.49227 | 37868.89673"
CHAMA-DISTRICT-INTEGRATED-DEVELOPMENT-PLAN-28_02_2025.pdf|idp|2025|both|280|table|"Firearm and ammunition license | 8550 | 9148.5 | 9788.895 | 10474.11765 | 11207.30589 | 11991.8173"
CHAMA-DISTRICT-INTEGRATED-DEVELOPMENT-PLAN-28_02_2025.pdf|idp|2025|both|280|table|"Dog licence | 1500 | 1605 | 1717.35 | 1837.5645 | 1966.194015 | 2103.827596"
CHAMA-DISTRICT-INTEGRATED-DEVELOPMENT-PLAN-28_02_2025.pdf|idp|2025|both|280|table|"Other Licenses | 7500 | 8025 | 8586.75 | 9187.8225 | 9830.970075 | 10519.13798"
CHAMA-DISTRICT-INTEGRATED-DEVELOPMENT-PLAN-28_02_2025.pdf|idp|2025|both|280|table|"Subitem Total | 44550 | 47668.5 | 51005.295 | 54575.66565 | 58395.96225 | 62483.6796"
CHAMA-DISTRICT-INTEGRATED-DEVELOPMENT-PLAN-28_02_2025.pdf|idp|2025|both|281|table|"Revenue Description | 2025 | 2026 | 2027 | 2028 | 2029 | 2030"
CHAMA-DISTRICT-INTEGRATED-DEVELOPMENT-PLAN-28_02_2025.pdf|idp|2025|both|281|table|"Levies |  |  |  |  |  | "
CHAMA-DISTRICT-INTEGRATED-DEVELOPMENT-PLAN-28_02_2025.pdf|idp|2025|both|281|table|"Pole levy | 568 | 607.76 | 650.3032 | 695.824424 | 744.5321337 | 796.649383"
CHAMA-DISTRICT-INTEGRATED-DEVELOPMENT-PLAN-28_02_2025.pdf|idp|2025|both|281|table|"Trading (Retail) Consumable
groceries business | 229500 | 245565 | 262754.55 | 281147.3685 | 300827.6843 | 321885.6222"
CHAMA-DISTRICT-INTEGRATED-DEVELOPMENT-PLAN-28_02_2025.pdf|idp|2025|both|281|table|"Other levies | 128120 | 137088.4 | 146684.588 | 156952.5092 | 167939.1848 | 179694.9277"
CHAMA-DISTRICT-INTEGRATED-DEVELOPMENT-PLAN-28_02_2025.pdf|idp|2025|both|281|table|"Subitem Total | 358188 | 383261.16 | 410089.4412 | 438795.7021 | 469511.4012 | 502377.1993"
CHAMA-DISTRICT-INTEGRATED-DEVELOPMENT-PLAN-28_02_2025.pdf|idp|2025|both|281|table|"Revenue Description | 2025 | 2026 | 2027 | 2028 | 2029 | 2030"
CHAMA-DISTRICT-INTEGRATED-DEVELOPMENT-PLAN-28_02_2025.pdf|idp|2025|both|281|table|"Permits |  |  |  |  |  | "
CHAMA-DISTRICT-INTEGRATED-DEVELOPMENT-PLAN-28_02_2025.pdf|idp|2025|both|281|table|"Herbalist permit | 1000 | 1070 | 1144.9 | 1225.043 | 1310.79601 | 1402.551731"
CHAMA-DISTRICT-INTEGRATED-DEVELOPMENT-PLAN-28_02_2025.pdf|idp|2025|both|281|table|"Nursery, pre-school permits | 3000 | 3210 | 3434.7 | 3675.129 | 3932.38803 | 4207.655192"
CHAMA-DISTRICT-INTEGRATED-DEVELOPMENT-PLAN-28_02_2025.pdf|idp|2025|both|281|table|"Fire certificate | 12600 | 13482 | 14425.74 | 15435.5418 | 16516.02973 | 17672.15181"
CHAMA-DISTRICT-INTEGRATED-DEVELOPMENT-PLAN-28_02_2025.pdf|idp|2025|both|281|table|"Extension of Business hours
permit | 12000 | 12840 | 13738.8 | 14700.516 | 15729.55212 | 16830.62077"
CHAMA-DISTRICT-INTEGRATED-DEVELOPMENT-PLAN-28_02_2025.pdf|idp|2025|both|281|table|"Social gathering permit | 3000 | 3210 | 3434.7 | 3675.129 | 3932.38803 | 4207.655192"
CHAMA-DISTRICT-INTEGRATED-DEVELOPMENT-PLAN-28_02_2025.pdf|idp|2025|both|281|table|"Primary, Secondary and Tertiary
permits | 121000 | 129470 | 138532.9 | 148230.203 | 158606.3172 | 169708.7594"
CHAMA-DISTRICT-INTEGRATED-DEVELOPMENT-PLAN-28_02_2025.pdf|idp|2025|both|281|table|"Subitem Total | 152600 | 163282 | 174711.74 | 186941.5618 | 200027.4711 | 214029.3941"
CHAMA-DISTRICT-INTEGRATED-DEVELOPMENT-PLAN-28_02_2025.pdf|idp|2025|both|281|table|"Revenue Description | 2025 | 2026 | 2027 | 2028 | 2029 | 2030"
CHAMA-DISTRICT-INTEGRATED-DEVELOPMENT-PLAN-28_02_2025.pdf|idp|2025|both|281|table|"Charges |  |  |  |  |  | "
CHAMA-DISTRICT-INTEGRATED-DEVELOPMENT-PLAN-28_02_2025.pdf|idp|2025|both|281|table|"Premium Plot-Residential | 380000 | 406600 | 435062 | 465516.34 | 498102.4838 | 532969.6577"
CHAMA-DISTRICT-INTEGRATED-DEVELOPMENT-PLAN-28_02_2025.pdf|idp|2025|both|281|table|"Subitem Total | 380000 | 406600 | 435062 | 465516.34 | 498102.4838 | 532969.6577"
CHAMA-DISTRICT-INTEGRATED-DEVELOPMENT-PLAN-28_02_2025.pdf|idp|2025|both|281|table|"Revenue Description |  |  |  |  |  | "
CHAMA-DISTRICT-INTEGRATED-DEVELOPMENT-PLAN-28_02_2025.pdf|idp|2025|both|281|table|"Other Incomes |  |  |  |  |  | "
CHAMA-DISTRICT-INTEGRATED-DEVELOPMENT-PLAN-28_02_2025.pdf|idp|2025|both|282|table|"Surplus/ Deficit from Commercial
Ventures | 775000 | 829250 | 887297.5 | 949408.325 | 1015866.908 | 1086977.591"
CHAMA-DISTRICT-INTEGRATED-DEVELOPMENT-PLAN-28_02_2025.pdf|idp|2025|both|282|table|"Other Income | 40000 | 42800 | 45796 | 49001.72 | 52431.8404 | 56102.06923"
CHAMA-DISTRICT-INTEGRATED-DEVELOPMENT-PLAN-28_02_2025.pdf|idp|2025|both|282|table|"Subitem Total | 815000 | 872050 | 933093.5 | 998410.045 | 1068298.748 | 1143079.661"
CHAMA-DISTRICT-INTEGRATED-DEVELOPMENT-PLAN-28_02_2025.pdf|idp|2025|both|282|table|"Revenue Description | 2025 | 2026 | 2027 | 2028 | 2029 | 2030"
CHAMA-DISTRICT-INTEGRATED-DEVELOPMENT-PLAN-28_02_2025.pdf|idp|2025|both|282|table|"National Support (Grants) |  |  |  |  |  | "
CHAMA-DISTRICT-INTEGRATED-DEVELOPMENT-PLAN-28_02_2025.pdf|idp|2025|both|282|table|"Constituency Development
Fund | 72116301 | 77164442.07 | 82565953.01 | 88345569.73 | 94529759.61 | 101146842.8"
CHAMA-DISTRICT-INTEGRATED-DEVELOPMENT-PLAN-28_02_2025.pdf|idp|2025|both|282|table|"Roads Grant | 3200587 | 3424628.09 | 3664352.056 | 3920856.7 | 4195316.669 | 4488988.836"
CHAMA-DISTRICT-INTEGRATED-DEVELOPMENT-PLAN-28_02_2025.pdf|idp|2025|both|282|table|"Health Grant | 5559779 | 5948963.53 | 6365390.977 | 6810968.345 | 7287736.13 | 7797877.659"
CHAMA-DISTRICT-INTEGRATED-DEVELOPMENT-PLAN-28_02_2025.pdf|idp|2025|both|282|table|"Local Government Equalization
Fund | 12407498 | 13276022.86 | 14205344.46 | 15199718.57 | 16263698.87 | 17402157.79"
CHAMA-DISTRICT-INTEGRATED-DEVELOPMENT-PLAN-28_02_2025.pdf|idp|2025|both|282|table|"Grants in lieu of Rates | 500000 | 535000 | 572450 | 612521.5 | 655398.005 | 701275.8654"
CHAMA-DISTRICT-INTEGRATED-DEVELOPMENT-PLAN-28_02_2025.pdf|idp|2025|both|282|table|"Other Grants | 49211795 | 52656620.65 | 56342584.1 | 60286564.98 | 64506624.53 | 69022088.25"
CHAMA-DISTRICT-INTEGRATED-DEVELOPMENT-PLAN-28_02_2025.pdf|idp|2025|both|282|table|"Subitem Total | 142995960 | 153005677.2 | 163716074.6 | 175176199.8 | 187438533.8 | 200559231.2"
CHAMA-DISTRICT-INTEGRATED-DEVELOPMENT-PLAN-28_02_2025.pdf|idp|2025|both|282|table|"Grand Total | 145599840 | 155791828.8 | 166697256.8 | 178366064.8 | 190851689.3 | 204211307.6"
CHAMA-DISTRICT-INTEGRATED-DEVELOPMENT-PLAN-28_02_2025.pdf|idp|2025|both|282|table|"S/N | REVENUE
RESOURCES | 2025 | 2026 | 2027 | 2028 | 2029"
CHAMA-DISTRICT-INTEGRATED-DEVELOPMENT-PLAN-28_02_2025.pdf|idp|2025|both|283|table|" | Personal
emoluments |  |  |  |  | "
CHAMA-DISTRICT-INTEGRATED-DEVELOPMENT-PLAN-28_02_2025.pdf|idp|2025|both|283|table|" | OfficeCost |  |  |  |  | "
CHAMA-DISTRICT-INTEGRATED-DEVELOPMENT-PLAN-28_02_2025.pdf|idp|2025|both|283|table|" | Buildings
(Repair &
Maintenance) |  |  |  |  | "
CHAMA-DISTRICT-INTEGRATED-DEVELOPMENT-PLAN-28_02_2025.pdf|idp|2025|both|283|table|" | Vehicle
Running Costs |  |  |  |  | "
CHAMA-DISTRICT-INTEGRATED-DEVELOPMENT-PLAN-28_02_2025.pdf|idp|2025|both|283|table|" | Other Admin |  |  |  |  | "
CHAMA-DISTRICT-INTEGRATED-DEVELOPMENT-PLAN-28_02_2025.pdf|idp|2025|both|283|table|" | Requisites |  |  |  |  | "
CHAMA-DISTRICT-INTEGRATED-DEVELOPMENT-PLAN-28_02_2025.pdf|idp|2025|both|283|table|" | Services |  |  |  |  | "
CHAMA-DISTRICT-INTEGRATED-DEVELOPMENT-PLAN-28_02_2025.pdf|idp|2025|both|284|table|" | Training &
Staff
Development |  |  |  |  | "
CHAMA-DISTRICT-INTEGRATED-DEVELOPMENT-PLAN-28_02_2025.pdf|idp|2025|both|284|table|" | Travel
Expenses |  |  |  |  | "
CHAMA-DISTRICT-INTEGRATED-DEVELOPMENT-PLAN-28_02_2025.pdf|idp|2025|both|284|table|" | Legal |  |  |  |  | "
CHAMA-DISTRICT-INTEGRATED-DEVELOPMENT-PLAN-28_02_2025.pdf|idp|2025|both|284|table|" | Non-Financial
Assets |  |  |  |  | "
CHAMA-DISTRICT-INTEGRATED-DEVELOPMENT-PLAN-28_02_2025.pdf|idp|2025|both|284|table|" | TOTAL |  |  |  |  | "
CHAMA-DISTRICT-INTEGRATED-DEVELOPMENT-PLAN-28_02_2025.pdf|idp|2025|both|285|text_fallback|Revenue Collection Efficiency of the CHAMA Town Council
CHAMA-DISTRICT-INTEGRATED-DEVELOPMENT-PLAN-28_02_2025.pdf|idp|2025|both|285|text_fallback|The section below provides details of CHAMA Town Council revenue collection
CHAMA-DISTRICT-INTEGRATED-DEVELOPMENT-PLAN-28_02_2025.pdf|idp|2025|both|285|text_fallback|efficiency.
CHAMA-DISTRICT-INTEGRATED-DEVELOPMENT-PLAN-28_02_2025.pdf|idp|2025|both|285|text_fallback|Assessment of Current and Potential Revenue Streams
CHAMA-DISTRICT-INTEGRATED-DEVELOPMENT-PLAN-28_02_2025.pdf|idp|2025|both|285|text_fallback|CHAMA Town Council revenue is low due to low levels of compliancy when it
CHAMA-DISTRICT-INTEGRATED-DEVELOPMENT-PLAN-28_02_2025.pdf|idp|2025|both|285|text_fallback|comes to payments of rates and levies by business owners in the district. Sources
CHAMA-DISTRICT-INTEGRATED-DEVELOPMENT-PLAN-28_02_2025.pdf|idp|2025|both|285|text_fallback|of revenue includes Property Rates, Business Levy, and Grain Levy among many
CHAMA-DISTRICT-INTEGRATED-DEVELOPMENT-PLAN-28_02_2025.pdf|idp|2025|both|285|text_fallback|others.
CHAMA-DISTRICT-INTEGRATED-DEVELOPMENT-PLAN-28_02_2025.pdf|idp|2025|both|285|text_fallback|Own Sources of Revenue (OSR)
CHAMA-DISTRICT-INTEGRATED-DEVELOPMENT-PLAN-28_02_2025.pdf|idp|2025|both|285|text_fallback|A major component of the CHAMA Town Council’s revenue streams includes:
CHAMA-DISTRICT-INTEGRATED-DEVELOPMENT-PLAN-28_02_2025.pdf|idp|2025|both|285|text_fallback|1) Lease and sale of Council land;
CHAMA-DISTRICT-INTEGRATED-DEVELOPMENT-PLAN-28_02_2025.pdf|idp|2025|both|285|text_fallback|2) Property rates and taxes;
CHAMA-DISTRICT-INTEGRATED-DEVELOPMENT-PLAN-28_02_2025.pdf|idp|2025|both|285|text_fallback|3) Business and Personal Levies;
CHAMA-DISTRICT-INTEGRATED-DEVELOPMENT-PLAN-28_02_2025.pdf|idp|2025|both|285|text_fallback|External Sources of Revenues for Implementation
CHAMA-DISTRICT-INTEGRATED-DEVELOPMENT-PLAN-28_02_2025.pdf|idp|2025|both|285|text_fallback|The implementation of CHAMA IDP will mainly depend on funding from the
CHAMA-DISTRICT-INTEGRATED-DEVELOPMENT-PLAN-28_02_2025.pdf|idp|2025|both|285|text_fallback|Government, Donor Agencies, and Private Investors. The council receives
CHAMA-DISTRICT-INTEGRATED-DEVELOPMENT-PLAN-28_02_2025.pdf|idp|2025|both|285|text_fallback|Constituency Development Funds (CDF) for community driven projects, the Local
CHAMA-DISTRICT-INTEGRATED-DEVELOPMENT-PLAN-28_02_2025.pdf|idp|2025|both|285|text_fallback|Government Equalization Fund (LGEF), Grants-in-lieu of rates for implementation
CHAMA-DISTRICT-INTEGRATED-DEVELOPMENT-PLAN-28_02_2025.pdf|idp|2025|both|285|text_fallback|of Capital Projects and Developmental Programmes.
CHAMA-DISTRICT-INTEGRATED-DEVELOPMENT-PLAN-28_02_2025.pdf|idp|2025|both|285|text_fallback|255
CHAMA-DISTRICT-INTEGRATED-DEVELOPMENT-PLAN-28_02_2025.pdf|idp|2025|both|286|text_fallback|Main Factors affecting Revenue Collection and Management
CHAMA-DISTRICT-INTEGRATED-DEVELOPMENT-PLAN-28_02_2025.pdf|idp|2025|both|286|text_fallback|Main factors affecting revenue collection in the district is lack of transport,
CHAMA-DISTRICT-INTEGRATED-DEVELOPMENT-PLAN-28_02_2025.pdf|idp|2025|both|286|text_fallback|inadequate staff and lack of awareness on the importance of residents and
CHAMA-DISTRICT-INTEGRATED-DEVELOPMENT-PLAN-28_02_2025.pdf|idp|2025|both|286|text_fallback|business owners to pay rates and taxes.
CHAMA-DISTRICT-INTEGRATED-DEVELOPMENT-PLAN-28_02_2025.pdf|idp|2025|both|286|text_fallback|Programmes for the Preparation of Local Area Plans
CHAMA-DISTRICT-INTEGRATED-DEVELOPMENT-PLAN-28_02_2025.pdf|idp|2025|both|286|text_fallback|CHAMA Town Council shall develop Local Area Plans for the IDP from 2022
CHAMA-DISTRICT-INTEGRATED-DEVELOPMENT-PLAN-28_02_2025.pdf|idp|2025|both|286|text_fallback|onwards as outlined below:
CHAMA-DISTRICT-INTEGRATED-DEVELOPMENT-PLAN-28_02_2025.pdf|idp|2025|both|286|text_fallback|Phase 1: Informal Settlements upgrading (2025 – 2029)
CHAMA-DISTRICT-INTEGRATED-DEVELOPMENT-PLAN-28_02_2025.pdf|idp|2025|both|286|text_fallback|Phase 2: New Developments (2025 – 2030)
CHAMA-DISTRICT-INTEGRATED-DEVELOPMENT-PLAN-28_02_2025.pdf|idp|2025|both|286|text_fallback|Phase 3: Urban Regeneration (2031 – 2037)
CHAMA-DISTRICT-INTEGRATED-DEVELOPMENT-PLAN-28_02_2025.pdf|idp|2025|both|286|text_fallback|256
CHAMA-DISTRICT-INTEGRATED-DEVELOPMENT-PLAN-28_02_2025.pdf|idp|2025|both|287|table|"SECTORS | TOURISM, AGRICULTURE AND MANUFACTURING |  |  |  |  |  |  |  |  | "
CHAMA-DISTRICT-INTEGRATED-DEVELOPMENT-PLAN-28_02_2025.pdf|idp|2025|both|287|table|"MAIN OBJECTIVE | DIVERSIFICATION OF THE LOCAL ECONOMY THROUGH TOURISM PROMOTION, AGRICULTURAL DIVERSIFICATION, AND VALUE ADDITION |  |  |  |  |  |  |  |  | "
CHAMA-DISTRICT-INTEGRATED-DEVELOPMENT-PLAN-28_02_2025.pdf|idp|2025|both|287|table|"STRATEGIES | PROGRAMMES | PROJECTS | TARGET |  |  |  |  | OUTPUT
INDICATOR | SOURCE OF
DATA | FREQUENCY"
CHAMA-DISTRICT-INTEGRATED-DEVELOPMENT-PLAN-28_02_2025.pdf|idp|2025|both|287|table|" |  |  | 2025 | 2026 | 2027 | 2028 | 2029 |  |  | "
CHAMA-DISTRICT-INTEGRATED-DEVELOPMENT-PLAN-28_02_2025.pdf|idp|2025|both|287|table|"Develop the
outfitter road
infrastructure | Infrastructure
development | Rehabilitation of
10 kilometers and
construction of
10 kilometers of
outfitter roads | 1,200,000
2km
Chikwa -
rehabilitation
1,400,000
2km
Vwaza -
construction | 1,200,000
2km
Mundalanga –
rehabilitation
1,400,000
2km
Mundalanga -
construction | 1,200,000
2km
Chifunda
Rehabilitation
1,400,000
2km
Manga
Construction | 1,200,000
2km
Muchinga
Rehabilitatio
n
1,400,000
2km
Chipala
construction | 1,200,000
2km
Tembwe
Construction
1,400,000
2km
Chipala
Construction | No. of
kilometers of
outfitter
roads
rehabilitated
and 10
kilometers of
outfitter
roads
constructed | Progress
reports | Monthly"
CHAMA-DISTRICT-INTEGRATED-DEVELOPMENT-PLAN-28_02_2025.pdf|idp|2025|both|287|table|"Developing
hospitality and
tourism
infrastructure | Infrastructure
development | Construction of 3
bush camps
Kambombo
(2025), Tembwe
(2026), and
Chikwa (2027), 1
5-star hotel in
Chifunda (2028),
and 1 lodge in
Lundu Chiefdom
(2029). | 1,700,000
1
Kambombo
bush camp | 1,700,000
1
Tembwe bush
camp | 1,700,000
1
Chikwa bush
camp | 3,500,000
1
Chifunda 5-
star hotel | 2,000,000
1
Lundu
Lodge | No. of bush
camps, 5-star
hotels, and
lodges
constructed | Progress
reports | Monthly"
CHAMA-DISTRICT-INTEGRATED-DEVELOPMENT-PLAN-28_02_2025.pdf|idp|2025|both|287|table|"Restocking of
wildlife | Wildlife
Management | Restocking of
large mammals
Elephants -
25/per year | 3,000,000
25
Nyika
4,000,000
100 | 3,000,000
25
Nyika
4,000,000
100 | 3,000,000
25
Nyika
4,000,000
100 | 3,000,000
25
Nyika
4,000,000
100 | 3,000,000
25
Nyika
4,000,000
100 | No. of
elephants
and Buffaloes
restocked | Game
viewing,
Transfer
certificates,
Records of | "
CHAMA-DISTRICT-INTEGRATED-DEVELOPMENT-PLAN-28_02_2025.pdf|idp|2025|both|288|table|" |  | Buffalos - 100/per
year | Chifunda | Chifunda | Chimphamba | Chasato | Manga |  | acknowledg
ement of
receipt, and
Inventory
reports, | "
CHAMA-DISTRICT-INTEGRATED-DEVELOPMENT-PLAN-28_02_2025.pdf|idp|2025|both|288|table|"Promoting
agricultural crop
diversification | Agribusiness
development | Promote crop
diversification of
soya beans,
groundnuts, and
rice by
establishing a
food fare
center/venue in
the district. | 60,000
1
Kwenje
venue | 61,000
1
Kwenje venue | 66,000
1
Kwenje venue | 70,000
1
Kwenje
venue | 78,000
1
Kwenje
venue | No. of food
fare centres
established | Documentati
ons of official
recognition,
certificate of
completion,
Attendance
reports | "
CHAMA-DISTRICT-INTEGRATED-DEVELOPMENT-PLAN-28_02_2025.pdf|idp|2025|both|288|table|"Facilitate food
processing and
nutrition training | Agribusiness
development | Conduct Training
in food
processing and
nutrition in all 31
camps | 400,000
4
Quarterly | 450,000
4
Quarterly | 480,000
4
Quarterly | 500,000
4
Quarterly | 510,000
4
Quarterly | No. of
farmers
camps
trained in
food
processing
and nutrition | Crop storage
inventory
reports,
Activity
reports | "
CHAMA-DISTRICT-INTEGRATED-DEVELOPMENT-PLAN-28_02_2025.pdf|idp|2025|both|288|table|"Establishing early
warning systems
equipment in all
31 camps | Early warning
and
surveillance
systems | Strengthen
existing early
warning systems
by installing early
warning
equipment in all
31 camps in the
district
(Rain gauges K
5,000 each and
Weather radios K
1,000) | 42,000
7
Buli, Chama
central,
Chibale,
Chifunda,
Chigoma,
Chikwa,
Chilubanam
a, | 36,000
6
Dungulungu,
Kalovya,
Kambombo,
Kanyelele,
Katangalika,
Lundu | 36,000
6
Manga,
Manthepa,
Mapamba,
Mulilo,
Mundalanga,
Ng’anjo
Bazimu | 36,000
6
Nthonko,
Sitwe,
Tembwe,
Zoole,
Chimpamba,
Chitukula, | 36,000
6
Chasato,
Kamfutu,
Kaozi, Kasela,
Mungwalala,
and Pondo | No. of camps
with
established
early warning
systems | Early warning
reports | "
CHAMA-DISTRICT-INTEGRATED-DEVELOPMENT-PLAN-28_02_2025.pdf|idp|2025|both|288|table|"Establish farmer
field
demonstration
centres | Irrigation
development | Promote Climate
Smart Agriculture
through
establishing
farmer field
demonstration
centres (CSA) in | 700,000
7
Buli, Chama
central,
Chibale,
Chifunda,
Chigoma, | 600,000
6
Dungulungu,
Kalovya,
Kambombo,
Kanyelele, | 606,000
6
Manga,
Manthepa,
Mapamba,
Mulilo,
Mundalanga, | 612,000
6
Nthonko,
Sitwe,
Tembwe,
Zoole, | 624,000
6
Chasato,
Kamfutu,
Kaozi, Kasela,
Mungwalala,
and Pondo | No. of field
demonstratio
n centers
established in
31 camps | Field
demonstratio
n reports from
all trained
camps | "
CHAMA-DISTRICT-INTEGRATED-DEVELOPMENT-PLAN-28_02_2025.pdf|idp|2025|both|289|table|" |  | all 31 agricultural
camps of
Chama district
by 2035. | Chikwa,
Chilubanam
a, | Katangalika,
Lundu | Ng’anjo
Bazimu | Chimpamba,
Chitukula, |  |  |  | "
CHAMA-DISTRICT-INTEGRATED-DEVELOPMENT-PLAN-28_02_2025.pdf|idp|2025|both|289|table|"Establish market
centers and
construct crop
storage depots | Agribusiness
development | Enhance market
linkages by
establishing 8
market centers in
the district and
constructing 7
crop storage
depots | 4,000,000
4
Market
centers | 4,400,000
4
Market centers
2,200,000
2 storage
depots | 4,000,000
2 storage
depots | 4,400,000
2 storage
depots | 2,300,000
1 storage
depot | No. of market
centres
established
and crop
storage
depots
constructed | Market
centre
revenue
reports,
Crop storage
inventory
reports | "
CHAMA-DISTRICT-INTEGRATED-DEVELOPMENT-PLAN-28_02_2025.pdf|idp|2025|both|289|table|"Establish an agro-
processing
industry | Agribusiness
development | Promote
agricultural
technologies
and value chains
for rice
production by
establishing an
Agro-processing
industry |  | 2,750,000
1 Agro-
processing
plant/ industry |  |  |  | An
established
rice agro-
processing
industry | Production
reports | "
CHAMA-DISTRICT-INTEGRATED-DEVELOPMENT-PLAN-28_02_2025.pdf|idp|2025|both|289|table|"Establishing
livestock centres | Livestock
development | Construct 4
livestock centres
in Kalovya,
Kanyelele,
Chasato, and
Chizimba |  | 4,000,000
1
Kalovya | 4,400,000
1
Kanyelele | 4,600,000
1
Chasato | 5,000,000
1
Chizimba | No. of
constructed
livestock
centres | Livestock
service
reports | "
CHAMA-DISTRICT-INTEGRATED-DEVELOPMENT-PLAN-28_02_2025.pdf|idp|2025|both|289|table|"Establishing
livestock market
centres | Agribusiness
development | Construct 4
livestock market
centres in
Chifunda,
Mapamba,
Chikwa, and
Tembwe |  | 3,000,000
1
Chifunda | 3,200,000
1
Mapamba | 3,300,000
1
Chikwa | 3,400,000
1
Tembwe | No. of
livestock
market
centres
established | Livestock
market
revenue
reports | "
CHAMA-DISTRICT-INTEGRATED-DEVELOPMENT-PLAN-28_02_2025.pdf|idp|2025|both|289|table|"Constructing
slaughter
facilities | Agribusiness
development | Construct 2
livestock
slaughter
facilities
(Less than 500
heads/day) |  | 6,500,000
1
Kamphemba | 7,000,000
1
Kaozi |  |  | No. of
slaughter
facilities
constructed | Meat
production
reports,
permit
issuance
reports | "
CHAMA-DISTRICT-INTEGRATED-DEVELOPMENT-PLAN-28_02_2025.pdf|idp|2025|both|290|table|"Plant pasture for
livestock grazing | Livestock
development | Plant 40ha of
pasture (10ha
Farmer’s training
centre (FTC),
10ha Chasato,
10ha Kaozi, and
10ha Kanyelele)
1,500,000 per
10Ha |  | 6,000,000
40ha
FTC-10,
Chasato-10,
Kaozi-10, and
Kanyelele-10 |  |  |  | No. hectares
of pasture
planted | Land use
land cover
reports | "
CHAMA-DISTRICT-INTEGRATED-DEVELOPMENT-PLAN-28_02_2025.pdf|idp|2025|both|290|table|"Construction of
dip tanks | Livestock
development | Construct 5 dip
tanks
15 meters long, 7
meters wide, and
4 meters deep
(FTC, Kanyelele,
Chasato,
Kalovya, and
Kaozi) |  | 2,100,000
1
FTC | 2,100,000
1
Kanyelele | 4,200,000
2
Chasato
And Kalovya | 2,300,000
1
Kaozi | No. of dip
tanks
constructed | Service
delivery
reports
(Statistics of
disinfection
reports) | "
CHAMA-DISTRICT-INTEGRATED-DEVELOPMENT-PLAN-28_02_2025.pdf|idp|2025|both|290|table|"SECTORS | TRANSPORT AND COMMUNICATION |  |  |  |  |  |  |  |  | "
CHAMA-DISTRICT-INTEGRATED-DEVELOPMENT-PLAN-28_02_2025.pdf|idp|2025|both|290|table|"MAIN OBJECTIVE | DEVELOPMENT OF PUBLIC TRANSPORT AND COMMUNICATION INFRASTRUCTURE |  |  |  |  |  |  |  |  | "
CHAMA-DISTRICT-INTEGRATED-DEVELOPMENT-PLAN-28_02_2025.pdf|idp|2025|both|290|table|"STRATEGIES | PROGRAMMES | PROJECTS | TARGET |  |  |  |  | OUTPUT
INDICATOR | SOURCE OF
INFORMATIO
N | FREQUENCY"
CHAMA-DISTRICT-INTEGRATED-DEVELOPMENT-PLAN-28_02_2025.pdf|idp|2025|both|290|table|" |  |  | 2025 | 2026 | 2027 | 2028 | 2029 |  |  | "
CHAMA-DISTRICT-INTEGRATED-DEVELOPMENT-PLAN-28_02_2025.pdf|idp|2025|both|290|table|"To upgrade
township roads
to bituminous
standard | Road
development
and
maintenance | Reconnaissance,
survey and
mapping
of road network
Facilitate the
upgrading of
15km
of township
roads to
bituminous
standard
Facilitate
construction of 3
Crossing points | 2,200,000
2 -crossing
point in
Manthepa
and Kalinkhu
wards | 40,000,000
5km road
upgrade in
Kamphemba
1,100,000
1 -crossing
point in
Chipala | 40,000,000
5km road
upgrade in
Kamphemba | 40,000,000
5km road
upgrade in
Kamphemba |  | No. of km of
township
roads
upgraded to
bituminous
Standard
No. of km of
township
roads
surveyed
No. of
crossing
points
constructed | Progress
reports | Monthly"
CHAMA-DISTRICT-INTEGRATED-DEVELOPMENT-PLAN-28_02_2025.pdf|idp|2025|both|291|table|"Rehabilitate
feeder roads to
all-weather
gravel standard |  | Facilitate
upgrading
of 10km of feeder
roads to all-
gravel
standard | 10,000,000
3km
In Chisunga | 7,000,000
3km
In Mbazi | 5,000,000
4km
In Chibungwe |  |  | No. of km of
feeder
roads
upgraded to
gravel
standard | Progress
reports,
certificate of
completion | "
CHAMA-DISTRICT-INTEGRATED-DEVELOPMENT-PLAN-28_02_2025.pdf|idp|2025|both|291|table|"Conduct
feasibility studies
and site analysis
Public
consultations
and stakeholder
engagement | Construction
and
infrastructure
development | Facilitate the
construction of
modern bus
station |  |  | 1,200,000
1
Kamphemba |  |  | No. of bus
station
constructed | Revenue
collection
reports,
certificate of
completion,
progress
reports | "
CHAMA-DISTRICT-INTEGRATED-DEVELOPMENT-PLAN-28_02_2025.pdf|idp|2025|both|291|table|"Upgrade the
district airstrips | Aviation
development | Facilitate the
upgrading of
1no. Airstrip
(1,300,000)
Vegetation
control around
3no. airstrips
(50,000 per
airstrip) | 150,000
3 Airstrips
vegetation
control | 1,300,000I
Airstrip
upgrade in
Kamphemba |  |  |  | No. of airstrip
upgraded
3no. Airstrip
maintained | Activity
reports, | "
CHAMA-DISTRICT-INTEGRATED-DEVELOPMENT-PLAN-28_02_2025.pdf|idp|2025|both|291|table|"Construction of
communication
mast | Communicatio
n technology
development | Facilitate the
construction of
5no.
Communication
mast |  | 4,000,000
2
Mazonde ward | 4,000,000
2
Lundu | 2,000,000
1
Chasato |  | No of
communicati
on masts
constructed | Certificate of
completion | "
CHAMA-DISTRICT-INTEGRATED-DEVELOPMENT-PLAN-28_02_2025.pdf|idp|2025|both|291|table|"SECTORS | EDUCATION, HEALTH AND SOCIAL SERVICES |  |  |  |  |  |  |  |  | "
CHAMA-DISTRICT-INTEGRATED-DEVELOPMENT-PLAN-28_02_2025.pdf|idp|2025|both|291|table|"MAIN OBJECTIVE | ENHANCEMENT OF SOCIAL SERVICE DELIVERY |  |  |  |  |  |  |  |  | "
CHAMA-DISTRICT-INTEGRATED-DEVELOPMENT-PLAN-28_02_2025.pdf|idp|2025|both|291|table|"STRATEGIES | PROGRAMMES | PROJECTS | TARGET |  |  |  |  | OUTPUT
INDICATOR | SOURCE OF
INFORMATIO
N | FREQUENCY"
CHAMA-DISTRICT-INTEGRATED-DEVELOPMENT-PLAN-28_02_2025.pdf|idp|2025|both|291|table|" |  |  | 2025 | 2026 | 2027 | 2028 | 2029 |  |  | "
CHAMA-DISTRICT-INTEGRATED-DEVELOPMENT-PLAN-28_02_2025.pdf|idp|2025|both|291|table|"Constructing
housing
infrastructure | Public and
social housing | Construction of
28 staff houses
(Departments of
Agriculture-3, | 4,200,000
3-Agric
3-Vet | 4,200,000
6-Education | 5,600,000
8 Health | 4,200,000
3- Forestry
3- Police | 1,400,000
2-
Immigration | No. of staff
houses
constructed | Certificates
of
completion | "
CHAMA-DISTRICT-INTEGRATED-DEVELOPMENT-PLAN-28_02_2025.pdf|idp|2025|both|292|table|" |  | Veterinary-3,
Education-6,
Forestry-3,
Health-8, Zambia
Police-3, and
Immigration-2)
700,000 per staff
house |  |  |  |  |  |  |  | "
CHAMA-DISTRICT-INTEGRATED-DEVELOPMENT-PLAN-28_02_2025.pdf|idp|2025|both|292|table|"Improve/upgrad
e the settlement
area | Settlement
improvement | Improve/upgrad
e Mtayachalo
settlement | 400,000
1
Mtayachalo |  |  |  |  | No. of
settlement
area
upgraded | Upgrade
completion
report,
occupancy
licenses, title
deeds | "
CHAMA-DISTRICT-INTEGRATED-DEVELOPMENT-PLAN-28_02_2025.pdf|idp|2025|both|292|table|"Construction of
dams | Infrastructure
development
and
maintenance | Construction of
two dams for
water storage
and irrigation | 30,000,000
1
Mzande | 30,000,000
1
Chasato |  |  |  | No. of Dams
constructed | Certificate of
completion | "
CHAMA-DISTRICT-INTEGRATED-DEVELOPMENT-PLAN-28_02_2025.pdf|idp|2025|both|292|table|"Protecting well
fields and local
aquifers and
drilling boreholes | Infrastructure
development
and
maintenance | Protect 2 well
fields, 25 local
Aquifers, and drill
5 boreholes in the
district | 400,000
2 aquifers in
Kamphemba
protected | 5,000,000
25 well fields
15 - C/North
10 – C/South
protected | 60,000
3 boreholes
drilled | 400,000
2 boreholes
drilled |  | No. of well
fields and
aquifers
protected
No. of
boreholes
drilled | Certificates
of
completion,
activity
reports | "
CHAMA-DISTRICT-INTEGRATED-DEVELOPMENT-PLAN-28_02_2025.pdf|idp|2025|both|292|table|"Construct
mechanized
water
reticulation
systems | Infrastructure
development
and
maintenance | Construct 10
mechanized
water systems
within ten
institutions in 5
years | 750,000
3 | 500,000
2 | 500,000
2 | 750,000
3 |  | No. of
mechanized
water
systems
constructed | Certificates
of
completion,
activity
reports | "
CHAMA-DISTRICT-INTEGRATED-DEVELOPMENT-PLAN-28_02_2025.pdf|idp|2025|both|292|table|"Construction of
public toilets in
public institutions | Sanitation and
hygiene
promotion | Promote public
sanitation by
constructing 5
public toilets in 5
public institutions
in the next 5
years | 400,000
2 | 200,000
1 | 200,000
1 | 200,000
1 |  | No. of public
toilets
constructed
in public
institutions | Certificates
of
completion,
activity
reports | "
CHAMA-DISTRICT-INTEGRATED-DEVELOPMENT-PLAN-28_02_2025.pdf|idp|2025|both|293|table|"Construction of
mini-hospitals | Increase
access to
quality health
care | Construction of 3
mini-hospitals in
Chikwa, Chibale,
and Lundu | 800,000
1
Chikwa | 820,000
1
Chibale | 850,000
1
Lundu |  |  | No. of mini-
hospitals
constructed | Certificates
of
completion,
activity
reports | "
CHAMA-DISTRICT-INTEGRATED-DEVELOPMENT-PLAN-28_02_2025.pdf|idp|2025|both|293|table|"Construction of
education
facilities | Secondary
education | Construct 3
secondary
schools (1 in Chiri
Zone, a Girls
Boarding
Secondary
school in Kaozi,
and a special
needs secondary
school in
Kamphemba) |  | 1,600,000
1
Chiri | 1,630,000
1
Kaozi | 1,670,000
1
Kamphemba |  | No. of
secondary
schools
constructed | Completion
certificates,
progress
reports | "
CHAMA-DISTRICT-INTEGRATED-DEVELOPMENT-PLAN-28_02_2025.pdf|idp|2025|both|293|table|"Upgrade
community
schools to
primary level | Primary
education | Upgrade 5
community
schools to
primary level
(Makeni,
Kajimomo,
Samamba,
Mwanisiya, and
Sambako) | 1,500,000
3
Makeni,
Kajimomo,
and
Samamba | 1,050,000
2
Mwanisiya and
Sambako |  |  |  | No. of
community
schools
upgraded to
primary level
schools | Ministry
appraisal
report,
certificate of
completed of
school
upgrade | "
CHAMA-DISTRICT-INTEGRATED-DEVELOPMENT-PLAN-28_02_2025.pdf|idp|2025|both|293|table|"Construction of
classroom blocks
(CRBs) | Enhance
access to
quality,
equitable and
inclusive
education | Construction of 5
CRBs in the next
10 years |  | 1,800,000
2 | 900,000
1 | 1,000,000
1 | 1,100,000
1 | No. of
classroom
blocks
constructed | Certificate of
completion | "
CHAMA-DISTRICT-INTEGRATED-DEVELOPMENT-PLAN-28_02_2025.pdf|idp|2025|both|293|table|"Establish ECE
centres | Early childhood
education | Establish ECE
centres in all 149
primary and
community
schools by 2035 | 2,500,000
25 | 2,500,000
25 | 2,500,000
25 | 2,500,000
25 | 4,900,000
49 | No. of ECE
centres
established | Certificate of
completion
of ECE centre
establishmen
t | "
CHAMA-DISTRICT-INTEGRATED-DEVELOPMENT-PLAN-28_02_2025.pdf|idp|2025|both|293|table|"Establish
recreational
facilities | Infrastructure
development | Establish
recreational
facilities in all 161 | 300,000
30 | 300,000
30 | 300,000
30 | 300,000
30 | 4,100,000
41 | No. of
recreational | Certificate of
completion,
Ministry | "
CHAMA-DISTRICT-INTEGRATED-DEVELOPMENT-PLAN-28_02_2025.pdf|idp|2025|both|294|table|" |  | schools in the
next 10 years |  |  |  |  |  | facilities
established | assessment
reports | "
CHAMA-DISTRICT-INTEGRATED-DEVELOPMENT-PLAN-28_02_2025.pdf|idp|2025|both|294|table|"Extend water
reticulation and
supply network | Infrastructure
development
and
maintenance | Connect 90% of
households in the
urban area to
the water supply
and reticulation
network by 2035
(Current status
1088/2273 – 47%) | 300,000
10%
227hh | 312,000
10%
227hh | 331,000
10%
277hh | 380,000
13%
295hh |  | % of
households
connected
to water
supply in
urban areas | Subscription
reports and
billing records | "
CHAMA-DISTRICT-INTEGRATED-DEVELOPMENT-PLAN-28_02_2025.pdf|idp|2025|both|294|table|"Drilling,
equipping and
rehabilitation of
boreholes | Infrastructure
development
and
maintenance | Provide 50
waterpoints to 50
villages with
clean and safe
water by 2035 | 1,700,000
10 water
points | 1,700,000
10 water points | 1,700,000
10 water points | 1,700,000
10 water
points | 1,700,000
10 water
points | No. of water
points
provided to
50 villages
giving access
to clean safe
water | Certificates
of
completion | "
CHAMA-DISTRICT-INTEGRATED-DEVELOPMENT-PLAN-28_02_2025.pdf|idp|2025|both|294|table|"Rehabilitate
water storage
tank | Infrastructure
development
and
maintenance | Rehabilitate the
old water
storage tank | 90,000
1
Kamphemba |  |  |  |  | No.
rehabilitated
water
storage tanks | Certificate of
completion,
water
storage
reports | "
CHAMA-DISTRICT-INTEGRATED-DEVELOPMENT-PLAN-28_02_2025.pdf|idp|2025|both|294|table|"Construct sewer
pond and
procure vacuum
tanker | Sanitation and
hygiene
promotion | Construct 1
sewer pond and
procure 1
vacuum tanker | 1
Vacuum
tanker
procured | 1 sewer pond
constructed |  |  |  | No. of sewer
ponds
constructed
and vacuum
tankers
procured | Certificate of
completion,
delivery notes | "
CHAMA-DISTRICT-INTEGRATED-DEVELOPMENT-PLAN-28_02_2025.pdf|idp|2025|both|294|table|"Procure skip
loader, skip bins,
construct refuse
bays, and have
dumpsite
approved by
ZEMA | Solid waste
management | Enhance solid
waste
management
(Procure 1 skip
loader, 50 skip
bins, construct 2
refuse bays, and
have dumpsite
approved by
ZEMA) | 600,000
1 skip loader
procured,
1 dumpsite
approved by
ZEMA
60,000
50 skip bins
procured |  |  |  |  | No. of skip
loaders and
skip bins
procured
No. of refuse
bays
constructed
No. of
dumpsite | Delivery
notes,
certificate of
completion,
ZEMA letter of
Approval | "
CHAMA-DISTRICT-INTEGRATED-DEVELOPMENT-PLAN-28_02_2025.pdf|idp|2025|both|295|table|" |  |  |  |  |  |  |  | approved by
ZEMA |  | "
CHAMA-DISTRICT-INTEGRATED-DEVELOPMENT-PLAN-28_02_2025.pdf|idp|2025|both|295|table|"Assist vulnerable
children and
adolescents
through
caseload
management | Child
protection | Child protection
program
(children and
adolescents
assisted through
community
caseload
management) | 1
Annual
caseload
managed | 1
Annual
caseload
managed | 1
Annual
caseload
managed | 1
Annual
caseload
managed | 1
Annual
caseload
managed | No. of
caseloads
managed | Caseload
managemen
t report | "
CHAMA-DISTRICT-INTEGRATED-DEVELOPMENT-PLAN-28_02_2025.pdf|idp|2025|both|295|table|"Promote access
to social cash
transfer | Social Cash
Transfer | Social Cash
Transfer
(Caseloads
managed) | 1
Annual
caseload
managed | 1
Annual
caseload
managed | 1
Annual
caseload
managed | 1
Annual
caseload
managed | 1
Annual
caseload
managed | No. of
caseloads
managed | Caseload
managemen
t report | "
CHAMA-DISTRICT-INTEGRATED-DEVELOPMENT-PLAN-28_02_2025.pdf|idp|2025|both|295|table|"Assist vulnerable
differently-abled
individuals
through
caseload
management | Disability
services | Disability services
(Caseload
management for
vulnerable
differently-abled
individuals) | 1
Annual
caseload
managed | 1
Annual
caseload
managed | 1
Annual
caseload
managed | 1
Annual
caseload
managed | 1
Annual
caseload
managed | No. of
caseloads
managed | Caseload
managemen
t report | "
CHAMA-DISTRICT-INTEGRATED-DEVELOPMENT-PLAN-28_02_2025.pdf|idp|2025|both|295|table|"Enhance access
to cash grants,
training in life
skills, micro-
credit, and
empowerment
support for
vulnerable
women | Livelihood and
empowerment
schemes
decentralizatio
n | Livelihood and
Empowerment
Decentralisation
(Women
empowerment) | All allocated
funds
disbursed | All allocated
funds disbursed | All allocated
funds disbursed | All allocated
funds
disbursed | All allocated
funds
disbursed | No. of
caseloads
managed | Caseload
managemen
t report | "
CHAMA-DISTRICT-INTEGRATED-DEVELOPMENT-PLAN-28_02_2025.pdf|idp|2025|both|295|table|"Promote access
to self-help
initiative
programs | Self-help
initiatives | Self - Help
Initiatives
promotion
(Training in
mindset change,
access to food
security packs,
support with
livestock, and
support with | All enrolled
students
trained, all
security
packs
received
distributed,
all applicant
farmers
insured | All enrolled
students
trained, all
security packs
received
distributed, all
applicant
farmers insured | All enrolled
students
trained, all
security packs
received
distributed, all
applicant
farmers insured | All enrolled
students
trained, all
security
packs
received
distributed,
all applicant
farmers
insured | All enrolled
students
trained, all
security
packs
received
distributed,
all applicant
farmers
insured | No. of
caseloads
managed | Caseload
managemen
t report | "
CHAMA-DISTRICT-INTEGRATED-DEVELOPMENT-PLAN-28_02_2025.pdf|idp|2025|both|296|table|" |  | agricultural
insurance) |  |  |  |  |  |  |  | "
CHAMA-DISTRICT-INTEGRATED-DEVELOPMENT-PLAN-28_02_2025.pdf|idp|2025|both|296|table|"SECTORS | ENERGY |  |  |  |  |  |  |  |  | "
CHAMA-DISTRICT-INTEGRATED-DEVELOPMENT-PLAN-28_02_2025.pdf|idp|2025|both|296|table|"MAIN OBJECTIVE | PROMOTE ENERGY MIX GENERATION AND DISTRIBUTION |  |  |  |  |  |  |  |  | "
CHAMA-DISTRICT-INTEGRATED-DEVELOPMENT-PLAN-28_02_2025.pdf|idp|2025|both|296|table|"STRATEGIES | PROGRAMMES | PROJECTS | TARGET |  |  |  |  | OUTPUT
INDICATOR | SOURCE OF
INFORMATIO
N | FREQUENCY"
CHAMA-DISTRICT-INTEGRATED-DEVELOPMENT-PLAN-28_02_2025.pdf|idp|2025|both|296|table|" |  |  | 2025 | 2026 | 2027 | 2028 | 2029 |  |  | "
CHAMA-DISTRICT-INTEGRATED-DEVELOPMENT-PLAN-28_02_2025.pdf|idp|2025|both|296|table|"Extension of the
electrical power
supply grid | Electricity
transmission
and distribution | Upscale
distribution
network to 1000
households by
2035 | 50 | 100 | 300 | 300 | 250 | No. of
households
connected
to the
electrical
power supply
grid | Subscription
reports and
billing records | "
CHAMA-DISTRICT-INTEGRATED-DEVELOPMENT-PLAN-28_02_2025.pdf|idp|2025|both|296|table|"Establish a solar
power plant | Green and
renewable
energy | Facilitate the
establishment of
a solar power
plant in
Kambombo
chiefdom by
2035 | 1 |  |  |  |  | No. of solar
power plants
established | Certificate of
completion,
subscription
reports, and
billing records | "
CHAMA-DISTRICT-INTEGRATED-DEVELOPMENT-PLAN-28_02_2025.pdf|idp|2025|both|296|table|"Facilitate the
establishment of
a filling station | Infrastructure
development | Facilitate the
establishment of
a filling station in
the district by
2035 |  | 1 |  |  |  | No. of filling
stations
established | Certificate of
completion,
transaction
records | "
CHAMA-DISTRICT-INTEGRATED-DEVELOPMENT-PLAN-28_02_2025.pdf|idp|2025|both|296|table|"SECTORS |  |  |  |  |  |  |  |  |  | "
CHAMA-DISTRICT-INTEGRATED-DEVELOPMENT-PLAN-28_02_2025.pdf|idp|2025|both|296|table|"MAIN OBJECTIVE | ENHANCE ENVIRONMENTAL PROTECTION AND SUSTAINABILITY |  |  |  |  |  |  |  |  | "
CHAMA-DISTRICT-INTEGRATED-DEVELOPMENT-PLAN-28_02_2025.pdf|idp|2025|both|296|table|"STRATEGIES | PROGRAMMES | PROJECTS | TARGET |  |  |  |  | OUTPUT
INDICATOR | SOURCE OF
INFORMATIO
N | FREQUENCY"
CHAMA-DISTRICT-INTEGRATED-DEVELOPMENT-PLAN-28_02_2025.pdf|idp|2025|both|296|table|" |  |  | 2025 | 2026 | 2027 | 2028 | 2029 |  |  | "
CHAMA-DISTRICT-INTEGRATED-DEVELOPMENT-PLAN-28_02_2025.pdf|idp|2025|both|296|table|"Establish
community forest
management
area and
promote smart | Sustainable
land, forest,
and water
management | Place 250,000 Ha
under
community forest
management
and promote
smart forest | 250,000
50
Kambombo | 250,000
50
Chibale | 250,000
50
Chibale | 250,000
50
Mulilo | 250,000
50
Mulilo | No. of
hectares
placed under
community
forest | Certificate of
encorporatio
n | "
CHAMA-DISTRICT-INTEGRATED-DEVELOPMENT-PLAN-28_02_2025.pdf|idp|2025|both|297|table|"forest
management |  | management
within 5 years.
(Mulilo, Chibale,
Kambombo) |  |  |  |  |  | managemen
t |  | "
CHAMA-DISTRICT-INTEGRATED-DEVELOPMENT-PLAN-28_02_2025.pdf|idp|2025|both|297|table|"Capacity build
CFMGs | Sustainable
land, forest,
and water
management | Strengthening
the capacity of
exiting 17 CFMGs | 150,000
10
Chabulika,
Chifunda,
Chikwa,
Chilumba,
Chisope,
Kambombo,
Kambombo
nature park,
Kamimbili,
Katenya, and
Limwezi | 105,000
7
Lundu, Luvila,
Magologodo,
Luswang’omb
e, Mulilo,
Nthabalumba,
Tembwe, and
Tiyeseko |  |  |  | No. of CFMGs
capacity-
built in forest
managemen
t | Certificate of
completion,
CFMG
activity
reports | "
CHAMA-DISTRICT-INTEGRATED-DEVELOPMENT-PLAN-28_02_2025.pdf|idp|2025|both|297|table|"Establish a
nursery of
seedlings and
plant them to
replenish
degraded forest
areas | Sustainable
land, forest,
and water
management | Restore 500
hectares of
degraded forest
area by
establishing and
managing a
nursery of 500,000
tree seedlings | 300,000
100
Lundazi
national
forest | 250,000
100
Lundazi
national forest | 250,000
100
Muchinga
ward | 250,000
100
Mazonde
ward | 250,000
100
Chisunga
ward | No. of
hectares of
degraded
forest area
replenished | Land use
Land cover
reports | "
CHAMA-DISTRICT-INTEGRATED-DEVELOPMENT-PLAN-28_02_2025.pdf|idp|2025|both|297|table|"Capacity-build
CFMGs in forest-
based
industrialisation
for forest
sustainability | Sustainable
land, forest,
and water
management | Encouraging
forest-based
industries through
capacity-
building training
in the 17 CFMGs
communities | 300,000
10
Chabulika,
Chifunda,
Chikwa,
Chilumba,
Chisope,
Kambombo,
Kambombo
nature park,
Kamimbili,
Katenya, and
Limwezi | 210,00
7
Lundu, Luvila,
Magologodo,
Luswang’omb
e, Mulilo,
Nthabalumba,
Tembwe, and
Tiyeseko |  |  |  | No. of CFMGs
capacity-
built in forest-
based
industries | Production
reports | "
CHAMA-DISTRICT-INTEGRATED-DEVELOPMENT-PLAN-28_02_2025.pdf|idp|2025|both|297|table|"Establish a
climate-smart | Sustainable
land, forest, | Promote
research and | 1 |  |  |  |  | No. of
climate- | Activity
reports, | "
CHAMA-DISTRICT-INTEGRATED-DEVELOPMENT-PLAN-28_02_2025.pdf|idp|2025|both|298|table|"technology and
research it to
deduce impact
in mitigating
climate change | and water
management | development in
water resources
and
management by
establishing one
climate-smart
water harvesting
technology | Climate
smart
technology
established |  |  |  |  | smart
technologies
established
(Water
harvesting
climate-
smart
technology) |  | "
CHAMA-DISTRICT-INTEGRATED-DEVELOPMENT-PLAN-28_02_2025.pdf|idp|2025|both|298|table|"Enhance training
in climate smart
agriculture | Sustainable
agriculture
promotion | Promoting
Climate Smart
Agriculture (CSA)
in the 30
agricultural
camps of
Chama district
by 2033. | 300,000
10 | 300,000
10 | 300,000
10 |  |  | No. of
climate smart
agriculture
technologies
promoted in
31 camps | Activity
reports,
certificates of
completion | "
CHAMA-DISTRICT-INTEGRATED-DEVELOPMENT-PLAN-28_02_2025.pdf|idp|2025|both|298|table|"Establish clean
and renewable
off-grid energy
source (Solar
power plant) | Green and
renewable
energy | Establish Off-Grid
Energy Solutions
(a Solar power
plant in the
Kambombo
area) | 1 |  |  |  |  | No. of off-grid
energy
solutions
established | Certificate of
completion,
subscription
reports, billing
records | "
CHAMA-DISTRICT-INTEGRATED-DEVELOPMENT-PLAN-28_02_2025.pdf|idp|2025|both|298|table|"Promote in early
warning systems
training of
officers in camps | Early warning
system | Training
agriculture
officers in 31
camps in early
warning systems
(surveillance,
data collection,
and reporting). | 120,000
10 | 120,000
10 | 132,000
11 |  |  | No. of officers
in camps
trained in
early warning
systems | Certificates
of
completion,
early warning
reports | "
CHAMA-DISTRICT-INTEGRATED-DEVELOPMENT-PLAN-28_02_2025.pdf|idp|2025|both|298|table|"SECTOR | GOVERNANCE |  |  |  |  |  |  |  |  | "
CHAMA-DISTRICT-INTEGRATED-DEVELOPMENT-PLAN-28_02_2025.pdf|idp|2025|both|298|table|"MAIN OBJECTIVE | PROMOTE INCLUSIVE GOVERNANCE AT THE LOCAL LEVEL BY 2035 |  |  |  |  |  |  |  |  | "
CHAMA-DISTRICT-INTEGRATED-DEVELOPMENT-PLAN-28_02_2025.pdf|idp|2025|both|298|table|"STRATEGIES | PROGRAMMES | PROJECTS | TARGET |  |  |  |  | OUTPUT
INDICATOR | SOURCE OF
INFORMATIO
N | FREQUENCY"
CHAMA-DISTRICT-INTEGRATED-DEVELOPMENT-PLAN-28_02_2025.pdf|idp|2025|both|298|table|" |  |  | 2025 | 2026 | 2027 | 2028 | 2029 |  |  | "
CHAMA-DISTRICT-INTEGRATED-DEVELOPMENT-PLAN-28_02_2025.pdf|idp|2025|both|299|table|"Inclusive Policy
Development
Public
Engagement
and Consultation
Participatory
Budgeting
Citizen-Led
Planning | Citizen
Engagement
Program
Participatory
Governance
Initiative
Community
Development
Program
Public Policy
Dialogue Series
Civic
Education and
Awareness
Program | Stakeholder
engagement
meetings
Quarterly
meetings | 200,000
4 stakeholder
meetings | 200,000
4 stakeholder
meetings | 200,000
4 stakeholder
meetings | 200,000
4 stakeholder
meetings | 200,000
4 stakeholder
meetings | No. of
Participatory
Budgeting
Plans
developed
No. of PLUPs
developed
No. of
women in
WDCs
No. of
women
In civic
leadership
No. of youths
in civic
leadership | Availability of
participatory
budgeting
plan
Availability of
PLUPs
Number of
women in
WDCs
Number of
women in
civic
leadership
Noumber of
youths in civic
leadership | "
CHAMA-DISTRICT-INTEGRATED-DEVELOPMENT-PLAN-28_02_2025.pdf|idp|2025|both|299|table|"Establishing
planning
agreements with
traditional
leadership
Establishing local
area plans | Land
administration
and
management | Facilitate the
establishment of
two planning
agreements in
Kambombo and
Chikwa
chiefdoms
Facilitate
establishment of
one Local Area
Plan within the
township
boundary | 150,000
1 Local area
plan
Kamphemba | 400,000
2 planning
agreements (1
Kambombo
and 1 Chikwa) |  |  |  | No. of
planning
agreements
developed
No. of Local
Area Plans
developed | Availability of
approved
planning
agreements
Available
approved
Local area
plans | "
CHAMA-DISTRICT-INTEGRATED-DEVELOPMENT-PLAN-28_02_2025.pdf|idp|2025|both|299|table|"Capacity
building Ward
Development
Committees | Capacity
development | Facilitate the
capacity
building of all 24
WDCs |  |  |  |  |  | No. of WDCs
undertaking
capacity
building | Certificated
of
completion, | "
CHAMA-DISTRICT-INTEGRATED-DEVELOPMENT-PLAN-28_02_2025.pdf|idp|2025|both|300|table|" |  |  |  |  |  |  |  |  | Activity
reports | "
CHAMA-DISTRICT-INTEGRATED-DEVELOPMENT-PLAN-28_02_2025.pdf|idp|2025|both|301|text_fallback|CONCLUSION
CHAMA-DISTRICT-INTEGRATED-DEVELOPMENT-PLAN-28_02_2025.pdf|idp|2025|both|301|text_fallback|Aligned with the Urban and Regional Act of 2015, the Eastern Provincial Planning
CHAMA-DISTRICT-INTEGRATED-DEVELOPMENT-PLAN-28_02_2025.pdf|idp|2025|both|301|text_fallback|Authority, in collaboration with various government bodies, organizations,
CHAMA-DISTRICT-INTEGRATED-DEVELOPMENT-PLAN-28_02_2025.pdf|idp|2025|both|301|text_fallback|stakeholders, and district residents, has completed the Integrated Development
CHAMA-DISTRICT-INTEGRATED-DEVELOPMENT-PLAN-28_02_2025.pdf|idp|2025|both|301|text_fallback|Plan (IDP) for Chama District. This ten-year roadmap reflects a collective and
CHAMA-DISTRICT-INTEGRATED-DEVELOPMENT-PLAN-28_02_2025.pdf|idp|2025|both|301|text_fallback|extensive effort to guide the district's development.
CHAMA-DISTRICT-INTEGRATED-DEVELOPMENT-PLAN-28_02_2025.pdf|idp|2025|both|301|text_fallback|Efforts to create this document began in 2019 but faced numerous setbacks. In
CHAMA-DISTRICT-INTEGRATED-DEVELOPMENT-PLAN-28_02_2025.pdf|idp|2025|both|301|text_fallback|2022, the process gained renewed momentum after the passage of a council
CHAMA-DISTRICT-INTEGRATED-DEVELOPMENT-PLAN-28_02_2025.pdf|idp|2025|both|301|text_fallback|resolution, allowing the district to gather and record key issues from all 24 wards
CHAMA-DISTRICT-INTEGRATED-DEVELOPMENT-PLAN-28_02_2025.pdf|idp|2025|both|301|text_fallback|through thorough public consultations documented in the Planning Survey and
CHAMA-DISTRICT-INTEGRATED-DEVELOPMENT-PLAN-28_02_2025.pdf|idp|2025|both|301|text_fallback|Issues Report (PSIR). This groundwork informed the Development Framework,
CHAMA-DISTRICT-INTEGRATED-DEVELOPMENT-PLAN-28_02_2025.pdf|idp|2025|both|301|text_fallback|which outlined specific interventions to address the district’s challenges. The
CHAMA-DISTRICT-INTEGRATED-DEVELOPMENT-PLAN-28_02_2025.pdf|idp|2025|both|301|text_fallback|framework then underwent a careful review to determine necessary resources,
CHAMA-DISTRICT-INTEGRATED-DEVELOPMENT-PLAN-28_02_2025.pdf|idp|2025|both|301|text_fallback|culminating in the Implementation Plan.
CHAMA-DISTRICT-INTEGRATED-DEVELOPMENT-PLAN-28_02_2025.pdf|idp|2025|both|301|text_fallback|The IDP’s preparation involved significant engagement with residents,
CHAMA-DISTRICT-INTEGRATED-DEVELOPMENT-PLAN-28_02_2025.pdf|idp|2025|both|301|text_fallback|government agencies, line ministries, and non-governmental organizations.
CHAMA-DISTRICT-INTEGRATED-DEVELOPMENT-PLAN-28_02_2025.pdf|idp|2025|both|301|text_fallback|Chama District acknowledges the dedication of all contributors and remains
CHAMA-DISTRICT-INTEGRATED-DEVELOPMENT-PLAN-28_02_2025.pdf|idp|2025|both|301|text_fallback|committed to achieving its vision: “An interlinked, socio-economically sound, and
CHAMA-DISTRICT-INTEGRATED-DEVELOPMENT-PLAN-28_02_2025.pdf|idp|2025|both|301|text_fallback|sustainable district by 2045.”
CHAMA-DISTRICT-INTEGRATED-DEVELOPMENT-PLAN-28_02_2025.pdf|idp|2025|both|301|text_fallback|271
Chama-South-Community-Projects.pdf|cdf_community_projects_approved|2024|south|1|table|"CHAMA SOUTH CONSTITUENCY WDC APPROVED COMMUNITY PROJECTS |  |  |  | "
Chama-South-Community-Projects.pdf|cdf_community_projects_approved|2024|south|1|table|"Funding
Component | Project Details | Wards | Amount | Sector"
Chama-South-Community-Projects.pdf|cdf_community_projects_approved|2024|south|1|table|"Community
Projects | Project Name |  |  | "
Chama-South-Community-Projects.pdf|cdf_community_projects_approved|2024|south|1|table|"Project 1 | FUEL AND MAINTENANCE OF EARTH MOVING MACHINES FOR CHAMA SOUTH | All Wards | 3,500,000.00 | ROADS"
Chama-South-Community-Projects.pdf|cdf_community_projects_approved|2024|south|1|table|"Project 2 | JOINT CONTRIBUTION HIRING WITH CHAMA NORTH CDF OF A CONSULTANT FOR
CONSTRUCTION OF FEEDER ROADS AND BRIDGES USING LOCAL AUTHORITY PLANT AND
MACHINERY TO WORK WITH CHAMA TOWN COUNCIL OFFICERS | All Wards | 250,000.00 | ROADS"
Chama-South-Community-Projects.pdf|cdf_community_projects_approved|2024|south|1|table|"Project 3 | JOINT PROCUREMENT OF EARTH MOVING MACHINES (WATER BOWSER, ROLLER
COMPACTOR AND TIPPER TRUCK) | All Wards | 5,000,000.00 | ROADS"
Chama-South-Community-Projects.pdf|cdf_community_projects_approved|2024|south|1|table|"Project 4 | AMBULANCE FOR HEALTH DEPARTMENT | All Wards | 2,700,000.00 | HEALTH"
Chama-South-Community-Projects.pdf|cdf_community_projects_approved|2024|south|1|table|"Project 5 | MOTORBIKES FOR THE THREE CHIEF RETAINERS | 3 CHIEFDOMS | 75,000.00 | TRADITION"
Chama-South-Community-Projects.pdf|cdf_community_projects_approved|2024|south|1|table|"Project 6 | CONSTRUCTION OF AN ABLUTION BLOCK FOR THE GIRL’S DORMITORY AT KALOVYA DAY
SECONDARY WORKS TO BE DONE BY THE LOCAL AUTHORITY | CHILUBALUBA | 600,000.00 | EDUCATION"
Chama-South-Community-Projects.pdf|cdf_community_projects_approved|2024|south|1|table|"Project 7 | CONSTRUCTION OF A HEALTH POST AT MUTEMBWA HEALTH POST AND ONE STAFF
HOUSE | LUNZI | 1,798,973.80 | HEALTH"
Chama-South-Community-Projects.pdf|cdf_community_projects_approved|2024|south|1|table|"Project 8 | CONSTRUCTION OF ONE STAFF HOUSE AT ZOOLE HEALTH POST | LUMEZI | 650,000.00 | HEALTH"
Chama-South-Community-Projects.pdf|cdf_community_projects_approved|2024|south|1|table|"Project 9 | CONSTRUCTION A STAFF HOUSE AT CHANGOZI PRIMARY SCHOOL | CHILUBALUBA | 649,757.14 | EDUCATION"
Chama-South-Community-Projects.pdf|cdf_community_projects_approved|2024|south|1|table|"Project 10 | PROCUREMENT OF 200 MATTRESSES FOR CHAMA SOUTH BOARDING SECONDARY
SCHOOL AND TWO BANANA BOATS | VILIMUKULU & LUNZI | 317,620.00 | EDUCATION"
Chama-South-Community-Projects.pdf|cdf_community_projects_approved|2024|south|1|table|"Project 11 | CONSTRUCTION OF 1X3 CRB AT CHIFUNDA DAY SECONDARY SCHOOL | CHILENJE | 1,200,000.00 | EDUCATION"
Chama-South-Community-Projects.pdf|cdf_community_projects_approved|2024|south|1|table|"Project 12 | THIRTY-THREE (33) SECURITY POLE SOLAR POWER LIGHTING FOR SELECTED
COMMUNITY CENTRES | MABINGA, CHILENJE,
LUNZI & MAPAMBA | 1,000,000.00 | ROADS"
Chama-South-Community-Projects.pdf|cdf_community_projects_approved|2024|south|1|table|"Project 13 | SOLAR ELECTRIFICATION FOR BULI CLINIC | LUPAMAZI | 100,000.00 | HEALTH"
Chama-South-Community-Projects.pdf|cdf_community_projects_approved|2024|south|1|table|"Project 14 | ADDITIONAL (25%) FUNDING FOR RAYVIEW CONTRACTORS FOR COMPLETION OF 1X3 CRB
AT MANGWERE PRIMARY SCHOOL | LUNZI | 64,500.00 | EDUCATION"
Chama-South-Community-Projects.pdf|cdf_community_projects_approved|2024|south|1|table|"Project 15 | ROLLER ACCESSORY FOR THE TLB | ALL WARDS | 400,000.00 | ROADS"
Chama-South-Community-Projects.pdf|cdf_community_projects_approved|2024|south|1|table|"Disaster Mitig | ation |  |  | "
Chama-South-Community-Projects.pdf|cdf_community_projects_approved|2024|south|1|table|"Project 16 | REHABILITATION OF CHIFUNDA CRB | CHILENJE | 130,262.00 | EDUCATION"
Chama-South-Constituency-Empowerment-Loans-2024.pdf|cdf_empowerment_loans|2024|south|1|text_fallback|CamScanner
Chama-South-Constituency-Empowerment-Loans-2024.pdf|cdf_empowerment_loans|2024|south|2|text_fallback|CamScanner
Chama-South-Constituency-Empowerment-Loans-2024.pdf|cdf_empowerment_loans|2024|south|3|text_fallback|CamScanner
Chama-South-Constituency-Empowerment-Grant-2024.pdf|cdf_empowerment_grants|2024|south|1|text_fallback|CamScanner
Chama-South-Constituency-Empowerment-Grant-2024.pdf|cdf_empowerment_grants|2024|south|2|text_fallback|CamScanner
Chama-South-Constituency-Empowerment-Grant-2024.pdf|cdf_empowerment_grants|2024|south|3|text_fallback|CamScanner
Chama-South-Constituency-Empowerment-Grant-2024.pdf|cdf_empowerment_grants|2024|south|4|text_fallback|CamScanner
