url|title|body_text|pdf_links
https://www.chamacouncil.gov.zm/?p=2029|CDF Update…. CHAMA TOWN COUNCIL ENHANCES HEALTH CENTER LIGHTING ACROSS CHAMA NORTH CONSTITUENCY|CDF Update…. CHAMA TOWN COUNCIL ENHANCES HEALTH CENTER LIGHTING ACROSS CHAMA NORTH CONSTITUENCY Chama, Zambia – In a major boost to healthcare, Chama Town Council has enhanced lighting in 19 health centers in Chama North Constituency, utilizing the Constituency Development Fund (CDF), the Vitalite lighting system has four efficient bulbs at a cost of K 5,825 per unit. The council has successfully procured and installed the Vitalite lighting system, which features four energy-efficient bulbs, ensuring better lighting, particularly at maternity annexes. The health facilities that benefited from this initiative include: Luangwa Ward: Kambowe Health Post Nkanka Ward: Chibale Health Center, Kabanjila Health Post, Chinji Health Post Chisunga Ward: Chikonta Health Post, Bilabila Health Post, Mulilo Health Center Mazonde Ward: Chilubanama Rural Health Center Muchinga Ward: Mwinichipeta Health Post, Lundu Rural Health Center, Mpyanakunda Health Post Kaozi Ward: Kapalakonji Health Post Kalinkhu Ward: Kambombo Rural Health Center, Kapilingizga Health Post, Ntonko Health Post Manthepa Ward: Manthepa Health Post Ndunda Ward: Sitwe Rural Health Center, Pina Health Post Mphalausenga Ward: Kamfutu Health Post Issued by: Michael Chisanga Public Relations Officer|
https://www.chamacouncil.gov.zm/?p=2364|CHAMA DISTRICT LAUNCHES THE FIRST INTEGRATED DEVELOPMENT PLAN|Chama, Zambia – In a significant move towards enhancing the quality of life for its residents, the Minister of Local Government and Rural Development, Honorable Gary Nkombo, has formally launched the Integrated Development Plan (IDP) for Chama district. The event was marked by a speech from Dr. Lewis Mwape, the Deputy Permanent Secretary for Eastern Province, who emphasized the IDP’s critical role in the district’s transformation. The IDP is designed with the ambitious goal of improving living standards in Chama by the year 2035. Key initiatives outlined in the plan include the construction of new schools, upgrading of roads, expanding access to clean water, improving health services, promoting income-generating activities, and tackling pressing issues such as poverty, nutrition, early marriages, gender-based violence, and environmental sustainability. During the launch, Hon. Nkombo urged local authorities to take proactive steps in implementing the IDP rather than allowing it to become just another document filed away. He stressed the importance of collaboration between local authorities, Members of Parliament, and Councillors, who represent the interests of the community. “It is essential that these elected officials are actively involved in the IDP process to ensure projects accurately reflect the needs of the people and to avoid repeating past mistakes of implementing projects that do not serve the community,” he stated. Hon. Nkombo described the IDP as a strategic framework that will guide the local authority’s developmental agenda and foster cooperation with key stakeholders to achieve the outlined objectives. Chama Town Council Chairperson Gift Kumwenda echoed this sentiment, affirming the council’s dedication to providing exceptional services and making a meaningful impact through the IDP from 2025 to 2035. He noted that the government’s recent increase in the Constituency Development Fund (CDF) from K1.6 million to K36.1 million per constituency presents a vital opportunity for the realization of impactful projects. Additionally, Chama Town Council Secretary Francis Muzyani expressed heartfelt appreciation for the team’s hard work and expertise in developing the IDP, highlighting their dedication as crucial to the plan’s success.|
https://www.chamacouncil.gov.zm/?p=2438|GOVERNMENT DISBURSES K 7,436,841 FOR CDF SKILLS DEVELOPMENT|Chama Town Council is pleased to announce the disbursement of K 7,436,841 specifically for the Constituency Development Fund (CDF) skills development programs aimed at students from various colleges. This initiative is designed to enhance vocational training and provide the youth with crucial skills needed enabling them to become self-employed. This disbursement follows a thorough tour conducted by Chama Town Council officers, who visited the institutions where the students are currently enrolled. The purpose of this tour was to conduct due diligence, ensuring that the colleges meet required standards, confirming student arrival, and auditing the institutions ahead of the financial disbursement. In Chama North Constituency, the Council has disbursed funding for 164 first-time students amounting to K 3,568,039 and 14 returning students K 363,870. In Chama South Constituency, the Council has disbursed funding for 158 first-time students amounting to K 3,009,139 and 17 returning students K 558,900. The Council is dedicated to supporting the youth in their educational endeavours, believing that equipping them with relevant skills will contribute to economic growth and development in our nation.|
https://www.chamacouncil.gov.zm/?p=3034|CHAMA TOWN COUNCIL HOLDS SUCCESSFUL BUDGET STAKEHOLDERS CONSULTATIVE MEETING|Chama Town Council convened a highly productive stakeholders consultative meeting today at the Council Chamber, marking a significant step in transparent governance and strategic planning for the district’s development. The meeting, attended by key government officials including the District Administrative Officer Mr. Weston Phiri, who represented the District Commissioner, and Director of Engineering Eng. Khuda Khati on behalf of the Council Secretary, reviewed the performance of the current fiscal year’s budget and discussed the upcoming 2026 budget review. Financial Performance and Key Highlights As of June 30, 2025, Chama District demonstrated robust revenue performance, particularly in local revenue collection, despite the district’s expansive size of 17,164 square kilometers, making it the largest in Eastern Province. The district, sharing boundaries with Musalangu GMA and stretching into Muchinga Province, is rich in natural resources with a thriving agriculture and tourism sector. In terms of expenditure, the district has maintained prudent financial management, supporting ongoing projects and services. The meeting also provided an update on the debt status, indicating manageable levels that do not impede future growth. Cash for Work programs are ongoing, aiming to improve infrastructure and create employment opportunities. Development Projects and Administrative Updates The council reviewed the progress of CDF-funded projects, which continue to enhance community infrastructure. Council staff levels are being maintained to ensure effective service delivery, while internal audit reports reflect a high standard of compliance and accountability. The district’s assets managed by the local authority include various public facilities and infrastructure, with a list of outstanding court cases currently under review. Notably, some retirees who contributed to district development are yet to be paid their pensions, a matter highlighted for expedited resolution. Wildlife and Land Use Chama’s vast unutilized land, much of which falls within a Game Management Area (GMA), offers significant opportunities for expansion in agriculture particularly rice, maize, groundnuts, and cotton and wildlife tourism, which remains a key economic driver. Stakeholder Engagement and Future Outlook The meeting emphasized the importance of stakeholder participation in shaping Chama’s economic trajectory. Discussions also covered the need to optimize land use, enhance revenue collection, and streamline administrative processes to maximize the district’s potential. Chama District’s strategic location and rich natural resources position it for substantial growth, especially in agriculture and tourism. The council’s commitment to transparency and inclusive planning ensures that community needs and development priorities remain at the forefront.|
https://www.chamacouncil.gov.zm/?p=3816|Outgoing Chairperson urges the Council to operationalise the completed projects – Chama Town Council|Home About Open menu The District Who We Are Mandate Departments Institutional Management Department of Finance Department of Planning Department of Engineering Services Department of Health Department of Livestock and Fisheries Department of Agriculture Department of Social Welfare Department of Community Development Department of Human Resource and Administration Civic Leaders Chama South Constituency Chama North Constituency Standing Committees Services News updates Media Open menu Publications Photo Gallery Speeches CDF Open menu Chama South Constituency Chama North Constituency CDF FORMS ZDSP FAQs Contact Us Menu Home About Open menu The District Who We Are Mandate Departments Institutional Management Department of Finance Department of Planning Department of Engineering Services Department of Health Department of Livestock and Fisheries Department of Agriculture Department of Social Welfare Department of Community Development Department of Human Resource and Administration Civic Leaders Chama South Constituency Chama North Constituency Standing Committees Services News updates Media Open menu Publications Photo Gallery Speeches CDF Open menu Chama South Constituency Chama North Constituency CDF FORMS ZDSP FAQs Contact Us Search Outgoing Chama Town Council Chairperson Gift Kumwenda has called on the Office of the Council Secretary to ensure that completed projects are quickly operationalised to avoid vandalism. Mr Kumwenda said this during the last full council meeting held at the council chambers in Chama district which marked the end of his five-year tenure, ahead of this year’s August general elections. The outgoing Council Chairperson said there are many projects that have been completed across the district but not yet operational. “It is important that these projects are handed over and put to use without delay. They risk being vandalized if they continue being idle, and this will not benefit the intended communities,” he said. And Mr Kumwenda has thanked the Chama Town Council Management, District Administration Office and the two Members of Parliament in the district for their dedication and unwavering support during his term. Meanwhile, Chama Town Council Secretary (CS) Francis Muzyani who was represented by the Director of Planning, Sydney Chipili, thanked the outgoing CS and his councillors for their dedication to duty in ensuring the local authority delivered on its mandate. He said the local authority had compiled a status report on all capital projects under the Constituency Development Fund and other government programmes, and that steps are being taken to fast-track commissioning processes. The meeting brought together councillors from the district’s 24 wards, heads of departments, and invited stakeholders to review the council’s performance and outstanding matters. Contact Information CIVIC CENTRE P.O. BOX 540005 CHAMA EASTERN PROVINCE – ZAMBIA Tele fax: 06-482099 Plot CHA/1773 Church Road Email address: chamadistrictcouncil01@gmail.com Public Relations Officer: +260 977365484 Complaint Quick Links Ministry of Local Government and Rural Development Local Government Service Comission Ministry of Finance and National Planning Ministry of Agriculture National Assembly of Zambia Local Government Training Institute Local Government Association of Zambia Knowledge and Information Hub ©2022. SMART Zambia Institute. All Rights Reserved.|
https://www.chamacouncil.gov.zm/?p=3838|Chama District Conducts Briefing For Uniformed Staff – Chama Town Council|Home About Open menu The District Who We Are Mandate Departments Institutional Management Department of Finance Department of Planning Department of Engineering Services Department of Health Department of Livestock and Fisheries Department of Agriculture Department of Social Welfare Department of Community Development Department of Human Resource and Administration Civic Leaders Chama South Constituency Chama North Constituency Standing Committees Services News updates Media Open menu Publications Photo Gallery Speeches CDF Open menu Chama South Constituency Chama North Constituency CDF FORMS ZDSP FAQs Contact Us Menu Home About Open menu The District Who We Are Mandate Departments Institutional Management Department of Finance Department of Planning Department of Engineering Services Department of Health Department of Livestock and Fisheries Department of Agriculture Department of Social Welfare Department of Community Development Department of Human Resource and Administration Civic Leaders Chama South Constituency Chama North Constituency Standing Committees Services News updates Media Open menu Publications Photo Gallery Speeches CDF Open menu Chama South Constituency Chama North Constituency CDF FORMS ZDSP FAQs Contact Us Search Electoral Commission of Zambia (ECZ) today 10th August, 2026 is conducting a briefing for uniformed security officers in Chama District at Chama Boarding Secondary School. The session aims to prepare security personnel for their responsibilities in maintaining law and order and fostering a peaceful environment throughout the upcoming August 13, 2026, General Elections. Contact Information CIVIC CENTRE P.O. BOX 540005 CHAMA EASTERN PROVINCE – ZAMBIA Tele fax: 06-482099 Plot CHA/1773 Church Road Email address: chamadistrictcouncil01@gmail.com Public Relations Officer: +260 977365484 Complaint Quick Links Ministry of Local Government and Rural Development Local Government Service Comission Ministry of Finance and National Planning Ministry of Agriculture National Assembly of Zambia Local Government Training Institute Local Government Association of Zambia Knowledge and Information Hub ©2022. SMART Zambia Institute. All Rights Reserved.|
https://www.chamacouncil.gov.zm/?p=3854|Chama District Successfully Deployed Electoral Materials And Personnel Ahead OF The 2026 General Election – Chama Town Council|Home About Open menu The District Who We Are Mandate Departments Institutional Management Department of Finance Department of Planning Department of Engineering Services Department of Health Department of Livestock and Fisheries Department of Agriculture Department of Social Welfare Department of Community Development Department of Human Resource and Administration Civic Leaders Chama South Constituency Chama North Constituency Standing Committees Services News updates Media Open menu Publications Photo Gallery Speeches CDF Open menu Chama South Constituency Chama North Constituency CDF FORMS ZDSP FAQs Contact Us Menu Home About Open menu The District Who We Are Mandate Departments Institutional Management Department of Finance Department of Planning Department of Engineering Services Department of Health Department of Livestock and Fisheries Department of Agriculture Department of Social Welfare Department of Community Development Department of Human Resource and Administration Civic Leaders Chama South Constituency Chama North Constituency Standing Committees Services News updates Media Open menu Publications Photo Gallery Speeches CDF Open menu Chama South Constituency Chama North Constituency CDF FORMS ZDSP FAQs Contact Us Search Chama District Office, wishes to inform the public and all electoral stakeholders that the deployment of electoral materials and personnel to polling stations across the district for the 2026 General Election, scheduled for Thursday, 13th August 2026, has been successfully completed. Chama District has continued to work closely with political parties, accredited observers, local authorities and security agencies to ensure that all arrangements are in place for the conduct of a peaceful, credible and orderly election. Further reminder to voters, all polling stations for the 2026 General Election will take place on Thursday, 13th August 2026, from 06:00 hours to 18:00 hours. The people of Chama District are assured that all necessary measures are being undertaken to facilitate the conduct of the elections in a free, fair, transparent, credible and peaceful manner. The District Electoral Officer appeals to all voters, political parties, candidates, electoral officials, observers and other stakeholders to uphold peace, observe the electoral laws and procedures, and cooperate with electoral officials throughout the voting and counting processes. The District Electoral Officer wishes to thank the District Administration, Traditional Leaders, political parties, security wings, civil society organisations, the media and the people of Chama District for their cooperation and support during the preparations for the election. Contact Information CIVIC CENTRE P.O. BOX 540005 CHAMA EASTERN PROVINCE – ZAMBIA Tele fax: 06-482099 Plot CHA/1773 Church Road Email address: chamadistrictcouncil01@gmail.com Public Relations Officer: +260 977365484 Complaint Quick Links Ministry of Local Government and Rural Development Local Government Service Comission Ministry of Finance and National Planning Ministry of Agriculture National Assembly of Zambia Local Government Training Institute Local Government Association of Zambia Knowledge and Information Hub ©2022. SMART Zambia Institute. All Rights Reserved.|
https://www.chamacouncil.gov.zm/?p=3879|SWEARING-IN CEREMONY MARKS NEW ERA FOR CHAMA TOWN COUNCIL AND LEADERSHIP – Chama Town Council|Home About Open menu The District Who We Are Mandate Departments Institutional Management Department of Finance Department of Planning Department of Engineering Services Department of Health Department of Livestock and Fisheries Department of Agriculture Department of Social Welfare Department of Community Development Department of Human Resource and Administration Civic Leaders Chama South Constituency Chama North Constituency Standing Committees Services News updates Media Open menu Publications Photo Gallery Speeches CDF Open menu Chama South Constituency Chama North Constituency CDF FORMS ZDSP FAQs Contact Us Menu Home About Open menu The District Who We Are Mandate Departments Institutional Management Department of Finance Department of Planning Department of Engineering Services Department of Health Department of Livestock and Fisheries Department of Agriculture Department of Social Welfare Department of Community Development Department of Human Resource and Administration Civic Leaders Chama South Constituency Chama North Constituency Standing Committees Services News updates Media Open menu Publications Photo Gallery Speeches CDF Open menu Chama South Constituency Chama North Constituency CDF FORMS ZDSP FAQs Contact Us Search The swearing-in ceremony for Chama Town Council took place on September 7th, 2026, at the Council Chamber. The event was officiated by Magistrate Elvis Chilufya and marked the formal induction of key local government officials into their respective roles. Present at the ceremony were the Chairperson of Chama Town Council, three Chiefs, and twenty-four ward councilors representing various wards within the district. The newly sworn-in Council Chairperson is Genius Ngulube, who will lead the council’s efforts in governance and development initiatives. The Chiefs sworn in include Chief Lundu, Chief Chibale, and Chief Tembwe, each playing vital roles in traditional leadership and community affairs. The ceremony also saw the induction of twenty-four ward councilors across three constituencies: Chama Central, Chama South, and Chama North. In Chama Central Constituency, ward councilors such as Mwalala ward – Mike Khunga (UPND), Manthepa ward – Mathews Tembo (NRPUP), Kalinkhu ward – Isaac Goma (NRPUP), Kaozi ward – Peter Sikanyika (NRPUP), Mhalausenga ward – Moses Zimba (NRPUP), Kamphemba ward – Saphira Mashonga (NRPUP), and Bazimu ward – Dydas Goma (NRPUP). In Chama South Constituency, the councilors included Mabinga ward – Fwile Zimba (UPND), Lupamazi ward – Thomas Zimba (UPND), Chibungwe ward London Luhanga (UPPZ), Vilimukulu ward – Moses Nyirenda (NRPUP), Chilubaluba ward – Precious Kazeze (NRPUP), Lumezi ward – Hastings Nyirenda (NRPUP), Lunzi ward Dewe Mtonga (NRPUP), Chilenje ward – Carlos Zimba (UPND), and Mapamba ward – Felulani Mumba (NRPUP). For Chama North Constituency, councilors sworn in comprised Mbazi ward – Samuel Mhango (UPND), Ndunda ward – Jairous Mwandila (UPND), Muchinga ward – Andrew Sabi (NRPUP), Mazonde ward – Steward Bwalya (NRPUP), Chipala ward – Ng’uni Mwila (UPND), Luangwa ward – Sandwell Kaluba (NRPUP), Chisunga ward – Bwibwi Goma (UPND), and Nkhankha ward – Ackim Siwila (NRPUP). Contact Information CIVIC CENTRE P.O. BOX 540005 CHAMA EASTERN PROVINCE – ZAMBIA Tele fax: 06-482099 Plot CHA/1773 Church Road Email address: chamadistrictcouncil01@gmail.com Public Relations Officer: +260 977365484 Complaint Quick Links Ministry of Local Government and Rural Development Local Government Service Comission Ministry of Finance and National Planning Ministry of Agriculture National Assembly of Zambia Local Government Training Institute Local Government Association of Zambia Knowledge and Information Hub ©2022. SMART Zambia Institute. All Rights Reserved.|
https://www.chamacouncil.gov.zm/?p=989|Chama Gives Out K16m In CDF Grants And Loans|By Christopher Miti Chama Town council has disbursed over 16 million Kwacha Constituency Development Fund loans and grants to both Chama North and Chama South constituencies. The local authority has also drilled 20 boreholes, constructed classroom blocks and staff houses in various schools across the two constituencies. Eastern Province Minister PETER PHIRI, who commissioned the projects, says CDF has enabled the local people to embark on community driven developments. Mr PHIRI says it is gratifying that the priorities of the people are identified and implemented. Chama District Commissioner YOBE GOMA says the increment of CDF will help exploit the economic potential of the district. And Council Chairperson GIFT KUMWENDA has appealed to the government to consider positioning relief food in strategic areas before the onset of the rains. Meanwhile, Chief LUNDU, who spoke on behalf of the traditional leaders said the increment of CDF by the government is historic. Source ZNBC Download Chama Town Council Newsletter Click here to get Loan Application Forms|"Download Chama Town Council Newsletter -> http://www.chamacouncil.gov.zm/wp-content/uploads/2023/09/Chama-Town-Council-Newsletter.pdf | Click here to get Loan Application Forms -> http://www.chamacouncil.gov.zm/wp-content/uploads/2023/11/LOAN-EMPOWERMENT-APPLICATION-FORM-FINAL-202-12-2022.pdf"
https://www.chamacouncil.gov.zm/?page_id=1127|CDF Tracker – Chama Town Council|Home About Open menu The District Who We Are Mandate Departments Institutional Management Department of Finance Department of Planning Department of Engineering Services Department of Health Department of Livestock and Fisheries Department of Agriculture Department of Social Welfare Department of Community Development Department of Human Resource and Administration Civic Leaders Chama South Constituency Chama North Constituency Standing Committees Services News updates Media Open menu Publications Photo Gallery Speeches CDF Open menu Chama South Constituency Chama North Constituency CDF FORMS ZDSP FAQs Contact Us Menu Home About Open menu The District Who We Are Mandate Departments Institutional Management Department of Finance Department of Planning Department of Engineering Services Department of Health Department of Livestock and Fisheries Department of Agriculture Department of Social Welfare Department of Community Development Department of Human Resource and Administration Civic Leaders Chama South Constituency Chama North Constituency Standing Committees Services News updates Media Open menu Publications Photo Gallery Speeches CDF Open menu Chama South Constituency Chama North Constituency CDF FORMS ZDSP FAQs Contact Us Search CDF Tracker The CDF Tracker allows for a proper review of ... Chama North Constituency Edit 2022 Edit Community Projects No. Project Name Project Description Sector Type Ward Project Site/Location 1 PROCUREMENT OF SCHOOL DESKS FOR CHAMA DAY AND KASANGI Supply and Delivery of 622 School Desks for Chama Day Sec and Kasangani Primary EDUCATION procurement Kampemba and Kaozi CHAMA DAY SEC AND KASANGANI 2 MATRESSES (4INCHES) FOR HEALTH POSTS procurement of 108 Matresses (4inches) for selected HP in Chama North HEALTH procurement ALL WARDS ALL 23 HEALTH POST 3 CLASS ROOM BLOCK AT CHIKONTHA PRIMARY Construction of a 1×3 crb at Chikontha Primary School EDUCATION Construction Chisunga Chikontha 4 BANANA BOAT FOR KAKOMA TO MULILO CROSSING POINT Procurement of banana for Kakoma to Mulilo crossing point TRANSPORATION procurement Chisunga KAKOMA 5 WILA TO KAKOMA PRIMARY SCHOOL CROSSING POINTS CONSTRUCTION OF WILA TO KAKOMA PRIMARY CROSSING POINTS INFRASTRUCTURE Construction Chisunga KAKOMA-WILA 6 DRILLING OF 8 BOREHOLES DRILLING AND INSTALLATION OF 8 HAND PUMPS-LOT 3 WATER AND SANITATION DRILLING Kamphemba MAKENI B 7 DRILLING OF 8 BOREHOLES DRILLING AND INSTALLATION OF 8 HAND PUMPS-LOT 2 WATER AND SANITATION DRILLING Kamphemba, Luangwa MAKENI B AND KASEMPWE 8 DRILLING OF 6 BOREHOLES DRILLING AND INSTALLATION OF 6 HAND PUMPS -LOT 4 WATER AND SANITATION DRILLING kaozi ZONE 1 9 DRILLING OF 8 BOREHOLES Drilling and Installation of 8 hand PUMPS- Lot 1 WATER AND SANITATION DRILLING Mphalausenga, Luangwa, Kalinkhu GOMBE, KOMBAZI, CHIPAPATE 10 CLASS ROOM BLOCK AT GOMBE PRIMARY CONSTRUCTION OF A 1X3 AT GOMBE PRIMARY EDUCATION CONSTRUCTION KALINKHU Gombe 11 CLASS ROOM BLOCK AT CHILUBUNTHA PRIMARY SCHOOL CONSTRUCTION OF A 1X3 AT CHILUBUNTA PRIMARY EDUCATION CONSTRUCTION KAOZI Kaozi 12 STAFF HOUSE AT KASEMPWE SCHOOL ONE STAFF HOUSE AT KASEMPWE SCHOOL EDUCATION CONSTRUCTION LUANGWA Kasempwe 13 CLASS ROOM BLOCK AT NGANJO GRAVEL PRIMARY SCHOOL CONSTRUCTION OF A 1X3 AT NGANJO GRAVEL EDUCATION CONSTRUCTION LUANGWA Nganjo Gravel 14 MWIIMBA HEALTH POST CONSTRUCTION OF A HEALTH POST IN MWIIMBA HEALTH CONSTRUCTION MANTHEPA Mwiimba 15 KASAMBANDOLA PRIMARY SCHOOL RENOVATION OF A 1X2 AT KASAMBANDOLA PRIMARY EDUCATION Renovation MANTHEPA Kasamabandola 16 STAFF HOUSE AT MANTHEPA SCHOOL HEALTH POST CONSTRUCTION OF A STAFF HOUSE  AT MANTHEPA HEALTH POST HEALTH Construction MANTHEPA Manthepa 17 14KM FEEDER ROAD IN CHILUBANAMA REHABILITATION OF A 14KM FEEDER ROAD IN KAPIMPA INFRASTRUCTURE REHABILITATION MAZONDE Kapimpa 18 CLASS ROOM BLOCK AT MUNG’ANGA PRIMARY SCHOOL CONSTRUCTION OF A 1X3 AT MUNG’ANGA PRIMARY EDUCATION CONSTRUCTION MAZODE Mung’anga 19 CLASS ROOM BLOCK AT KANAFULA PRIMARY SCHOOL CONSTRUCTION OF A 1X3 AT KANAFULA PRIMARY EDUCATION CONSTRUCTION MBAZI Kanafula 20 CLASS ROOM BLOCK AT CHIRI PRIMARY SCHOOL CONSTRUCTION OF A 1X3 AT CHIRI PRIMARY EDUCATION construction MBAZI Chiri 21 CLASS ROOM BLOCK AT SAMAMBA PRIMARY SCHOOL CONSTRUCTION OF A 1X3 AT SAMAMBA COMMUNITY SCHOOL EDUCATION Construction MPHALAUSENGA Samamba 22 STAFF HOUSE AT BAMBANDA PRIMARY SCHOOL CONSTRUCTION OF A STAFF HOUSE  AT BAMBANDA PRIMARY EDUCATION CONSTRUCTION MPALAUSENGA Bambanda PRIMARY 23 A LABORATORY AT LUNDU DAY SECONDARY SCHOOL CONSTRUCTION OF A LABORATORY AT LUNDU DAY EDUCATION Construction MUCHINGA Lundu DAY SECONDARY 24 STAFF HOUSE AT LUNDU DAY SECONDARY SCHOOL CONSTRUCTION OF A STAFF HOUSE  AT LUNDU DAY SECONDARY SCHOOL EDUCATION Construction MUCHINGA Lundu DAY SECONDARY 25 CLASS ROOM BLOCK AT KATANGALIKA PRIMARY SCHOOL CONSTRUCTION OF A 1X3 KATANGALIKA PRIMARY SCHOOL EDUCATION Construction MWALALA Katangalika PRIMARY 26 IRON SHEETS FOR MULUMBU AND KAPEMBE PRIMARY SCHOOL PROCUREMENT OF IRON SHEETS FOR RENOVATION OF 1X2 AT MULUMBU AND KAPEMBE PRIMARY SCHOOL EDUCATION procurement MWALALA MULUMBU AND KAPEMBE PRIMARY SCHOOL 27 CLASS ROOM BLOCK AT SITWE PRIMARY SCHOOL REHABILITATION OF 1X3 CRB AT SITWE PRIMARY SCHOOL EDUCATION Renovation NDUNDA Sitwe PRIMARY SCHOOL 28 MATERNITY WING IN SITWE CATCHMENT AREA CONSTRUCTION OF A MATERNITY WING IN SITWE HEALTH CONSTRUCTION NDUNDA Sitwe PRIMARY SCHOOL 29 HEALTH POST IN MAIMBI CONSTRUCTION OF A HEALTH POST IN MAIMBI HEALTH construction NKHANKHA Maimbi Disaster Component 26 IRON SHEETS FOR MULUMBU AND KAPEMBE PRIMARY SCHOOL PROCUREMENT OF IRON SHEETS FOR RENOVATION OF 1X2 AT MULUMBU AND KAPEMBE PRIMARY SCHOOL EDUCATION procurement EASTERN CHAMA Empowerment Grants s/n Name of  Group Type of  Group (Women/Youth/community) Ward Type of Venture(specify) 1 MWAPE FARMER’S GROUP COMMUNITY CHISUNGA HAMMER MILL 2 MWAPE WOMEN’S CLUB WOMENS CHISUNGA HAMMER MILL 3 MUPANI MULTI-PURPOSE COOPERATIVE COMMUNITY CHISUNGA GOAT REARING 4 NAKAFITA MULTI-PURPOSE COOPERATIVE COMMUNITY CHISUNGA GOAT REARING 5 TOTOZI MULTI-PURPOSE COOPERATIVE COMMUNITY CHISUNGA GOAT REARING 6 KASENJELE MULTIPURPOSE COOPERATIVE SOCIETY LIMITED COMMUNITY Chisunga GOAT REARING 7 CHIMILILA MULTIPURPOSE COOPERATIVE SOCIETY LIMITED COMMUNITY Chisunga VILLAGE BANKING 8 MWAJIONELA MULTIPURPOSE COOPERATIVE COMMUNITY Chisunga VILLAGE BANKING 9 MUBUYU MULTIPURPOSE COOPERATIVE SOCIETY LIMITED COMMUNITY Chisunga HAMMER MILL 10 KAJOTO MULTIPURPOSE COOPERATIVE SOCIETY COMMUNITY KALINKHU CHICKEN REARING 11 PULIKANI WOMEN’S CLUB WOMENS KALINKHU CHICKEN REARING 12 TWABA MULTI-PURPOSE COOPERATIVE COMMUNITY KALINKHU HAMMER MILL 13 LUZUZU WOMEN’S CLUB WOMENS KALINKHU GOAT REARING 14 KOMBAZI MULTI-PURPOSE COOPERATIVE COMMUNITY KALINKHU GOAT REARING 15 KONYA MULTI-PURPOSE COOPERATIVE COMMUNITY KALINKHU GOAT REARING 16 CHALOBAZYOLA MULTIPURPOSE COOPERATIVE COMMUNITY KALINKHU VILLAGE BANKING 17 CHIPULIKANO WOMEN’S CLUB WOMENS KALINKHU VILLAGE BANKING 18 KASESE YOUTH GROUP YOUTH KALINKHU GOAT REARING 19 ZAMANGWE YOUTH MULTIPURPOSE COOPERATIVE SOCIETY LIMITED COMMUNITY KALINKHU GOAT REARING 20 CHILYAMACHESI MULTIPURPOSE COOPERATIVE SOCIETY LIMITED COMMUNITY KALINKHU CHICKEN REARING 21 PAMOZA MULTIPURPOSE COOPERATIVE COMMUNITY KAMPHEMBA CHICKEN REARING 22 CHIYAMBI WOMEN’S GROUP WOMENS KAMPHEMBA GOAT REARING 23 CHAFFO MULTI-PURPOSE COOPERATIVE COMMUNITY KAMPHEMBA PIGGERY 24 AMAZING GRACE MULTI-PURPOSE COOPERATIVE COMMUNITY KAMPHEMBA METAL FABRICATION 25 JOY WOMEN’S CLUB WOMENS KAMPHEMBA VILLAGE BANKING 26 TASANGA WOMEN’S CLUB WOMENS KAMPHEMBA VILLAGE BANKING 27 CHIFUNDO MULTI-PURPOSE COOPERATIVE COMMUNITY KAMPHEMBA VILLAGE BANKING 28 KAMFUMBANYA MULTI-PURPOSE COMMUNITY KAMPHEMBA VILLAGE BANKING 29 NKONGONO WOMEN’S CLUB WOMENS KAMPHEMBA VILLAGE BANKING 30 RISE-SHINE YOUTH GROUP YOUTH KAMPHEMBA VILLAGE BANKING 31 KAMUPETEU WOMEN’S CLUB WOMENS KAMPHEMBA VILLAGE BANKING 32 SEZALA WOMEN’S CLUB WOMENS KAMPHEMBA VILLAGE BANKING 33 RIVER SIDE MULTI-PURPOSE COOPERATIVE COMMUNITY KAMPHEMBA VILLAGE BANKING 34 GETHSEMANE WOMEN’S CLUB WOMENS KAMPHEMBA VILLAGE BANKING 35 UZU-UKULU WOMEN’S CLUB WOMENS KAMPHEMBA VILLAGE BANKING 36 CHISOMO WOMEN’S CLUB WOMENS KAMPHEMBA VILLAGE BANKING 37 MANYA TWAKO WOMEN’S CLUB WOMENS KAMPHEMBA VILLAGE BANKING 38 CHAMA DISTRICT MARKETING COOPERATIVE SOCIETY COMMUNITY KAMPHEMBA VILLAGE BANKING 39 TULISWENZI MULTI-PURPOSE COOPERATIVE COMMUNITY KAMPHEMBA VILLAGE BANKING 40 MPUNGA WITHU MILLING COOPERATIVE COMMUNITY KAMPHEMBA VILLAGE BANKING 41 TIWONELELEPO WOMEN’S CLUB WOMENS KAMPHEMBA VILLAGE BANKING 42 TEMWANANI WOMEN’S CLUB WOMENS KAMPHEMBA VILLAGE BANKING 43 TIMANYE MULTI-PURPOSE COOPERATIVE COMMUNITY KAMPHEMBA VILLAGE BANKING 44 JIVWIRE WOMEN’S CLUB WOMENS KAMPHEMBA VILLAGE BANKING 45 TIGWILIZANE YOUTH GROUP YOUTH KAMPHEMBA VILLAGE BANKING 46 TWAZA SEBENZA MULTI-PURPOSE COMMUNITY KAMPHEMBA RESTAURANT 47 VYAMUCHALO WOMEN’S CLUB WOMENS KAMPHEMBA CHICKEN REARING 48 TIONANI MULTIPURPOSE COOPERATIVE COMMUNITY KAMPHEMBA POULTRY 49 THE REAL VISION FILM PRODUCTION CHAMA ASSOCIATION COMMUNITY KAMPHEMBA ENTERTAINMENT 50 JOHBY MULTIPURPOSE COOPERATIVE COMMUNITY KAMPHEMBA CHICKEN REARING 51 CHIKONTA WOMEN’S CLUB WOMENS KAMPHEMBA OIL PROCESSING MACHINE 52 CHAMA PERSONS’ WITH DISABILITY ASSOCIATION (ZNAPD) COMMUNITY KAMPHEMBA HAMMER MILL 53 CHIMWEMWE WOMEN’S CLUB WOMENS KAMPHEMBA VILLAGE BANKING 54 CHANANGOMBE WOMENS GROUP WOMENS KAMPHEMBA VILLAGE BANKING 55 MUNJOVWILE SELF HELP YOUTH KAMPHEMBA VILLAGE BANKING 56 KAOZI-551 FARMER’S GROUP COMMUNITY KAOZI GARDENING (FARMING) 57 NJATOSE WOMEN’S CLUB WOMENS KAOZI HAMMER MILL 58 DONGOLISWESI MULTI-PURPOSE COOPERATIVE COMMUNITY KAOZI GOAT REARING 59 KONDANANI WOMEN’S CLUB WOMENS KAOZI GOAT REARING 60 ULIMBE FARMER’S GROUP COMMUNITY KAOZI GOAT REARING 61 KAMBWACHIBE WOMEN’S GROUP WOMENS KAOZI POULTRY 62 MTANILA MULTI-PURPOSE COOPERATIVE COMMUNITY KAOZI POULTRY 63 DOMBOLA MULTI-PURPOSE COOPERATIVE COMMUNITY KAOZI PIGGERY 64 ZYAMUMBA WOMEN’S CLUB WOMENS KAOZI VILLAGE BANKING 65 TAKONDWA WOMEN’S CLUB WOMENS KAOZI VILLAGE BANKING 66 CHALIMBA MULTI-PURPOSE COOPERATIVE COMMUNITY KAOZI VILLAGE BANKING 67 CHIGOMEZYO WOMEN’S CLUB WOMENS KAOZI VILLAGE BANKING 68 NASETILIKO MULTIPURPOSE COOPERATIVE COMMUNITY KAOZI VILLAGE BANKING 69 CHAONA FARMER’S GROUP COMMUNITY KAOZI VILLAGE BANKING 70 UCHINDAMI FARMER’S GROUP COMMUNITY KAOZI VILLAGE BANKING 71 CHAVUBU FARMER’S GROUP COMMUNITY KAOZI VILLAGE BANKING 72 TIYESEKO WOMEN’S GROUP WOMENS KAOZI GOAT REARING 73 TATEMWA MULTIPURPOSE COOPERATIVE SOCIETY LIMITED COMMUNITY KAOZI GOAT REARING 74 TOVWILANENGE WOMENS CLUB WOMENS KAOZI VILLAGE BANKING 75 MULENGA WOMEN’S CLUB WOMENS LUANGWA HAMMER MILL 76 LUSOSA MULTIPURPOSE COOPERATIVE COMMUNITY LUANGWA HAMMER MILL 77 SHUKO WOMEN’S CLUB WOMENS LUANGWA GOAT REARING 78 LUANGWA FARMER’S CLUB COMMUNITY LUANGWA GOAT REARING 79 KANYEKA AGRICULTURAL COOPERATIVE LIMITED COMMUNITY LUANGWA GOAT REARING 80 NAMUTOBO MULTIPURPOSE COOPERATIVE SOCIETY LIMITED COMMUNITY LUANGWA GOAT REARING 81 NAMAYOLA MULTIPURPOSE COOPERATIVE SOCIETY LIMITED COMMUNITY LUANGWA HAMMER MILL 82 KASABANDOLA WOMEN’S CLUB WOMENS MANTHEPA HAMMER MILL 83 PAMOZA YOUTH COOPERATIVE CLUB YOUTH MANTHEPA CHICKEN REARING 84 VIWEMI MULTIPURPOSE COOPERATIVE SOCIETY LIMITED COMMUNITY MANTHEPA CHICKEN REARING 85 KASENGA SENGA YOUTH MULTIPURPOSE COOPERATIVE SOCIETY LIMITED COMMUNITY MANTHEPA HAMMER MILL 86 GOLDEN WOMEN’S CLUB WOMENS MBAZI CHICKEN REARING 87 KABELE WOMEN’S CLUB WOMENS MBAZI VILLAGE BANKING 88 TOVWILANI WOMEN’S CLUB WOMENS MBAZI VILLAGE BANKING 89 MUZUWULA WOMEN MULTIPURPOSE COOPERATIVE SOCIETY LIMITED COMMUNITY Mbazi GOAT REARING 90 TINOTELE YOUTH GROUP YOUTH Mbazi VILLAGE BANKING 91 CHIMWEMWE WOMENS CLUB WOMENS Mbazi VILLAGE BANKING 92 CHANOCO MULTI-PURPOSE COMMUNITY MPHALAUSENGA 0IL PROCESSING 93 TINAAMWABI MULTI-PURPOSE COOPERATIVE COMMUNITY MPHALAUSENGA VILLAGE BANKING 94 KAMBWILI WOMEN’S CLUB WOMENS MPHALAUSENGA 0IL PROCESSING 95 MANOLOLO MULTI-PURPOSE COOPERATIVE COMMUNITY MPHALAUSENGA GOAT REARING 96 MODECAI MULTI-PURPOSE COOPERATIVE COMMUNITY MPHALAUSENGA HAMMER MILL 97 CHIVUMO AGRICULTURE COOPERATIVE COMMUNITY MPHALAUSENGA HAMMER MILL 98 MWAKALI MULTI-PURPOSE COOPERATIVE COMMUNITY MPHALAUSENGA CHICKEN REARING 99 NDIWA MULTIPURPOSE COOPERATIVE COMMUNITY MPHALAUSENGA GOAT REARING 100 NKHACHI MULTIPURPOSE COOPERATIVE COMMUNITY MPHALAUSENGA VILLAGE BANKING 101 WONGANI MULTI-PURPOSE COOPERATIVE COMMUNITY MPHALAUSENGA VILLAGE BANKING 102 BAMBANDA WOMEN’S CLUB WOMENS MPHALAUSENGA VILLAGE BANKING 103 CHITEMWANO WOMEN’S CLUB WOMENS MPHALAUSENGA VILLAGE BANKING 104 LWABILA MULTI-PURPOSE COOPERATIVE COMMUNITY MPHALAUSENGA VILLAGE BANKING 105 KAPAYA WOMEN’S CLUB WOMENS MPHALAUSENGA VILLAGE BANKING 106 TINAAMWABI JENJEWE YOUTH MULTI-PURPOSE COOPERATIVE COMMUNITY MPHALAUSENGA OIL PROCESSING MACHINE 107 TAWOMBOKWA MULTI-PURPOSE COOPERATIVE COMMUNITY MPHALAUSENGA VILLAGE BANKING 108 WEZZI MULTI-PURPOSE COOPERATIVE COMMUNITY MPHALAUSENGA VILLAGE BANKING 109 CHINDIKU MULTIPURPOSE COOPERATIVE COMMUNITY Mphalausenga VILLAGE BANKING 110 CHIGUMUKILA FARMERS GROUP COMMUNITY Mphalausenga VILLAGE BANKING 111 CHIMIMBYA WOMEN’S CLUB WOMENS MUCHINGA CHICKEN REARING 112 KALONGA FARMER’S GROUP COMMUNITY MUCHINGA CHICKEN REARING 113 PONOMBWE AGRICULTURAL COOPERATIVE SOCIETY LIMITED COMMUNITY MUCHINGA CHICKEN REARING 114 KABALE WOMEN FARMER’S GROUP WOMENS MUCHINGA CHICKEN REARING 115 MWALALA WOMEN’S CLUB WOMENS MWALALA GOAT REARING 116 ZAMINGE MULTI-PURPOSE COMMUNITY MWALALA HAMMER MILL 117 KAPWELE MULTI PURPOSE CO-OPERATIVE COMMUNITY MWALALA OIL PROCESSING MACHINE 118 TIYESEKO CHIBALE MULTIPURPOSE COOPERATIVE COMMUNITY NKHANKHA FARMING 119 LUMBAYILO MULTIPURPOSE COOPERATIVE COMMUNITY NKHANKHA CHICKEN REARING 120 TONVWILANI WOMEN’S CLUB WOMENS NKHANKHA CHICKEN REARING 121 NG’AMBA MULTIPURPOSE COOPERATIVE COMMUNITY NKHANKHA CHICKEN REARING 122 TYEZYEKO WOMEN’S CLUB WOMENS NKHANKHA VILLAGE BANKING 123 KAUTAMBO MULTI-PURPOSE COOPERATIVE COMMUNITY NKHANKHA VILLAGE BANKING 124 MUPINGILE MULTIPURPOSE COOPERATIVE COMMUNITY NKHANKHA WELDING MACHINE 125 NAVISIKU MULTI-PURPOSE COOPERATIVE COMMUNITY NKHANKHA HAMMER MILL 126 NSANILA MULTI-PURPOSE COOPERATIVE COMMUNITY NKHANKHA GRINDING MILL 127 TIGOMEZYE MULTI-PURPOSE COOPERATIVE COMMUNITY NKHANKHA GOAT REARING 128 TIKOLANE MULTIPURPOSE COOPERATIVE COMMUNITY NKHANKHA GOAT REARING 129 CHIMWEMWE CHESU MULTIPURPOSE COOPERATIVE COMMUNITY NKHANKHA GOAT REARING 130 CHIKUYU YOUTH MULTIPURPOSE COMMUNITY Nkhankha GOAT REARING 131 NEW LIMA MULTIPURPOSE COOPERATIVE SOCIETY LIMITED COMMUNITY Nkhankha VILLAGE BANKING 132 NALUMPHANGALA MULTIPURPOSE COOPERATIVE SOCIETY LIMITED COMMUNITY Nkhankha VILLAGE BANKING 133 KALINGAMUKABU WOMEN’S CLUB WOMENS NDUNDA PIGGERY 134 KAPISHA MULTI-PURPOSE CO-OPERATIVE COMMUNITY MAZONDE VILLAGE BANKING Empowerment Loans S/N Name of  Group/ Individual Type of  Applicant(youth, women, community, individual) total Ward Type of Business Sector 1 SIMUSI CONSTRUCTION AND GENERAL DEALERS INDIVIDUAL 3 NKHANKHA POULTRY AGRICULTURE 2 TOMAGO GENERAL TRADING INDIVIDUAL 4 MANTHEPA RICE SHELLER MACHINE PRODUCTION 3 ONE KAI’S BUSINESS CENTER INDIVIDUAL 1 MANTHEPA MIXED FARMING AGRICULTURE 4 KASAKA-SAKA COOPERATIVE COMMUNITY 10 NDUNDA POULTRY AGRICULTURE 5 UJAAMAA MULTIPURPOSE COOPERATIVE SOCIETY LTD COMMUNITY 10 NDUNDA GOAT REARING AGRICULTURE 6 KALUBI MULTIPURPOSE COOPERATIVE COMMUNITY 10 MUCHINGA POULTRY AGRICULTURE 7 YAWEZI GENERAL DEALERS INDIVIDUAL 1 KALINKHU RICE SHELLER MACHINE PRODUCTION 8 TROSKY GENERAL SUPPLIERS INDIVIDUAL 1 KALINKHU HARDWARE RETAIL 9 TILIMBE WOMEN’S CLUB WOMEN 10 MBAZI PIGGERY AGRICULTURE 10 CHINTHUMBO WOMEN’S GROUP WOMEN 10 MBAZI FISH FARMING AGRICULTURE 11 CHITIMA WOMEN’S CLUB WOMEN 10 CHISUNGA HAMMER MILL PRODUCTION 12 CHIKUZI FARMS AND GENERAL DEALERS INDIVIDUAL 1 MPHALAUSENGA HAMMER MILL PRODUCTION 13 GONG`ONTHA GENERAL DEALERS INDIVIDUAL 1 MPHALAUSENGA GOAT REARING AGRICULTURE 14 ZUKU WOMEN’S CLUB WOMEN 10 MPHALAUSENGA FISH FARMING AGRICULTURE 15 YAZENGA WOMEN’S CLUB WOMEN 10 MWALALA HAMMER MILL PRODUCTION 16 KAJUMPHILA MULTIPURPOSE COOPERATIVE SOCIETY COMMUNITY 10 MWALALA GOAT REARING AGRICULTURE 17 NZELU ZA JEMBE MULTIPURPOSE COOPERATIVE COMMUNITY 10 LUANGWA HAMMER MILL PRODUCTION 18 CHIBOMBWE MULTIPURPOSE COOPERATIVE COMMUNITY 10 LUANGWA POULTRY AGRICULTURE 19 KAOZYA MULTIPURPOSE COOPERATIVE SOCIETY COMMUNITY 10 LUANGWA MAIZE SELLING/BUYING AGRICULTURE 20 PENJANI WOMEN’S GROUP WOMEN 10 KAOZI POULTRY AGRICULTURE 21 KALIMA WOMEN’S CLUB WOMEN 10 KAOZI POULTRY AGRICULTURE 22 TISEKELELE WOMEN’S CLUB WOMEN 10 KAOZI POULTRY AGRICULTURE 23 BEATRICE MALANDA KUMWENDA GENERAL DEALERS INDIVIDUAL 1 KAMPHEMBA SALAULA RETAIL 24 CHILICHONSE NIJUME GENRAL DEALERS INDIVIDUAL 3 KAMPHEMBA GROCERIES RETAIL 25 ANDYNIZER GENERAL DEALERS INDIVIDUAL 1 KAMPHEMBA POULTRY AGRICULTURE 26 KALWANGONA WOMENS CLUB WOMEN 10 KAMPHEMBA POULTRY AGRICULTURE 27 CHAMA FOOD CENTRE INDIVIDUAL 1 KAMPHEMBA RESTAURANT FOOD PROCESSING 28 CHAMA SCHOOL OF DRIVING INDIVIDUAL 1 KAMPHEMBA DRIVING SCHOOL TRANSPORTATION 29 CHERISH WOMENS CLUB WOMEN 10 KAMPHEMBA GOAT REARING AGRICULTURE 30 FREDRICK NYIRENDA TRADING INDIVIDUAL 1 KAMPHEMBA GROCERIES RETAIL 31 MUKUDIKWA GENERAL DEALER INDIVIDUAL 1 KAMPHEMBA RESTAURANT FOOD PROCESSING Secondary Boarding Bursaries No. Name of Pupil Ward Sex (M/F) Grade Name of School 1 MUMBA  BRIGHT MBAZI M 12 CHAMA BOARDING SECONDARY 2 KANGWA  CATHERINE MAZONDE F 10 KENNETH KAUNDA PROVINCIAL STEM SCHOOL 3 NAKANYIKA EVELYN MAZONDE F 12 CHAMA BOARDING SECONDARY 4 MUNTHALI GRACE NKHANKHA F 9 CHAMA BOARDING SECONDARY 5 KALUBA BEATRICE NKHANKHA F 9 KENNETH KAUNDA PROVINCIAL STEM SCHOOL 6 KALUBA SAMUEL NKHANKHA M 11 ISOKA BOYS SECONDARY SCHOOL 7 LUNAU PAUL MWALALA M 11 CHAMA BOARDING SECONDARY 8 NGULUBE PRECIOUS MWALALA F 12 CHAMA BOARDING SECONDARY 9 KALEYA CHARITY MPHALAUSENGA F 11 CHAMA BOARDING SECONDARY 10 ZIMBA GEORGE  SIMMY MPHALAUSENGA M 8 CHAMA BOARDING SECONDARY 11 KASALIKA BENSON MPHALAUSENGA M 10 CHAMA BOARDING SECONDARY 12 NYIRENDA JACOB MPHALAUSENGA M 8 CHAMA BOARDING SECONDARY 13 UPHRAIZA KAZEZE MPHALAUSENGA F 10 CHAMA BOARDING SECONDARY 14 KACHALI DAVIE MPHALAUSENGA M 8 CHAMA BOARDING SECONDARY 15 KACHALI LEVY MPHALAUSENGA M 8 CHAMA BOARDING SECONDARY 16 STANELY CHISALE MPHALAUSENGA M 8 CHAMA BOARDING SECONDARY 17 KACHALI PATRICK MPHALAUSENGA M 10 CHAMA BOARDING SECONDARY 18 NEBA BENSAMIN MPHALAUSENGA M 8 CHAMA BOARDING SECONDARY 19 MTONGA HELLEN MPHALAUSENGA F 11 CHAMA BOARDING SECONDARY 20 KUMWENDA MEMORY MPHALAUSENGA F 11 CHAMA BOARDING SECONDARY 21 KUMWEND LOVENESS MPHALAUSENGA F 11 CHAMA BOARDING SECONDARY 22 KALEYA ANDERSON MPHALAUSENGA M 8 CHAMA BOARDING SECONDARY 23 KALUBA LAWRENCE MPHALAUSENGA M 10 CHAMA BOARDING SECONDARY 24 KALEYA CHARITY MPHALAUSENGA F 11 CHAMA BOARDING SECONDARY 25 KALEYA JESSY KALINKHU F 10 CHAMA BOARDING SECONDARY 26 CHILEMBO MUZO BANGALA MPHALAUSENGA M 11 CHAMA BOARDING SECONDARY 27 MVULA REUBEN MPHALAUSENGA M 11 CHAMA BOARDING SECONDARY 28 TIMEKE MUKULAMA MPHALAUSENGA F 8 CHAMA BOARDING SECONDARY 29 PAULINA MKANDAWIRE MPHALAUSENGA F 10 CHAMA BOARDING SECONDARY 30 SHARON KUMWENDA MPHALAUSENGA F 10 CHAMA BOARDING SECONDARY 31 BANDA KETTY KALINKHU F 8 CHAMA BOARDING SECONDARY 32 AARON MBEWE KALINKHU M 10 CHAMA BOARDING SECONDARY 33 NAULUBE RABSON MUCHINGA M 10 CHAMA BOARDING SECONDARY 34 ZUNDA HELMZ KALINKHU M 10 CAMA  BOARDING SECONDARY 35 FIPEKELWA MINIVA MUCHINGA F 10 CAMA  BOARDING SECONDARY 36 CHILEMBO THUMBIKO MUCHINGA M 10 CHAMA BOARDING SECONDARY 37 ANDREW CHISUPA MUCHINGA M 11 CHAMA BOARDING SECONDARY 38 MPUNDU BARROWS MUCHINGA M 10 CHAMA BOARDING SECONDARY 39 MVULA EMMANUEL MUCHINGA M 8 CHAMA BOARDING SECONDARY 40 MVULA ELIAS KAMAI MUCHINGA M 11 CHAMA BOARDING SECONDARY 41 KUMWENDA BLESSINGS MANTHEPA F 10 CHAMA BOARDING SECONDARY 42 WITNESS CHABINGA MANTHEPA F 10 CHAMA BOARDING SECONDARY 43 JUSTIN CHABINGA MANTHEPA M 10 CHAMA BOARDING SECONDARY 44 JANET CHILEMBO MANTHEPA F 10 CHAMA BOARDING SECONDARY 45 CHIRWA MARIA MANTHEPA F 8 CHAMA BOARDING SECONDARY 46 KAKWENDE ELIZERBETH MANTHEPA F 10 CHAMA BOARDING SECONDARY 47 MTONGA TIMOTH MANTHEPA M 9 CHAMA BOARDING SECONDARY 48 MVULA BOYD MANTHEPA M 10 CHAMA BOARDING SECONDARY 49 NYIMBILI RODGERS MANTHEPA M 10 CHAAMA BOARDING SECONDARY 50 ALFRED CHABINGA NDUNDA M 10 CHAMA BOARDING SECONDARY SCHOOL 51 SAMUEL MUSUKWA KAPHEMBA M 10 CHAMA BOARDING SECONDARY SCHOOL 52 NAOMI NAOMI KAPHEMBA F 10 CHAMA BOARDING SECONDARY SCHOOL 53 LONDAN MKANDAWIRE KAPHEMBA M 10 CHAMA BOARDING SECONDARY SCHOOL 54 RITA MBALE KAPHEMBA F 10 CHAMA BOARDING SECONDARY SCHOOL 55 SOVESTAR KALEYA KAPHEMBA M 10 CHAMA BOARDING SECONDARY SCHOOL 56 MAUREEN NG’UNI KAPHEMBA F 10 CHAMA BOARDING SECONDARY SCHOOL 57 ROSTER BOTHA KAPHEMBA F 10 CHAMA BOARDING SECONDARY SCHOOL 58 LAZARUS NYIRENDA KAPHEMBA M 10 CHAMA BOARDING SECONDARY SCHOOL 59 JAMES KASANGA KAPHEMBA M 8 CHAMA BOARDING SECONDARY SCHOOL 60 DEBORA KALEYA KAPHEMBA F 8 CHAMA BOARDING SECONDARY SCHOOL 61 JOSEPHINE NKHOMA KAPHEMBA F 8 CHAMA BOARDING SECONDARY SCHOOL 62 ANGELA NGANJU KAPHEMBA F 8 CHAMA BOARDING SECONDARY SCHOOL 63 ISAAC GOMA KAPHEMBA M 10 CHAMA BOARDING SECONDARY SCHOOL 64 TEMBO HENRY KAPHEMBA M 8 CHAMA BOARDING SECONDARY SCHOOL 65 ANDREW MTONGA KAPHEMBA M 12 CHAMA BOARDING SECONDARY SCHOOL 66 ANGELA ZIMBA KAPHEMBA F 8 CHAMA BOARDING SECONDARY SCHOOL 67 ILESS BANDA KAPHEMBA F 12 CHAMA BOARDING SECONDARY SCHOOL 68 JACQUELINE ZIMBA KAPHEMBA F 12 CHAMA BOARDING SECONDARY SCHOOL 69 MARTA NG’AMBI KAPHEMBA F 8 CHAMA BOARDING SECONDARY SCHOOL 70 MARTIN MTONGA KAPHEMBA M 12 CHAMA BOARDING SECONDARY SCHOOL 71 GIFT NGAMBI KAPHEMBA F 8 CHAMA BOARDING SECONDARY SCHOOL 72 JORAAN NYIMBILI KAPHEMBA M 10 CHAMA BOARDING SECONDARY SCHOOL 73 DARISTO PHIRI KAPHEMBA M 11 CHAMA BOARDING SECONDARY SCHOOL 74 OBBY TEMBO KAPHEMBA M 10 CHAMA BOARDING SECONDARY SCHOOL 75 MEMORY ZIMBA KAPHEMBA F 10 CHAMA BOARDING SECONDARY SCHOOL 76 LUCAS KUMWENDA KAPHEMBA M 10 CHAMA BOARDING SECONDARY SCHOOL 77 NAOMI SIAKWALE KAPHEMBA 10 CHAMA BOARDING SECONDARY SCHOOL 78 SHEILER ZULU KAPHEMBA F 11 CHAMA BOARDING SECONDARY SCHOOL 79 VIOLET LUNGU KAPHEMBA F 10 CHAMA BOARDING SECONDARY SCHOOL 80 BLESSINGS GOMA KAPHEMBA F 8 CHAMA BOARDING SECONDARY SCHOOL 81 IREEN NG’UNI KAPHEMBA F 10 CHAMA BOARDING SECONDARY SCHOOL 82 CHARLES MUSONOYI KAPHEMBA M 8 CHAMA BOARDING SECONDARY SCHOOL 83 FRIDAH GONDWE KAPHEMBA F 10 CHAMA BOARDING SECONDARY SCHOOL 84 PRISCA MTONGA KAPHEMBA F 8 CHAMA BOARDING SECONDARY SCHOOL 85 PATIENCE NGAMBI KAPHEMBA F 11 CHAMA BOARDING SECONDARY SCHOOL 86 JONAS GOMA KAPHEMBA M 8 CHAMA BOARDING SECONDARY SCHOOL 87 CHARLES LUNGU KAPHEMBA M 8 CHAMA BOARDING SECONDARY SCHOOL 88 BLESSINGS CHILUNDIKA KAPHEMBA F 10 CHAMA BOARDING SECONDARY SCHOOL 89 MARY CHILUBA KAPHEMBA F 10 CHAMA BOARDING SECONDARY SCHOOL 90 ABGAIL GOMA KAPHEMBA F 10 CHAMA BOARDING SECONDARY SCHOOL 91 FANIS MKANDAWIRE KAPHEMBA F 10 CHAMA BOARDING SECONDARY SCHOOL 92 MUSUKWA SAMUEL KAPHEMBA M CHAMA BOARDING SECONDARY SCHOOL 93 DYNESS NJOBVU KAPHEMBA F CHAMA BOARDING SECONDARY SCHOOL 94 ALICK ZIMBA KAPHEMBA M CHAMA BOARDING SECONDARY SCHOOL 95 RICHARD MVULA KAPHEMBA M 10 CHAMA BOARDING SECONDARY SCHOOL 96 ALFRED NKHATA KAPHEMBA M 10 CHAMA BOARDING SECONDARY SCHOOL 97 MANDA GRACE KAOZI M 10 CHAMA BOARDING SECONDARY 98 GOMA SHANWELL KAOZI M 10 CHAMA BOARDING SECONDARY 99 GOMA MAZYO KAOZI M 10 CHAMA BOARDING SECONDARY 100 GOMA MAFASI KAOZI M 10 CHAMA BOARDING SECONDARY 101 NYIRENDA RUTH KAOZI F 10 CHAMA BOARDING SECONDARY 102 NYIRONGO HANSON KAOZI M 10 CHAMA BOARDING SECONDARY 103 NYIRENDA PETER KAOZI M 10 CHAMA BOARDING SECONDARY 104 NYIMBILI YOTAM KAOZI M 10 CHAMA BOARDING SECONDARY 105 MKANDAWIRE KAOZI M 10 CHAMA BOARDING SECONDARY 106 NYIMBILI FRIDAY KAOZI M 9 CHAMA BOARDING SECONDARY 107 NYIMBIRI MILIKA KAOZI F 12 CHAMA BOARDING SECONDARY 108 MBUZI MATHEW KAOZI M 8 CHAMA BOARDING SECONDARY 109 MDUMUKA MATSON KAOZI M 10 CHAMA BOARDING SECONDARY 110 GOMA MARTHA KAOZI F 12 CHAMA BOARDING SECONDARY 111 GOMA MABLE KAOZI F 10 CHAMA BOARDING SECONDARY 112 LUNGU JUDITH KAOZI F 8 CHAMA BOARDING SECONDARY 113 NKHATA JOYCE KAOZI F 10 CHAMA BOARDING SECONDARY 114 BOTHA GRACE KAOZI F 10 CHAMA BOARDING SECONDARY 115 KUMWENDA THANDIWE KAOZI F 10 CHAMA BOARDING SECONDARY 116 GOMA VICTORIA KAOZI F 11 CHAMA SOUTH BOARDING 117 NYIRENDA WATSON KAOZI M 11 CHAMA BOARDING SECONDARY 118 AUSTINE MDUMUKA KAOZI M 10 CHAMA BOARDING SECONDARY SCHOOL Skills Development Bursaries No. Name of Student Ward Sex (M/F) Name of Skill/Programme Level of Skill Training Institute (TEVET/ZNS) Training Institute(District) 1 MARKDONALD NYIRENDA MWALALA M BRICKLAYING & PLASTERING Certificate Trade Test III CHAMA YOUTH RESOURCE CENTRE CHAMA 2 MVULA MASTON KALINKHU M TAILORING Certificate Trade Test III CHAMA YOUTH RESOURCE CENTRE CHAMA 3 MKANDAWIRE ELIAS KALINKHU M BRICKLAYING & PLASTERING Certificate Trade Test III CHAMA YOUTH RESOURCE CENTRE CHAMA 4 MKANDAWIRE ANNA KAMPEMBA F TAILORING Certificate Trade Test III CHAMA YOUTH RESOURCE CENTRE CHAMA 5 NYIRENDA FAINA MWALALA F TAILORING Certificate Trade Test III CHAMA YOUTH RESOURCE CENTRE CHAMA 6 BOTHA MAYSON MWALALA M BRICKLAYING & PLASTERING Certificate Trade Test III CHAMA YOUTH RESOURCE CENTRE CHAMA 7 CHIPETA TIMOTHY KAMPEMBA M CARPENTRY & JOINERY TADE Certificate Trade Test III CHAMA YOUTH RESOURCE CENTRE CHAMA 8 NGUNI DANNY KAMPEMBA M BRICKLAYING & PLASTERING Certificate Trade Test III CHAMA YOUTH RESOURCE CENTRE CHAMA 9 SIMWABA SIMON KALINKHU M CARPENTRY & JOINERY TADE Certificate Trade Test III CHAMA YOUTH RESOURCE CENTRE CHAMA 10 BWALYA BENJAMIN MAZONDE M CARPENTRY & JOINERY TADE Certificate Trade Test III CHAMA YOUTH RESOURCE CENTRE CHAMA 11 ZIMBA FRANKWEL MWALALA M TAILORING Certificate Trade Test III CHAMA YOUTH RESOURCE CENTRE CHAMA 12 KALUBA GODON MWALALA M TAILORING Certificate Trade Test III CHAMA YOUTH RESOURCE CENTRE CHAMA 13 MBUZI MALUBA KALINKHU M BRICKLAYING & PLASTERING Certificate Trade Test III CHAMA YOUTH RESOURCE CENTRE CHAMA 14 KUMWENDA MICHEAL KALINKHU M BRICKLAYING & PLASTERING Certificate Trade Test III CHAMA YOUTH RESOURCE CENTRE CHAMA 15 MBEWE AMON KALINKHU M CARPENTRY & JOINERY TADE Certificate Trade Test III CHAMA YOUTH RESOURCE CENTRE CHAMA 16 MANDA JOSEPH KALINKHU M CARPENTRY & JOINERY TADE Certificate Trade Test III CHAMA YOUTH RESOURCE CENTRE CHAMA 17 SICHELA ALEX NDUNDA M BRICKLAYING & PLASTERING Certificate Trade Test III CHAMA YOUTH RESOURCE CENTRE CHAMA 18 KUMWENDA ISAAC NDUNDA M CARPENTRY & JOINERY TADE Certificate Trade Test III CHAMA YOUTH RESOURCE CENTRE CHAMA 19 MKANDAWIRE STAFORD KALINKHU M CARPENTRY & JOINERY TADE Certificate Trade Test III CHAMA YOUTH RESOURCE CENTRE CHAMA 20 CHILEMBO ABRAHAM KALINKHU M CARPENTRY & JOINERY TADE Certificate Trade Test III CHAMA YOUTH RESOURCE CENTRE CHAMA 21 MANDA VILI KALINKHU M BRICKLAYING & PLASTERING Certificate Trade Test III CHAMA YOUTH RESOURCE CENTRE CHAMA 22 MTONGA MAGGRET MANTHEPA F TAILORING Certificate Trade Test III CHAMA YOUTH RESOURCE CENTRE CHAMA 23 MUWOWO JACKOS MAZONDE M TAILORING Certificate Trade Test III CHAMA YOUTH RESOURCE CENTRE CHAMA 24 ZIMBA DONALD MWALALA M CARPENTRY & JOINERY TADE Certificate Trade Test III CHAMA YOUTH RESOURCE CENTRE CHAMA 25 MANDA EDWIN KALINKHU M COMPUTER STUDIES Certificate Trade Test II CHAMA YOUTH RESOURCE CENTRE CHAMA 26 SALU CHRISTINE KAMPEMBA F COMPUTER STUDIES Certificate Trade Test II CHAMA YOUTH RESOURCE CENTRE CHAMA 27 CHILEMBO JACKSON KAMPEMBA M COMPUTER STUDIES Certificate Trade Test II CHAMA YOUTH RESOURCE CENTRE CHAMA 28 CHISUPA WINNARD KAMPEMBA M COMPUTER STUDIES Certificate Trade Test II CHAMA YOUTH RESOURCE CENTRE CHAMA 29 TCHOTE TUMEYO KATYETYE KAMPEMBA M COMPUTER STUDIES Certificate Trade Test II CHAMA YOUTH RESOURCE CENTRE CHAMA 30 MULENGA JEFF KAMPEMBA M COMPUTER STUDIES Certificate Trade Test II CHAMA YOUTH RESOURCE CENTRE CHAMA 31 NGULUBE EVALYN KAMPEMBA F COMPUTER STUDIES Certificate Trade Test II CHAMA YOUTH RESOURCE CENTRE CHAMA 32 NGULUBE ROBERT MWALALA M CARPENTRY & JOINERY TADE Certificate Trade Test III CHAMA YOUTH RESOURCE CENTRE CHAMA 33 KATYETYE WIDSON KAOZI M HEAVY DUTY OPERATIONS Certificate Trade Test III CHAMA YOUTH RESOURCE CENTRE CHAMA 34 NKHATA ENOCK KAOZI M CARPENTRY & JOINERY TADE Certificate Trade Test I UKWIMI TRADES TRAINING INSTITUTE PETAUKE 35 LUNGU MADALISO MWALALA M TAILORING Certificate Trade Test III CHAMA YOUTH RESOURCE CENTRE CHAMA 36 FULILWA GIDEON MWALALA M BRICKLAYING & PLASTERING Certificate Trade Test III CHAMA YOUTH RESOURCE CENTRE CHAMA 37 KUMWENDA SIMON KAOZI M MECHANICS Certificate Trade Test I ZGANGANI KACHINGA YOUTH RESOURCE CENTRE LUNDAZI 38 GOMA FRANK MWALALA M CARPENTRY & JOINERY TADE Certificate Trade Test III CHAMA YOUTH RESOURCE CENTRE CHAMA 39 LUKELE FREZER KAMPEMBA M ELECTRICAL TECHNOLOGY Certificate Trade Test I CHIPATA TRADES TRAINING INSTITUTE CHIPATA 40 GOMA HENRY KAMPEMBA M GRADER MACHINE OPERATOR Certificate Trade Test III NIRVANA MUFULIRA 41 MUSUKWA GIVEN KAMPEMBA M EXCOVATOPR OPERATOR Certificate Trade Test III NIRVANA MUFULIRA 42 CHNADA ELIZABETH KAMPEMBA F COMPUTER STUDIES Certificate Test Test I ZGANGANI KACHINGA YOUTH RESOURCE CENTRE LUNDAZI 43 GOMA MIRRIAM MWALALA F COMPUTER STUDIES Certificate Trade Test III CHAMA YOUTH RESOURCE CENTRE CHAMA 44 ZUNDA JOSEPH KAMPEMBA M COMPUTER STUDIES Certificate Trade Test II CHAMA YOUTH RESOURCE CENTRE CHAMA 45 KALUBA SAMSON LUANGWA M AUTOMOTIVE ENGINEERING Certificate Test Test I LUKASHYA TRADE TRAINING INSTITUTET KABWE 46 LUNGU NTHEYE MWALALA M TAILORING Certificate Trade Test III CHAMA YOUTH RESOURCE CENTRE CHAMA 47 GOMA FELIX MANTHEPA M POWER ELECTRICAL Craft Certificate LUSAKA VOCATIONAL TRAINING CENTRE LUSAKA 48 BANDA KEZIOUS KALINKHU M COMPUTER STUDIES Certificate Trade Test II CHAMA YOUTH RESOURCE CENTRE CHAMA 49 SIMUTENDWA OSWARD LUANGWA M EXCAVATOPR OPERATOR Certificate Trade Test III NIRVANA MUFULIRA 50 KALUBA ELIZABERTH NDUNDA F COMPUTER STUDIES Certificate Trade Test II CHAMA YOUTH RESOURCE CENTRE CHAMA 51 CHABINGA ROBERT NDUNDA M COMPUTER STUDIES Certificate Trade Test II CHAMA YOUTH RESOURCE CENTRE CHAMA 52 PAUL LUONDE MPHALAUSENGA M AUTOMOTIVE MECHANICS Craft Certificate CHIPATA TRADES TRAINING INSTITUTE CHIPATA 53 MVULA PETER KAMPEMBA M AUTOMOTIVE ENGINEERING Craft Certificate CHIPATA TRADES TRAINING INSTITUTE CHIPATA 2023 Edit Community Projects No. Project Name Project Description Sector Type Ward Project Site/Location 1 POLICE MOTOR VEHICLE POLICE MOTOR VEHICLE DEFENCE procurement CHAMA NORTH ALL WARDS 2 DESKS FOR SCHOOLS DESKS FOR SCHOOLS EDUCATION procurement CHAMA NORTH ALL WARDS 3 PROVISION OF ELECTRICITY PROVISION OF ELECTRICITY SELECTED PUBLIC INSTITUTIONS UNDER CHAMA NORTH procurement CHAMA NORTH SELECTED WARDS 4 REFUSE BINS PROCUREMENT OF REFUSE BINS WASTE MANAGEMENT Procurement KAMPEMBA CHAMA CENTRAL 5 CDF RADIO SENSITIZATION PROGRAMME CDF RADIO SENSITIZATION PROGRAMME INFORMATION RADIO PROGRAMME CHAMA NORTH 6 AMBULANCE FOR HEALTH DEPARTMENT AMBULANCE FOR HEALTH DEPARTMENT HEALTH procurement CHAMA NORTH ALL WARDS 7 CHIEF MULILO PALACE CONSTRUCTION OF CHIEF MULILO PALACE TRADITONAL procurement Chisunga MULILO 8 HEALTH POST BETWEEN NCHUKA AND CHAFUKO AREA CONSTRUCTION OF HEALTH POST BETWEEN NCHUKA AND CHAFUKO WITH SOLAR POWER AND BOREHOLE HEALTH Construction MBAZI CHAFUKO/NCHUKA AREA 9 MATERNITY ANNEX AT CHIBALE CLINIC AND BOREHOLE UPGRADE SOLAR ELECTRIFICATION OF MATERNITY ANNEX AT CHIBALE CLINIC AND BOREHOLE UPGRADE HEALTH Construction NKHANKHA CHIBALE CLINIC 10 SEMI-DETACHED STAFF HOUSE FOR POLICE POST IN CHIBALE CONSTRUCTION OF SEMI-DETACHED STAFF FOR POLICE POST WITH SOLAR POWER HEALTH Construction NKHANKHA CHIBALE POLICE POST 11 BOREHOLE AT KAMBWILI HEALTH POST SOLAR ELECTRIFICATION OF KAMBWILI HEALTH POST AND BOREHOLE UPGRADE HEALTH Construction MPHALAUSENGA KAMBWILI HEALTH POST 12 HEALTH POST AT MALAMA CONSTRUCTION OF HEALTH POST AT MALAMA WITH SOLAR POWER HEALTH Construction KALINKHU MALAMA HEALTH POST 13 POST IN KAPEMBE COMMUNITY CONSTRUCTION OF HEALTH POST AT KAPEMBE WITH SOLAR POWER AND BOREHOLE HEALTH Construction MWALALA KAPEMBE HEALTH POST 14 BOREHOLE AT CHAMA POLICE STATION SOLAR POWERED BOREHOLE WITH CONCRETE STAND AT CHAMA POLICE STATION DEFENCE Construction KAMPHEMBA CHIBALE POLICE POST 15 TWO (2) BOREHOLES AT DUNGULUNGU AND  CHIMBILIMA DRILLING OF TWO (2) BOREHOLES AT DUNGULUNGU AND  CHIMBILIMA SANITATION Construction MPHALAUSENGA CHIMBILIMA AND DUNGULUNGU AREA 16 CLASS ROOM BLOCK AT CHAMA BOARDING SECONDARY SCHOOL COMPLETION OF CHAMA BOARDING 1X3 CRB EDUCATION completion KAMPHEMBA CHAMA BOARDING SECONDARY SCHOOL 17 CLASS ROOM BLOCK AT NTHONKHO PRIMARY SCHOOL CONSTRUCTION OF 1X3 CRB WITH SOLAR POWER AT NTHONKHO PRIMARY SCHOOL EDUCATION Construction KALINKHU NTHONKHO PRIMARY SCHOOL 18 KASANGANI CLASS ROOM BLOCK COMPLETION OF KASANGANI 1X3 CRB EDUCATION completion KAOZI KASANGANI PRIMARY SCHOOL 19 TWO (2) BOREHOLES AT KAVILELE VILLAGE AND CHAMBAMBA DRILLING OF TWO (2) BOREHOLES AT KAVILELE VILLAGE AND CHAMBAMBA SANITATION Construction MANTHEPA KAVILELE AND CHAMBAMBA VILLAGE 20 BOREHOLE AT TUKUTU COMMUNITY SCHOOL DRILLING OF BOREHOLE AT TUKUTU COMMUNITY SCHOOL SANITATION Construction MBAZI TUKUTU COMMUNITY SCHOOL 21 BANANA BOAT FOR CHISUNGA CROSSING POINT PROCUREMENT OF BANANA FOR CHISUNGA CROSSING POINT TRANSPORATION procurement Chisunga MULILO 22 CLASS ROOM BLOCK AT MULILO PRIMARY SCHOOL CONSTRUCTION OF 1X3 CRB WITH SOLAR POWER AT MULILO PRIMARY SCHOOL EDUCATION Construction Chisunga MULILO Disaster Component 49 BOREHOLE AT TUKUTU COMMUNITY SCHOOL DRILLING OF BOREHOLE AT TUKUTU COMMUNITY SCHOOL SANITATION Construction 50 BANANA BOAT FOR CHISUNGA CROSSING POINT PROCUREMENT OF BANANA FOR CHISUNGA CROSSING POINT TRANSPORATION procurement 51 CLASS ROOM BLOCK AT MULILO PRIMARY SCHOOL CONSTRUCTION OF 1X3 CRB WITH SOLAR POWER AT MULILO PRIMARY SCHOOL EDUCATION Construction Empowerment Grants S/N GROUP NAME WARD PROJECT NAME 1. Kaiwame Multipurpose Cooperative Society Kamphemba Village Banking 2. Telala Youth Group Kamphemba Village Banking 3. Chizembe Women’s Club Kamphemba Village Banking 4. Toka Toka Women’s Club Kamphemba Village Banking 5. Kamuna Women’s Club Kamphemba Village Banking 6. Kaneta Club Kamphemba Village Banking 7. Mtendele Women’s Club Kamphemba Village Banking 8. Taonga Women’s Club Kamphemba Village Banking 9. Mbamwabi Agricultural Cooperative Kamphemba Hummer Mill 10. Chizimba Multipurpose Cooperative Society Kamphemba Oil Expeller 11. Chimutengo Farmers Group Kamphemba Goat Rearing 12. Chalo Mbanthu Young Women Multipurpose Cooperative Kamphemba Goat Rearing 13. Tiwepo Women’s Club Kamphemba Goat Rearing 14. Chakulula Multipurpose Coooperative Society Kamphemba Goat Rearing 15. Kamunthowa Women’s Club Kamphemba Goat rearing 16. Nelace General Dealers Kamphemba Block Making Empowerment loans S/N NAME OF GROUP/COMPANY WARD TYPE OF PROJECTS APPLIED FOR 1. MUPUNGA WITHU MILLING CO-OPERATIVE LIMITED KAMPHEMBA RICE PROCESSING 2. LOSATITA GENERAL DEALERS KAMPHEMBA POULTRY 3. MAMA REGINA GENERAL DEALERS KAMPHEMBA BOUTIQUE 4. BYDON ZIMBA DRUG STORE KAMPHEMBA HARDWARE 5. LINGSTONE MWALE GENERAL DEALERS KAMPHEMBA CARPENRTY 6. FAMILY MEMBER TRADING KAMPHEMBA GROCERIES 7. BENJAZONE AGRO DEALERS KAMPHEMBA AGRO MARKETING 8. CHIBOMA D. ENTERPRISE KAMPHEMBA HARDWARE Secondary Boarding Bursaries No. Name of Pupil Ward Sex (M/F) Grade Name of School 1 FRIDAY MKANDAWIRE KALINKHU M 10 CHAMA BOARDING SEC 2 KELLY NJOVU KALINKHU F 10 CHAMA BOARDING SEC 3 MEYA NKHATA KALINKHU F 10 CHAMA BOARDING SEC 4 CALEB NYIMBILI KALINKHU M 10 CHAMA BOARDING SEC 5 ZUNDA BINFORD KALINKHU M 10 CHAMA BOARDING SEC 6 KONDWANI KUMWENDA KALINKHU M 10 CHAMA BOARDING SEC 7 RHODRICK KUMWENDA KALINKHU M 10 CHAMA BOARDING SEC 8 SAMSON MBUZI KALINKHU M 10 CHAMA BOARDING SEC 9 KAILE ENANI KALINKHU M 8 CHAMA BOARDING SEC 10 GOMA JOSEPH KALINKHU M 11 CHAMA BOARDING SEC 11 LEONARD GONDWE KAOZI M 10 CHAMA BOARDING SEC 12 JOSEPH MULAMBIA KAOZI M 10 CHAMA BOARDING SEC 13 TRYNESS KUMWENDA KAOZI F 10 CHAMA BOARDING SEC 14 CHABINGA TILISE KAOZI F 8 CHAMA BOARDING SEC 15 JACKSON GABRIEL LUNGU KAOZI M 10 CHAMA BOARDING SEC 16 ECKSON GOMA KAOZI M 8 CHAMA BOARDING SEC 17 JAMES MANDA KAOZI M 10 CHAMA BOARDING SEC 18 GOMA JANET KAOZI F 10 CHAMA BOARDING SEC 19 NKHOMA GIFT KAOZI M 10 CHAMA BOARDING SEC 20 NYIMBILI MODE KAOZI M 10 CHAMA BOARDING SEC 21 MUNGA GRACE KAOZI F 8 CHAMA BOARDING SEC 22 ZIMBA RABECCA KAOZI F 10 CHAMA BOARDING SEC 23 GOMA 1SAAC KAOZI M 11 CHAMA BOARDING SEC 24 GOMA WITNESS KAOZI F 10 CHAMA BOARDING SEC 25 NKHATA SAUDI KAOZI M 10 CHAMA BOARDING SEC 26 GOMA JAMES KAOZI M 10 CHAMA BOARDING SEC 27 LUNGU KALABA KAOZI M 11 CHAMA BOARDING SEC 28 NYIRENDA RACHEAL KAOZI F 10 CHAMA BOARDING SEC 29 RASHID NDHLOVU KAOZI M 11 CHAMA BOARDING SEC 30 MKANDAWIRE PANNY KAOZI F 10 CHAMA BOARDING SEC 31 MTONGA SUYA NDUNDA F 8 CHAMA BOARDING SEC 32 SIMWABA BYDON NDUNDA M 11 CHAMA BOARDING SEC 33 GOMA MALAMA NDUNDA M 11 CHAMA BOARDING SEC 34 MWANDILA NYANJE NDUNDA F 10 CHAMA BOARDING SEC 35 MWANDILA PHARLESSY NDUNDA F 10 CHAMA BOARDING SEC 36 NYIRENDA NELSON NDUNDA M 11 CHAMA BOARDING SEC 37 CHABINGA SHADRECK NDUNDA M 11 CHAMA BOARDING SEC 38 NKHOWANI LYTON NDUNDA M 10 CHAMA BOARDING SEC 39 NTHELE ASTRIDA NDUNDA F 10 CHAMA BOARDING SEC 40 LACKY MFULA MUCHINGA M 8 KENNETH KAUNDA PROVINCIAL STEM SCHOOL 41 AISHA MULENGA MUCHINGA F 10 CHAMA BOARDING SEC 42 CHINYAMA CHRISTABEL MUCHINGA F 8 CHAMA BOARDING SEC 43 ALICE NKHOWANI MUCHINGA F 10 CHAMA BOARDING SEC 44 NGULUBE MILIKA MUCHINGA F 10 CHAMA BOARDING SEC 45 GIFT NG’ONA MUCHINGA F 11 KENNETH KAUNDA PROVINCIAL STEM SCHOOL 46 JONATHAN GOMA MWALALA M 8 CHAMA BOARDING SEC 47 GOMA FYONDO MWALALA M 10 CHAMA BOARDING SEC 48 LOVENESS MVULA MWALALA F 11 CHAMA BOARDING SEC 49 THULU MILIKA MWALALA F 11 CHAMA BOARDING SEC 50 MISHECK NG’ANDU MWALALA M 10 CHAMA BOARDING SEC 51 DENSON GOMA MWALALA F 10 CHAMA BOARDING SEC 52 NATASHA ZIMBA MWALALA F 10 CHAMA BOARDING SEC 53 RODAH BANDA MWALALA F 10 CHAMA BOARDING SEC 54 DAVY KUMWENDA MPHALAUSENGA M 8 CHAMA BOARDING SEC 55 ZUNDA PAUL MPHALAUSENGA M 10 CHAMA BOARDING SEC 56 SICHOMBA SILVER MPHALAUSENGA M 10 CHAMA BOARDING SEC 57 BOTHA GETRUDE MPHALAUSENGA F 10 CHAMA BOARDING SEC 58 NKHATA BLESSING J MPHALAUSENGA F 8 CHAMA BOARDING SEC 59 ZIMBA ALICE MPHALAUSENGA F 9 CHAMA BOARDING SEC 60 GOMA WATSON MPHALAUSENGA M 10 CHAMA BOARDING SEC 61 FATIMA ZIMBA MPHALAUSENGA F 10 CHAMA BOARDING SEC 62 WARRANT KUMWENDA MPHALAUSENGA M 8 CHAMA BOARDING SEC 63 MOFFAT ZGAMBO JR MPHALAUSENGA M 10 CHAMA BOARDING SEC 64 PATRICIA MFUNE MPHALAUSENGA F CHAMA BOARDING SEC 65 JACOB ZIMBA MPHALAUSENGA M 10 MAGWERO 66 FANELY GOMA MPHALAUSENGA F 10 SONJA GIRLS SEC 67 LUCKNESS KACHALI MPHALAUSENGA F 11 CHAMA BOARDING SEC 68 MATSON KUMWENDA MPHALAUSENGA M 10 CHAMA BOARDING SEC 69 MARTHA MUMBA MPHALAUSENGA F 10 CHAMA BOARDING SEC 70 AUGUSTINE NG’UNI MPHALAUSENGA M 10 CHAMA BOARDING SEC 71 EUNICE KATUMBI MPHALAUSENGA F 8 CHAMA BOARDING SEC 72 CAROL CHIKOMAZGA MPHALAUSENGA F 8 CHAMA BOARDING SEC 73 ENOCK CHIKOMAZGA MPHALAUSENGA M 10 CHAMA BOARDING 74 THOMAS KACHALI MPHALAUSENGA M 10 CHAMA BOARDING SEC 75 ALICE GOMA MPHALAUSENGA F 10 CHAMA BOARDING SEC 76 SALOME MKANDAWIRE MPHALAUSENGA F 8 CHAMA BOARDING SEC 77 LYNESS GOMA MANTHEPA F 10 CHAMA BOARDING SEC 78 GLORY MTONGA MANTHEPA F 10 CHAMA BOARDING SEC 79 TERESA BANDA MANTHEPA F 10 CHAMA BOARDING SEC 80 GIFT KASANGA MANTHEPA M 10 CHAMA BOARDING SEC 81 CATHERINE NYIRENDA MBAZI F 10 CHAMA BOARDING SEC 82 MILDRED KALENGO NKHANKHA F 8 CHINSALI GIRLS SEC 83 KALUBA GRACE NKHANKHA F 10 KAWAMA BOARDING SEC 84 ANITA MKANDAWIRE KAMPHEMBA F 10 CHAMA BOARDING SEC 85 STEPHEN NYIRENDA KAMPHEMBA M 8 CHAMA BOARDING SEC 86 JOHN NKHOWANI C KAMPHEMBA M 10 CHAMA BOARDING SEC 87 MPHASO MFUNE KAMPHEMBA F 10 CHAMA BOARDING SEC 88 MIRRIAM KAMANGA KAMPHEMBA F 10 CHAMA BOARDING SEC 89 ENALAH GOMA KAMPHEMBA F 10 CHAMA BOARDING SEC 90 MAZUBA CHABINGA KAMPHEMBA M 11 CHAMA BOARDING SEC 91 BLESSING DAKA KAMPHEMBA M 8 CHAMA BOARDING SEC 92 MAPALO CHIPANTA KAMPHEMBA F 8 CHAMA BOARDING SEC 93 VINCENT KHUNGA KAMPHEMBA M 10 CHAMA BOARDING SEC 94 TAONGA KUMWENDA KAMPHEMBA F 9 CHAMA BOARDING SEC 95 MAZABA ENESS KAMPHEMBA F 10 CHAMA BOARDING SEC 96 BERTHA MTONGA KAMPHEMBA F 8 CHAMA BOARDING SEC 97 CHRISTINE GOMA KAMPHEMBA F 10 CHAMA BOARDING SEC 98 MEMORY KUMWENDA KAMPHEMBA F 8 CHAMA BOARDING SEC 99 ANGEL MUMBA KAMPHEMBA M 10 CHAMA BOARDING SEC 100 MISOZI DAKA KAMPHEMBA F 8 CHAMA BOARDING SEC 101 JOSEPH KUMWENDA KAMPHEMBA M 9 CHAMA BOARDING SEC 102 LYNESS MSIMUKO KAMPHEMBA F 8 CHAMA BOARDING SEC 103 NELLY MVULA KAMPHEMBA F 8 CHAMA BOARDING SEC 104 GABRIEL CHISOMO PHIRI KAMPHEMBA M 10 CHAMA BOARDING SEC 105 ZAKEYO NYIRENDA KAMPHEMBA M 10 CHAMA BOARDING SEC 106 MARGRET NJOVU KAMPHEMBA F 11 CHAMA BOARDING SEC 107 MAINET GOMA KAMPHEMBA F 8 CHAMA BOARDING SEC 108 TESTIMONY ZIMBA KAMPHEMBA M 11 CHAMA BOARDING SEC 109 CHARITY ZIMBA KAMPHEMBA M 8 CHAMA BOARDING SEC 110 MARY CHABINGA KAMPHEMBA F 10 CHAMA BOARDING SEC 111 FANNY MTONGA KAMPHEMBA F 10 CHAMA BOARDING SEC 112 TAONGA MTONGA KAMPHEMBA F 10 CHAMA BOARDING SEC 113 BERTHA MTONGA KAMPHEMBA F 8 CHAMA BOARDING SEC 114 MASAUSO PHIRI KAMPHEMBA M 10 CHAMA BOARDING SEC 115 AGNESS NYIMBILI CHISUNGA F 11 CHAMA BOARDING SEC Skills Development Bursaries No. Name of Student Ward Sex (M/F) Name of Skill/Programme Level of Skill Training Institute (TEVET/ZNS) Training Institute(District) 1 PETER LAZARUS KACHALI KAMPHEMBA M EXCAVATOR OPERATOR Certificate Trade Test III NIVIRVANA BUSINESS SOLUTIONS MUFULIRA 2 VICTOR CHILUMBU KAMPHEMBA M EXCAVATOR OPERATOR Certificate Trade Test III NIVIRVANA BUSINESS SOLUTIONS MUFULIRA 3 TWIGSEN ZIMBA KAMPHEMBA M FRONT END LOADER OPERATOR Certificate Trade Test III NIRVANA BUSINESS SOLUTIONS MUFULIRA 4 LACKSON MAZABA KAMPHEMBA M MOTOR GRADER OPERATOR Certificate Trade Test III NIRVANA BUSINESS SOLUTIONS MUFULIRA 5 ISAAC GOMA KAMPHEMBA M TRACTOR LOADER BACK (TLB) Certificate Trade Test III NIRVANA BUSINESS SOLUTIONS MUFULIRA 6 PANJI SALU KAMPHEMBA M EXCAVATOR OPERATOR Certificate Trade Test III NIRVANA BUSINESS SOLUTIONS MUFULIRA 7 ANDREW KUMWENDA KAMPHEMBA M EXCAVATOR OPERATOR Certificate Trade Test III NIRVANA BUSINESS SOLUTIONS MUFULIRA 8 MUBITA MUNGOLE KAMPHEMBA M TRACTOR LOADER BACK HOE (TLB) Certificate Trade Test III NIRVANA BUSINESS SOLUTIONS MUFULIRA 9 DONALD MVULA JR KAMPHEMBA M FRONT END LOADER OPERATOR Certificate Trade Test III NIRVANA BUSINESS SOLUTIONS MUFULIRA 10 DAVY KAWANGA KAMPHEMBA M GRADER OPERATOR Certificate Trade Test III NIRVANA BUSINESS SOLUTIONS MUFULIRA 11 DAVY LUNGU KAMPHEMBA M GRADER OPERATOR Certificate Trade Test III NIRVANA BUSINESS SOLUTIONS MUFULIRA 12 FREEZER LUKHELE KAMPHEMBA M DRIVING Certificate Trade Test III UKWIMI TRADES PETAUKE 13 ALFRED KANDINDA KAMPHEMBA M PLUMBING Craft Certificate UKWIMI TRADES PETAUKE 14 CHIPOKA MACKENZIE KAMPHEMBA M DRIVING Certificate Trade Test III UKWIMI TRADES PETAUKE 15 EVANS NFHLOVU KAMPHEMBA M COMPUTER STUDIES Certificate Trade Test II CHAMA YOTUH RESOURCE CHAMA 16 NORMAN PHIRI KAMPHEMBA M FRONT-END LOADER Certificate Trade Test III NIRVANA LUSAKA 17 DAPHLESS MUNYENYEMBE KAMPHEMBA M DESIGN, CUTTING AND TAILORING Certificate Trade Test II CHAMA YOUTH RESOURCE CENTRE CHAMA 18 TOM NYIRENDA KAMPHEMBA M METAL FABRICATION Certificate Trade Test I KABWE INSTITUTE OF TECHNOLOGY KABWE 19 WITNESS NYASULU KAMPHEMBA F TAILORING Certificate Trade Test II CHAMA YOUTH RESOURCE CENTRE CHAMA 20 STELLA MBALE KAMPHEMBA F CERTIFICATE IN COMMUNITY DEVELOPMENT Craft Certificate COMMUNITY DEVELOPMENT TRAINING COLLEGE MONZE 21 FASWELL PHIRI KAMPHEMBA M CRAFT CERTIFICATE IN HEAVY DUTY EQUIPMENT REPAIR Diploma NORTEC NDOLA 22 SIMON KALUMBA KAMPHEMBA M HEAVY EQUIPMENT OPERATOR Certificate Trade Test III NIRVANA LUSAKA 23 JAPHET ZIMBA NKHANKHA M CRAFT CERTIFICATE MECHANICS Certificate Trade Test I ISOKA TRADES ISOKA 24 DALISO KALEYA MPHALAUSENGA M GRADER OPERATOR Certificate Trade Test III NIRVANA BUSINESS SOLUTION MUFULIRA 25 ALFRED KALEYA MPHALAUSENGA M CRAFT CERTIFICATE MECHANICS Certificate Trade Test I CHIPATA TRADES TRAINING INSTITUTE CHIPATA 26 BORNFACE NGULUBE MPHALAUSENGA M GRADER OPERATOR Certificate Trade Test III NIRVANA BUSINESS SOLUTION MUFULIRA 27 ZUNDA AMON MPHALAUSENGA M CERTIFICATES IN AUTOMOTIVE ENGINEERING Certificate Trade Test I CHIPATA TRADES TRAINING INSTITUTE CHIPATA 28 ZACKS KALUMBI MPHALAUSENGA M CRAFT CERTIFICATE GENERAL AGRICULTURE Certificate Trade Test I CHIPATA TRADES TRAINING INSTITUTE CHIPATA 29 DONALD ZIMBA MPHALAUSENGA M CERTIFICATES IN AUTOMOTIVE ENGINEERING Certificate Trade Test I ISOKA TRADES ISOKA 30 EDWARD KACHALI MPHALAUSENGA M CRAFT CERTIFICATE GENERAL AGRICULTURE Certificate Trade Test I CHIPATA TRADES CHIPATA 31 SHADRECK NYIRENDA MWALALA M GRADER OPERATOR Certificate Trade Test III NIRVANA BUSINESS SOLUTIONS MUFULIRA 32 ROBERT NYIRENDA MWALALA M GRADER OPERATOR Certificate Trade Test III NIRVANA BUSINESS SOLUTIONS MUFULIRA 33 MOSES KUMWENDA MWALALA M GRADER OPERATOR Certificate Trade Test III NIRVANA BUSINESS SOLUTIONS MUFULIRA 34 ISAAC GOMA MWALALA M CARPENTRY AND JOINERY Certificate Trade Test II CHAMA YOUTH RESOURCE CHAMA 35 CLARA LUINDA KAOZI F COMPUTER STUDIES Certificate Trade Test II CHAMA YOUTH RESOURCE CHAMA 36 MATHEWS KALALA MVULA MWALALA M DRIVING NIRVANA BUSINESS SOLUTIONS MUFULIRA 37 MARGRET LAMPI KAOZI F DESIGNING AND TAILORING Certificate Trade Test II CHAMA YOUTH RESOURCE CHAMA 38 MARY BOTHA KAOZI F COMPUTER STUDIES Certificate Trade Test II CHAMA YOUTH RESOURCE CHAMA 39 SUNDAY SIMFUKWE LUANGWA M DRIVING Certificate Trade Test III LUKASYA TRADE TRAINING INSTITUTE KASAMA 40 ISAAC SIMWANZA LUANGWA M DRIVING Certificate Trade Test III LUKASYA TRADE TRAINING INSTITUTE KASAMA 41 THOMAS MUHINDI JR NKHANKHA M CRAFT CERTIFICATE IN ELECTRICAL Craft Certificate ISOKA TRADES ISOKA 42 SMART KALUBA NKHANKHA M AUTOMATIVE MECHANICS Craft Certificate ISOKA TRADES ISOKA 43 MEDARDO TEMBO KAPHEMBA M PLUMBING Craft Certificate UKWIMI TRADES PETAUKE 44 LEWIS SINDA KAPHEMBA M TRUCKER LOADER BACKHOE OPERATOR Certificate Trade Test III NIRVANA BUSINESS SOLUTIONS MUFULIRA 45 TOM PHIRI KAPHEMBA M CRAFT CERTIFICATE ELECTRICAL ENGINEERING Certificate Trade Test I ISOKA TRADES ISOKA 46 JAMES NG’UNI KAOZI M COMPUTER STUDIES Certificate Trade Test II CHAMA YOUTH RESOURCE CHAMA 47 KALIZA KUMWENDA KAOZI M AUTOMOTIVE MECHANICS Diploma LUSAKA BUSINESS AND  TECHNICAL COLLEGE LUSAKA 48 JEREMIAH J NYIRENDA KAOZI M ELECTRICAL ENGINEERING Diploma NORTEC LUSAKA 49 MADALITSO LUNGU KAPHEMBA M DRIVING Certificate Trade Test III NIRVANA BUSINESS SOLUTION MUFURILA Chama South Constituency Edit 2022 Edit Community Projects No. Project Name Project Description Sector Type District Constituency Ward Project Site/Location HEALTH POST IN MANDAHILL ZONE CONSTRUCTION OF A HEALTH POST IN MANDAHILL ZONE HEALTH Construction CHAMA CHAMA SOUTH CHILUBALUBA MandaHill STAFF HOUSE AT MANDAHILL HEALTH POST CONSTRUCTION OF STAFF HOUSE AT MANDAHILL HEALTH POST EDUCATION Construction CHAMA CHAMA SOUTH CHILUBALUBA MandaHill DORMITORY AT KALOVYA DAY SECONDARY SCHOOL CONSTRUCTION OF A DORMITORY AT KALOVYA DAY EDUCATION Construction CHAMA CHAMA SOUTH CHILUBALUBA Kalovya CLASSROOM BLOCK AT LUCHENGA COMMUNITY SCHOOL CONSTRUCTION OF 1X3 CLASSROOM BLOCK AT LUCHENGA COMMUNITY SCHOOL EDUCATION Construction CHAMA CHAMA SOUTH LUNZI Luchenga CLASSROOM BLOCK IN CHIZIZI ZONE CONSTRUCTION OF 1X3 CLASSROOM BLOCK IN CHIZIZI ZONE EDUCATION Construction CHAMA CHAMA SOUTH LUNZI Chizizi TWO STAFF HOUSES AT ZANGWA PRIMARY SCHOOL CONSTRUCTION OF TWO STAFF HOUSE AT ZANGWA PRIMARY SCHOOL EDUCATION Construction CHAMA CHAMA SOUTH CHIBUNGWE Zangwa HEALTH POST AT NKHOKA IN CHIBUNGWE ZONE CONSTRUCTION OF A HEALTH POST AT NKHOKA IN CHIBUNGWE HEALTH Construction CHAMA CHAMA SOUTH CHIBUNGWE Nkhoka LUNGA HEALTH POST CONSTRUCTION OF LUNGA HEALTH POST HEALTH Construction CHAMA CHAMA SOUTH LUMEZI Lunga STAFF HOUSE AT LUNGA HEALTH POST CONSTRUCTION OF A STAFF HOUSE AT LUNGA HEALTH POST HEALTH Construction CHAMA CHAMA SOUTH LUMEZI Lunga HEALTH POST IN CHIMPAMBA CONSTRUCTION OF A HEALTH POST IN CHIMPAMBA HEALTH Construction CHAMA CHAMA SOUTH LUMEZI Chimpamba STAFF HOUSE AT CHIMPAMBA HEALTH POST CONSTRUCTION OF A STAFF HOUSE AT CHIMPAMBA HP HEALTH Construction CHAMA CHAMA SOUTH LUMEZI Chimpamba STAFF HOUSE AT KANYOLONYOLO PRIMARY SCHOOL CONSTRUCTION OF A STAFF HOUSE AT KANYOLONYOLO PRIMARY SCHOOL EDUCATION Construction CHAMA CHAMA SOUTH CHILENJE Chifunda STAFF HOUSE AT CHIFUNDA DAY CONSTRUCTION OF A STAFF HOUSE AT CHIFUNDA DAY EDUCATION Construction CHAMA CHAMA SOUTH CHILENJE Chifunda CLASSROOM BLOCK AT CHIFUNDA DAY SECONDARY SCHOOL CONSTRUCTION OF 1X3 CLASSROOM BLOCK AT CHIFUNDA DAY EDUCATION Construction CHAMA CHAMA SOUTH CHILENJE Chifunda MATERNITY WING AT PONDO HEALTH POST CONSTRUCTION OF A MATERNITY WING AT PONDO HEALTH Construction CHAMA CHAMA SOUTH Chipala Pondo CLASSROOM BLOCK AT CHASATO PRIMARY SCHOOL CONSTRUCTION OF 1X3 CLASSROOM BLOCK AT CHASATO PRIMARY EDUCATION Construction CHAMA CHAMA SOUTH VILIMUKULU Chasato CLASSROOM BLOCK AT CHIGOMA PRIMARY SCHOOL CONSTRUCTION OF 1X3 CLASSROOM BLOCK AT CHIGOMA PRIMARY EDUCATION Construction CHAMA CHAMA SOUTH VILIMUKULU Chigoma STAFF HOUSE FOR CLINIC AT KALASA HEALTH POST CONSTRUCTION OF A STAFF HOUSE FOR CLINIC AT KALASA HP HEALTH Construction CHAMA CHAMA SOUTH MAPAMBA Kalasa CLASSROOM BLOCK AT CHITEMWA PRIMARY SCHOOL CONSTRUCTION OF 1X3 CLASSROOM BLOCK AT CHITEMWA PRIMARY EDUCATION Construction CHAMA CHAMA SOUTH MAPAMBA Chitemwa STAFF HOUSE AT NG’ANJO BAZIMU HEALTH POST CONSTRUCTION OF A STAFF HOUSE AT NG’ANJO BAZIMU HEALTH POST HEALTH Construction CHAMA CHAMA SOUTH MABINGA Ng’anjo Bazimu MARKET SHELTER IN TEMBWE CENTRAL CONSTRUCTION OF A MARKET SHELTER IN TEMBWE COMMERCE Construction CHAMA CHAMA SOUTH MABINGA Tembwe VIP TOILETS AT TEMBWE MARKET SHELTER CONSTRUCTION OF VIP TOILETS AT TEMBWE MARKET SHELTER COMMERCE Construction CHAMA CHAMA SOUTH MABINGA Tembwe MATERNITY ANNEX AT MUNDALANGA HEALTH POST CONSTRUCTION OF MUNDALANGA MATERNITY ANNEX HEALTH Construction CHAMA CHAMA SOUTH BAZIMU Mundalanga CHAMPHANDA PRIMARY SCHOOL CONSTRUCTION OF A 1X3 AT CHAMPHANDA PRIMARY SCHOOL EDUCATION Construction CHAMA CHAMA SOUTH BAZIMU Mundalanga STAFF HOUSE AT CHAMPANDA COMMUNITY SCHOOL CONSTRUCTION OF STAFF HOUSE AT CHAMPANDA COMMUNITY SCHOOL HEALTH Construction CHAMA CHAMA SOUTH BAZIMU Mundalanga CLASSROOM BLOCK AT KAPHAMPHA PRIMARY CONSTRUCTION OF 1X3 CLASSROOM BLOCK AT KAPHAMPHA PRIMARY EDUCATION Construction CHAMA CHAMA SOUTH LUPAMAZI Kaphampa STAFF HOUSE AT ZIBAMBALE PRIMARY SCHOOL CONSTRUCTION OF A STAFF HOUSE AT ZIBAMBALE PRIMARY EDUCATION Construction CHAMA CHAMA SOUTH LUPAMAZI Zibambale Disaster Component Empowerment Grants s/n Name of  Group Type of  Group (Women/Youth/community) Total Number of Members Ward Contact Person-Group Leader (Name) Type of Venture(specify) Sector Remarks 1 MUBABA WOMENS CLUB WOMENS 10 BAZIMU TAMALA BOTHA VILLAGE BANKING MONEY LENDING PAID 2 MPHULIKISHE MULTI-PURPOSE COMMUNITY 14 BAZIMU DAUTI ZIMBA CHICKEN REARING AGRICULTURE PAID 3 TASUZIKA YOUTH CLUB YOUTH 10 BAZIMU NG’UNI EVA GOAT REARING AGRICULTURE PAID 4 TISANGWEPO  FARMERS GROUP WOMENS 10 BAZIMU BEATRICE MAZABA VILLAGE BANKING MONEY LENDING PAID 5 TRIUMPH GENERATION FARMERS YOUTH CLUB YOUTH 14 BAZIMU NKHATA LYFECE FARMING AGRICULTURE PAID 6 LUSUNGU WOMENS WOMENS 10 BAZIMU EFULINA GOMA OIL PROCESSING MACHINE PRODUCTION PAID 7 ISE MULTI-PURPOSE COMMUNITY 19 BAZIMU EMELY NYIRENDA VILLAGE BANKING MONEY LENDING PAID 8 NUNDWE MULTI-PURPOSE COOPERATIVE SOCIETY COMMUNITY 10 BAZIMU GERAD NG’UNI CATTLE REARING AGRICULTURE PAID 9 KAMAJIKATUBA MULTI-PURPOSE COOPERATIVE SOCIETY COMMUNITY 10 BAZIMU ZILEKENI BANDA HAMMER MILL PRODUCTION PAID 10 KABOJELA WOMENS CLUB WOMENS 15 BAZIMU ALICE NYIRENDA RETAIL AGRO-BUSINESS BUSINESS PAID 11 LINDILA YOUTH CLUB YOUTH 10 BAZIMU MABVUTO G MAZABA MEALIE MEAL PRODUCTION PRODUCTION PAID 12 CHITEBA COOPERATIVE COMMUNITY 47 MABINGA MOSES GONDWE COOKING OIL EXPELER PRODUCTION PAID 13 CHIMUNTHUZI WOMENS COMMUNITY 15 MABINGA SUSAN KUMWENDA PIGGERY PRODUCTION PAID 14 BAKHALE COOPERATIVE COMMUNITY 21 MABINGA KUMWENDA RODGERS VILLAGE BANKING MONEY LENDING PAID 15 TEMBWE CENTRAL COOPERATIVE COMMUNITY 30 MABINGA CACIOUS LUHANGA PIGGERY AGRICULTURE PAID 16 KANDANDE YOUTH GROUP YOUTH 19 MABINGA ERICK MKANDAWIRE GOAT REARING PRODUCTION PAID 17 TRUTH WOMENS GROUP WOMENS 15 MABINGA MERCY NKHATA CHICKEN REARING PRODUCTION PAID 18 KAPATAMOYOUYU COOPERATIVE YOUTH 35 MABINGA NKHOWANI WEGGY RETAIL AGRO-BUSINESS BUSINESS PAID 19 KABILUBILU COOPERATIVE COMMUNITY 30 MABINGA MVULA MATTHEWS RETAIL AGRO-BUSINESS BUSINESS PAID 20 TIBAONGE WOMENS CLUB WOMENS 10 MABINGA GONGWE MOLACI HAMMER MILL PRODUCTION PAID 21 CHINGWALI MULTIPURPOSE COOPAERTIVE SOCIETY COMMUNITY 50 MABINGA JIMMY NG’UNI HAMMER MILL PRODUCTION PAID 22 TIGWILIZANE MULTIPURPOSE COOPERATIVE SOCIETY COMMUNITY 10 MABINGA MARY MBUZI HAMMER MILL PRODUCTION PAID 23 CHIZIZI AGRICULTURAL COOPERATIVE COMMUNITY 52 MABINGA GILLBERT MANDA PIGGERY AGRICULTURE PAID 24 ZANINGE WOMENS WOMENS 10 LUPAMAZI MARTHA BANDA VILLAGE BANKING MONEY LENDING PAID 25 TIKONDANE WOMENS WOMENS 10 LUPAMAZI MERCY NGULUBE PIGGERY AGRICULTURE PAID 26 NKONGONO WOMENS CLUB WOMENS 10 LUPAMAZI RABECCA MTONGA RETAIL AGRO-BUSINESS BUSINESS PAID 27 KAMBEBA MULTIPURPOSE COMMUNITY 10 LUPAMAZI DANNY ZIMBA FISH FARMING AGRICULTURE PAID 28 TIONENGE COOPERATIVE COMMUNITY 10 LUPAMAZI SIMON C LUHANGA SEWING MACHINE BUSINESS PAID 29 KAMAGI WOMENS CLUB WOMENS 10 LUPAMAZI ROSE MUNGANDU HAMMER MILL PRODUCTION PAID 30 ZIBAMBALE WOMEN’S GROUP WOMENS 10 LUPAMAZI LISTER MAZABA VILLAGE BANKING MONEY LENDING PAID 31 KAMBEZI COOPERATIVE COMMUNITY 30 LUMEZI MACDONALD MTONGA FISH FARMING AGRICULTURE PAID 32 MALANYILA COOPERATIVE COMMUNITY 10 LUMEZI DAINA TEMBO CHICKEN REARING PRODUCTION PAID 33 TIGWILIZANE ZOOLE WOMENS WOMENS 10 LUMEZI MTONGA ROISE VILLAGE BANKING MONEY LENDING PAID 34 LUANGWA WOMENS CLUB WOMENS 15 LUMEZI NKHOWANI ESINALE CHICKEN REARING PRODUCTION PAID 35 NTHEMBEZANI MULTIPURPOSE COOPERATIVE SOCIETY LIMITED COMMUNITY 19 LUMEZI MOSES NYIRENDA CHICKEN REARING PRODUCTION PAID 36 LUNKHA MULTIPURPOSE COOPERATIVE COMMUNITY 31 LUMEZI ZUNDA GERALD BEE KEEPING (HONEY PRODUCTION) AGRICULTURE PAID 37 KAMIBILI YOUTH GROUP YOUTH 10 CHIPALA ISAAC LUNGU HAMMER MILL PRODUCTION PAID 38 TIMANYANE WOMENS CLUB WOMENS 30 CHIPALA FRANK MVULA HAMMER MILL PRODUCTION PAID 39 TIMEKE WOMENS CLUB WOMENS 10 CHIPALA CHIBANGA JULIET HAMMER MILL PRODUCTION PAID 40 LILUNDI WOMEN’S CLUB WOMENS 10 CHIPALA MTONGA KETTY COOKING OIL PRODUCTION (OIL EXPELLER) PRODUCTION PAID 41 MAKOEZI MULTIPURPOSE COOPERATIVE COMMUNITY 10 LUNZI NICKSON GOMA OIL PROCESSING MACHINE PRODUCTION PAID 42 CHAMDAKU MULTIPURPOSE COOPERATIVE COMMUNITY 10 LUNZI LUCHENGA NYIRENDA POULTRY BUSINESS PRODUCTION PAID 43 KAUNDU MULTIPURPOSE COOPERATIVE COMMUNITY 55 LUNZI CHENDA NJOBVU CHICKEN REARING AGRICULTURE PAID 44 JUNGULA COOPERATIVE COMMUNITY 10 CHILENJE NELSON NKHATA CHICKEN REARING AGRICULTURE PAID 45 KAMSIME WOMEN’S MULTI-PURPOSE COOPERATIVE WOMENS 23 CHILENJE LONAH NKHOMA CHICKEN REARING AGRICULTURE PAID 46 ZEBE COOPERATIVE COMMUNITY 10 CHILENJE RENSON NKHOMA CHICKEN REARING AGRICULTURE PAID 47 KANGOLOBOZI WOMEN’S COOPERATIVE WOMENS 11 CHILENJE TAMALILAPO NKHOWANI RETAIL AGRO-BUSINESS BUSINESS PAID 48 MUZUBULA MULTIPURPOSE COOPERATIVE COMMUNITY 10 CHILENJE EVANS SAKARA COOKING OIL PRODUCTION PRODUCTION PAID 49 NTHALUMBA COOPERATIVE COMMUNITY 10 CHILENJE APTON MAKAMU AGRO BUSINESS (AGRO-SHOP) BUSINESS PAID 50 LUTEZA COOPERATIVE CLUB 10 CHIBUNGWE ALLAN MSIMUKO HAMMER MILL PRODUCTION PAID 51 KANAMBUWA COOPERATIVE COMMUNITY 23 CHIBUNGWE WATSON KUMWENDA CHICKEN REARING AGRICULTURE PAID 52 TAMANYAULI WOMENS WOMENS 10 CHIBUNGWE KOLIDA MVULA GOAT REARING AGRICULTURE PAID 53 KAYELA FARMERS-SALAULA COMMUNITY 35 CHIBUNGWE SMART KASHOMBE CHICKEN REARING AGRICULTURE PAID 54 CHIPOKA FARMERS GROUP COMMUNITY 10 CHIBUNGWE JOSEPH LUSALE CHICKEN REARING AGRICULTURE PAID 55 KAKOMBOZI MULTIPURPOSE COOPERATIVE COMMUNITY 11 CHIBUNGWE ESAU NGALA POULTRY BUSINESS PRODUCTION PAID 56 KALIMULILO MULTI-PURPOSE COMMUNITY 10 MAPAMBA FEDSON NKHOMA CHICKEN REARING AGRICULTURE PAID 57 MAMPHULU WOMENS CLUB WOMENS 10 MAPAMBA MBUWA LUNGU OIL PROCESSING MACHINE PRODUCTION PAID 58 MUKWEZI MULTIPURPOSE COOPERATIVE SOCIETY COMMUNITY 10 MAPAMBA NKHOWANI JOSEPH COOKING OIL PRODUCTION PRODUCTION PAID 59 CHANGALIWE MULTIPURPOSE COOPERATIVE COMMUNITY 50 VILIMUKULU GOMA GENESIS VILLAGE BANKING MONEY LENDING PAID 60 TITHANDIZANE WOMENS CLUB WOMENS 14 VILIMUKULU KAWAMA GOMA CHICKEN REARING PRODUCTION PAID 61 NEW MANDA HILL MULTIPURPOSE COMMUNITY 10 CHILUBALUBA RODWELL KALUBA VILLAGE BANKING MONEY LENDING PAID 62 GIRLS AND BOYS ARISE FOUNDATION ASSOCIATION YOUTH 15 CHILUBALUBA MICHEAL NDHLOVU FISH FARMING AGRICULTURE PAID 63 TISANGE FARMERS GROUP COMMUNITY 11 CHILUBALUBA ELIAS ZGAMBO VILLAGE BANKING MONEY LENDING PAID 64 CHIBANDE COOPERATIVE SOCIETY COMMUNITY 26 CHILUBALUBA STEPHEN LUNGU HAMMER MILL PRODUCTION PAID 65 MUCHENGA FARMERS GROUP COMMUNITY 10 CHILUBALUBA GRACE MBALE PIGGERY AGRICULTURE PAID 66 FYOFYO FARMERS GROUP COMMUNITY 10 CHILUBALUBA MAPOPA KUMWENDA CHICKEN REARING AGRICULTURE PAID 67 CHEZI MULTIPURPOSE COOPERATIVE COMMUNITY 16 CHILUBALUBA DAVIES MKANDAWIRE CHICKEN REARING AGRICULTURE PAID 68 TIGWILIZANE FARMERS GROUP COMMUNITY 21 CHILUBALUBA LAYMAN NYIRENDA GARDENING (FARMING) AGRICULTURE PAID 69 KAZGAMILA FARMERS GROUP COMMUNITY 17 CHILUBALUBA EDSON ZGAMBO VILLAGE BANKING MONEY LENDING PAID 70 CHATHONSE MULTIPURPOSE SOCIETY COMMUNITY 34 CHILUBALUBA ESNART ZULU GARDENING (FARMING) AGRICULTURE PAID 71 TIONELEPO COOPERATIVE WOMENS 10 CHILUBALUBA BINWA KASARO COOKING OIL PRODUCTION PRODUCTION PAID Empowerment Loans Secondary Boarding Bursaries No. Name of Pupil Ward Sex (M/F) Grade Name of School School Location(District) 1 BRIGHT SAKALA CHILENJE M 8 CHAMA SOUTH BOARDING SECONDARY CHAMA 2 JOSEPH NYIRENDA CHILENJE M 9 CHAMA SOUTH BOARDING SECONDARY CHAMA 3 STEPHEN LUNGU CHILENJE M 9 CHAMA SOUTH BOARDING SECONDARY CHAMA 4 MAPALO ZULU CHILENJE M 9 CHAMA SOUTH BOARDING SECONDARY CHAMA 5 JANET ZIMBA CHILENJE F 9 CHAMA SOUTH BOARDING SECONDARY CHAMA 6 KELVIN NGULUBE CHILENJE M 9 CHAMA SOUTH BOARDING SECONDARY CHAMA 7 SOFT LUNGU CHILENJE M 10 CHAMA SOUTH BOARDING SECONDARY CHAMA 8 MELISA ZIMBA CHILENJE F 9 CHAMA SOUTH BOARDING SECONDARY CHAMA 9 MEDSON SANYAMBE CHILENJE M 9 CHAMA SOUTH BOARDING SECONDARY CHAMA 10 CODRINGTON SINKALA CHILENJE M 9 CHAMA SOUTH BOARDING SECONDARY CHAMA 11 SUZYO SAKALA CHILENJE M 9 CHAMA SOUTH BOARDING SECONDARY CHAMA 12 OSWARD  NKHANJOLA CHILENJE M 9 CHAMA SOUTH BOARDING SECONDARY CHAMA 13 PHILIP GOMA CHILENJE M 8 CHAMA SOUTH BOARDING SECONDARY CHAMA 14 PANJI NGUNI CHILENJE M 8 CHAMA SOUTH BOARDING SECONDARY CHAMA 15 ISAAC NGUNI CHILENJE M 8 CHAMA SOUTH BOARDING SECONDARY CHAMA 16 GIBCON NGUNI CHILENJE M 8 CHAMA SOUTH BOARDING SECONDARY CHAMA 17 GIFT BANDA CHILENJE M 8 CHAMA SOUTH BOARDING SECONDARY CHAMA 18 TROUBLE NGONA CHILENJE M 8 CHAMA SOUTH BOARDING SECONDARY CHAMA 19 GETRUDE NGULUBE CHILENJE F 8 CHAMA SOUTH BOARDING SECONDARY CHAMA 20 WINDSON NGUNI CHILENJE M 8 CHAMA SOUTH BOARDING SECONDARY CHAMA 21 JOHN NGUNI CHILENJE M 9 CHAMA SOUTH BOARDING SECONDARY CHAMA 22 LONDON NGUNI CHILENJE M 9 CHAMA SOUTH BOARDING SECONDARY CHAMA 23 ELINA NGUNI CHILENJE F 9 CHAMA SOUTH BOARDING SECONDARY CHAMA 24 CATHERINE NGULUBE CHILENJE F 8 CHAMA SOUTH BOARDING SECONDARY CHAMA 25 GRERY NGULUBE CHILENJE M 9 CHAMA SOUTH BOARDING SECONDARY CHAMA 26 SUZYO MKHUNDE CHILENJE M 9 CHAMA SOUTH BOARDING SECONDARY CHAMA 27 BUMBI NKHOMA CHILENJE M 9 CHAMA SOUTH BOARDING SECONDARY CHAMA 28 KENNETH MUTHALI CHILENJE M 8 CHAMA SOUTH BOARDING SECONDARY CHAMA 29 LASO NHKOMA CHILENJE M 8 CHAMA SOUTH BOARDING SECONDARY CHAMA 30 THOMAS SAKALA CHILENJE M 8 CHAMA SOUTH BOARDING SECONDARY CHAMA 31 RODGERS ZIMBA CHILENJE M 8 CHAMA SOUTH BOARDING SECONDARY CHAMA 32 MOSES ZIMBA CHILENJE M 8 CHAMA SOUTH BOARDING SECONDARY CHAMA 33 EVANS NGUNI CHILENJE M 8 CHAMA SOUTH BOARDING SECONDARY CHAMA 34 MEMORY NGULUBE CHILENJE F 8 CHAMA SOUTH BOARDING SECONDARY CHAMA 35 FAGGY NKHOMA CHILENJE M 8 CHAMA SOUTH BOARDING SECONDARY CHAMA 36 BLESSINGS NKHOWANI CHILENJE M 8 CHAMA SOUTH BOARDING SECONDARY CHAMA 37 PATSON NKHOWANI CHILENJE M 8 CHAMA SOUTH BOARDING SECONDARY CHAMA 38 NOAH SAKALA CHILENJE M 8 CHAMA SOUTH BOARDING SECONDARY CHAMA 39 WINFRED SAKALA CHILENJE M 8 CHAMA SOUTH BOARDING SECONDARY CHAMA 40 REDSON SAKALA CHILENJE M 8 CHAMA SOUTH BOARDING SECONDARY CHAMA 41 AUSTINE ZIMBA CHILENJE M 8 CHAMA SOUTH BOARDING SECONDARY CHAMA 42 MARY MBAO CHILENJE F 8 CHAMA SOUTH BOARDING SECONDARY CHAMA 43 CHARLES LUNGU CHILENJE M 8 CHAMA SOUTH BOARDING SECONDARY CHAMA 44 AMON LUNGU CHILENJE M 9 CHAMA SOUTH BOARDING SECONDARY CHAMA 45 CORNELIUS PHIRI CHILENJE M 8 CHAMA SOUTH BOARDING SECONDARY CHAMA 46 RAINFORD MWALE CHILENJE M 9 CHAMA SOUTH BOARDING SECONDARY CHAMA 47 PHINIAS LUNGU CHILENJE M 9 CHAMA SOUTH BOARDING SECONDARY CHAMA 48 FRIDAH LUNGU CHILENJE F 9 CHAMA SOUTH BOARDING SECONDARY CHAMA 49 KOMANI NKHOMA CHILENJE M 9 CHAMA SOUTH BOARDING SECONDARY CHAMA 50 ALFRED NKHOWANI CHILENJE M 9 CHAMA SOUTH BOARDING SECONDARY CHAMA 51 SPEEDWEEL LUNGU CHILENJE M 9 CHAMA SOUTH BOARDING SECONDARY CHAMA 52 YOBE NGULUBE CHILENJE M 8 CHAMA SOUTH BOARDING SECONDARY CHAMA 53 NELSON SAKALA CHILENJE M 8 CHAMA SOUTH BOARDING SECONDARY CHAMA 54 HARRISON LUNGU CHILENJE M 9 CHAMA SOUTH BOARDING SECONDARY CHAMA 55 JABES   MBAO CHILENJE M 9 CHAMA SOUTH BOARDING SECONDARY CHAMA 56 JEREMIAH LUNGU CHILENJE M 9 CHAMA SOUTH BOARDING SECONDARY CHAMA 57 SELINA LUNGU CHILENJE F 9 CHAMA SOUTH BOARDING SECONDARY CHAMA 58 NOAH MBAO CHILENJE M 9 CHAMA SOUTH BOARDING SECONDARY CHAMA 59 MARY MANDA CHILENJE F 9 CHAMA SOUTH BOARDING SECONDARY CHAMA 60 JOSEPH LUNGU CHILENJE M 9 CHAMA SOUTH BOARDING SECONDARY CHAMA 61 ANNESHER KUMWENDA CHILENJE F 7 CHAMA SOUTH BOARDING SECONDARY CHAMA 62 MEMORY PHIRI CHILENJE F 9 CHAMA SOUTH BOARDING SECONDARY CHAMA 63 KENNETH MWANZA CHILENJE M 8 CHAMA SOUTH BOARDING SECONDARY CHAMA 64 VICTORIA MBAMBO CHILENJE F 11 CHAMA SOUTH BOARDING SECONDARY CHAMA 65 JONATHAN MKANDAWIRE CHILENJE M 8 CHAMA SOUTH BOARDING SECONDARY CHAMA 66 SYLAS GONDWE CHILENJE M 9 CHAMA SOUTH BOARDING SECONDARY CHAMA 67 JULIET NKHAWAZI LUNZI F 10 CHAMA SOUTH BOARDING SECONDARY CHAMA 68 MARY LUNGU LUNZI F 10 CHAMA SOUTH BOARDING SECONDARY CHAMA 69 PAULINA MSIMUKO LUNZI F 9 CHAMA SOUTH BOARDING SECONDARY CHAMA 70 KENNETH MVULA LUNZI M 8 CHAMA SOUTH BOARDING SECONDARY CHAMA 71 JANET MBELENJE LUNZI F 9 CHAMA SOUTH BOARDING SECONDARY CHAMA 72 ELINA ZIMBA LUNZI F 8 CHAMA SOUTH BOARDING SECONDARY CHAMA 73 SILVA ZIMBA LUNZI F 8 CHAMA SOUTH BOARDING SECONDARY CHAMA 74 PETROS LUNGU LUNZI M 8 CHAMA SOUTH BOARDING SECONDARY CHAMA 75 JOSHUA CHISI LUNZI M 9 CHAMA SOUTH BOARDING SECONDARY CHAMA 76 MATILDA LUNGU LUNZI F 8 CHAMA SOUTH BOARDING SECONDARY CHAMA 77 MODIKAI MBUZI LUNZI M 8 CHAMA SOUTH BOARDING SECONDARY CHAMA 78 ALICE ETHEL ZIMBA LUNZI F 10 CHAMA SOUTH BOARDING SECONDARY CHAMA 79 ANDERSON THEBO LUNZI M 9 CHAMA SOUTH BOARDING SECONDARY CHAMA 80 PECKSON BANDA LUNZI M 8 CHAMA SOUTH BOARDING SECONDARY CHAMA 81 MULENGA CHIBANGA LUNZI F 9 CHAMA SOUTH BOARDING SECONDARY CHAMA 82 WALISUNGU NKHOWANI LUNZI M 8 CHAMA SOUTH BOARDING SECONDARY CHAMA 83 JOHN MWALE LUNZI M 9 CHAMA SOUTH BOARDING SECONDARY CHAMA 84 TIONENJI NGUNI LUNZI F 9 CHAMA SOUTH BOARDING SECONDARY CHAMA 85 MALWASE ZIMBA LUNZI M 8 CHAMA SOUTH BOARDING SECONDARY CHAMA 86 ELINANKHOWANI LUNZI F 9 CHAMA SOUTH BOARDING SECONDARY CHAMA 87 GIBSON NGUNI LUNZI M 8 CHAMA SOUTH BOARDING SECONDARY CHAMA 88 CHARLES MSIMUKO LUNZI M 8 CHAMA SOUTH BOARDING SECONDARY CHAMA 89 ANGELA ZIMBA LUNZI F 9 CHAMA SOUTH BOARDING SECONDARY CHAMA 90 DOROTHY LUNGU LUNZI F 10 CHAMA SOUTH BOARDING SECONDARY CHAMA 91 MARY LUNGU LUNZI F 8 CHAMA SOUTH BOARDING SECONDARY CHAMA 92 RABBSON LUNGU LUNZI M 8 CHAMA SOUTH BOARDING SECONDARY CHAMA 93 JULIUS KUMWENDA LUNZI F 8 CHAMA SOUTH BOARDING SECONDARY CHAMA 94 DONALD ZIMA LUNZI M 9 CHAMA SOUTH BOARDING SECONDARY CHAMA 95 CHIBANGA JOSPHENE VILIMUKULU F 10 CHAMA SOUTH BOARDING SECONDARY CHAMA 96 BOTHA SIMON VILIMUKULU M 10 CHAMA SOUTH BOARDING SECONDARY CHAMA 97 NGUNI RHODA VILIMUKULU F 8 CHAMA SOUTH BOARDING SECONDARY CHAMA 98 LUNGU HELLEN VILIMUKULU F 10 CHAMA SOUTH BOARDING SECONDARY CHAMA 99 CHIBANGA MEMORY VILIMUKULU F 8 CHAMA SOUTH BOARDING SECONDARY CHAMA 100 MVULA ISAAC VILIMUKULU M 10 CHAMA SOUTH BOARDING SECONDARY CHAMA 101 MUKANDAWIRE ARRON VILIMUKULU M 11 CHAMA SOUTH BOARDING SECONDARY CHAMA 102 NG`UNI MEAH VILIMUKULU F 10 CHAMA SOUTH BOARDING SECONDARY CHAMA 103 MBUZI CHARITY VILIMUKULU F 8 CHAMA SOUTH BOARDING SECONDARY CHAMA 104 NYIMBILI NELSON VILIMUKULU M 10 CHAMA SOUTH BOARDING SECONDARY CHAMA 105 NYIRENDA WISEMAN VILIMUKULU M 10 CHAMA SOUTH BOARDING SECONDARY CHAMA 106 NG`UNI NGUNI VILIMUKULU M 10 CHAMA SOUTH BOARDING SECONDARY CHAMA 107 NG`UNI JOHN VILIMUKULU M 10 CHAMA SOUTH BOARDING SECONDARY CHAMA 108 NG`UNI JANE VILIMUKULU F 10 CHAMA SOUTH BOARDING SECONDARY CHAMA 109 NG`ONA CLEAN VILIMUKULU M 10 CHAMA SOUTH BOARDING SECONDARY CHAMA 110 NGULUBE JOHN VILIMUKULU M 10 CHAMA SOUTH BOARDING SECONDARY CHAMA 111 NKHOWANI RHODA VILIMUKULU F 10 CHAMA SOUTH BOARDING SECONDARY CHAMA 112 NKHOWANI CHRISTOPHER VILIMUKULU M 10 CHAMA SOUTH BOARDING SECONDARY CHAMA 113 NTONGA JOSPHINE VILIMUKULU F 10 CHAMA SOUTH BOARDING SECONDARY CHAMA 114 NKHOWANI RUTH VILIMUKULU F 8 CHAMA SOUTH BOARDING SECONDARY CHAMA 115 ZIMBA EUNICE VILIMUKULU F 8 CHAMA SOUTH BOARDING SECONDARY CHAMA 116 ZIMBA PETER VILIMUKULU M 10 CHAMA SOUTH BOARDING SECONDARY CHAMA 117 PHIRI DYNESS VILIMUKULU F 8 CHAMA SOUTH BOARDING SECONDARY CHAMA 118 GONDWE MERY VILIMUKULU F 10 CHAMA SOUTH BOARDING SECONDARY CHAMA 119 PHIRI EDWARD VILIMUKULU M 8 CHAMA SOUTH BOARDING SECONDARY CHAMA 120 PHIRI INNOCENT VILIMUKULU M 8 CHAMA SOUTH BOARDING SECONDARY CHAMA 121 NG`UNI ISAAC VILIMUKULU M 8 CHAMA SOUTH BOARDING SECONDARY CHAMA 122 NGULUBE JANET VILIMUKULU F 8 CHAMA SOUTH BOARDING SECONDARY CHAMA 123 PHIRI EMMANUAL VILIMUKULU M 8 CHAMA SOUTH BOARDING SECONDARY CHAMA 124 MSIMUKO HELLEN VILIMUKULU F 10 CHAMA SOUTH BOARDING SECONDARY CHAMA 125 CHABINGA HELLEN VILIMUKULU F 8 CHAMA SOUTH BOARDING SECONDARY CHAMA 126 LUNGU BLESSINGS VILIMUKULU M 8 CHAMA SOUTH BOARDING SECONDARY CHAMA 127 BANDA RICHARD VILIMUKULU M 8 CHAMA SOUTH BOARDING SECONDARY CHAMA 128 CHABINGA PRECIOUS VILIMUKULU F 8 CHAMA SOUTH BOARDING SECONDARY CHAMA 129 MPHANDE WILLIAM VILIMUKULU M 10 CHAMA SOUTH BOARDING SECONDARY CHAMA 130 MKHANDAWIRE LINGFORD VILIMUKULU M 10 CHAMA SOUTH BOARDING SECONDARY CHAMA 131 MWALE PATRICK VILIMUKULU M 10 CHAMA SOUTH BOARDING SECONDARY CHAMA 132 BANDA MONICA VILIMUKULU F 8 CHAMA SOUTH BOARDING SECONDARY CHAMA 133 NJOBVU PENJA VILIMUKULU M 10 CHAMA SOUTH BOARDING SECONDARY CHAMA 134 LUNGU ANNAH VILIMUKULU F 10 CHAMA SOUTH BOARDING SECONDARY CHAMA 135 LUNGU BROWN VILIMUKULU M 10 CHAMA SOUTH BOARDING SECONDARY CHAMA 136 ZIMBA ALICE VILIMUKULU F 10 CHAMA SOUTH BOARDING SECONDARY CHAMA 137 ZOZI MASTONE VILIMUKULU M 10 CHAMA SOUTH BOARDING SECONDARY CHAMA 138 ZIMBA FAINESS VILIMUKULU F 10 CHAMA SOUTH BOARDING SECONDARY CHAMA 139 BANDA WILLIAM VILIMUKULU M 10 CHAMA SOUTH BOARDING SECONDARY CHAMA 140 CHABINGA ABBYARD VILIMUKULU M 10 CHAMA SOUTH BOARDING SECONDARY CHAMA 141 CHIBANGA COSAM VILIMUKULU M 10 CHAMA SOUTH BOARDING SECONDARY CHAMA 142 MPHANDE PATRICIA VILIMUKULU F 10 CHAMA SOUTH BOARDING SECONDARY CHAMA 143 BANDA SAMUEL VILIMUKULU M 10 CHAMA SOUTH BOARDING SECONDARY CHAMA 144 MVULA ROBERT VILIMUKULU M 10 CHAMA SOUTH BOARDING SECONDARY CHAMA 145 MVULA MARTHA VILIMUKULU F 11 CHAMA SOUTH BOARDING SECONDARY CHAMA 146 MVULA BLESSINGS VILIMUKULU F 11 CHAMA SOUTH BOARDING SECONDARY CHAMA 147 MBALE ENALA VILIMUKULU F 8 CHAMA SOUTH BOARDING SECONDARY CHAMA 148 MAZABA SMART VILIMUKULU M 8 CHAMA SOUTH BOARDING SECONDARY CHAMA 149 ZIMBA EDINA VILIMUKULU F 10 CHAMA SOUTH BOARDING SECONDARY CHAMA 150 KAIMA ANGELA VILIMUKULU F 8 CHAMA SOUTH BOARDING SECONDARY CHAMA 151 KALUBA ANA CHIPALA F 8 CHAMA SOUTH BOARDING SECONDARY CHAMA 152 NGULUBE EMMANUAL CHIPALA M 8 CHAMA SOUTH BOARDING SECONDARY CHAMA 153 NKHOWANI PATRICIA CHIPALA F 8 CHAMA SOUTH BOARDING SECONDARY CHAMA 154 MVULA SUNGA CHIPALA M 8 CHAMA SOUTH BOARDING SECONDARY CHAMA 155 NGULUBE SANDRESS CHIPALA M 8 CHAMA SOUTH BOARDING SECONDARY CHAMA 156 MULENGA AMOSE CHIPALA M 8 CHAMA SOUTH BOARDING SECONDARY CHAMA 157 ZIMBA ALICK CHIPALA M 8 CHAMA SOUTH BOARDING SECONDARY CHAMA 158 MBUZI PATSON CHIPALA M 8 CHAMA SOUTH BOARDING SECONDARY CHAMA 159 NG`UNI GOODSON CHIPALA M 8 CHAMA SOUTH BOARDING SECONDARY CHAMA 160 ZIMBA ZEDDY CHIPALA M 10 CHAMA SOUTH BOARDING SECONDARY CHAMA 161 CHIBANGA LUCKY CHIPALA M 8 CHAMA SOUTH BOARDING SECONDARY CHAMA 162 KABANDAMA THOMAS LUMEZI M 10 CHAMA SOUTH BOARDING SECONDARY CHAMA 163 MTONGA HARRY LUMEZI M 10 CHAMA SOUTH BOARDING SECONDARY CHAMA 164 ZULU MASOKA GILBERT LUMEZI M 8 CHAMA SOUTH BOARDING SECONDARY CHAMA 165 LUNGU BARBRA LUMEZI F 11 CHAMA SOUTH BOARDING SECONDARY CHAMA 166 MTONGA HAPPY LUMEZI M 8 CHAMA SOUTH BOARDING SECONDARY CHAMA 167 MTONGA KOMANI LUMEZI M 10 CHAMA SOUTH BOARDING SECONDARY CHAMA 168 KUMWENDA GODEON LUMEZI M 10 CHAMA SOUTH BOARDING SECONDARY CHAMA 169 NDHLOVU KONDA LUMEZI M 8 CHAMA SOUTH BOARDING SECONDARY CHAMA 170 NKHOWANI RABSON LUMEZI M 8 CHAMA SOUTH BOARDING SECONDARY CHAMA 171 NKHATA HABERT LUMEZI M 8 CHAMA SOUTH BOARDING SECONDARY CHAMA 172 NYIRENDA JOEL LUMEZI M 8 CHAMA SOUTH BOARDING SECONDARY CHAMA 173 NYIRONGO THOMAS LUMEZI M 8 CHAMA SOUTH BOARDING SECONDARY CHAMA 174 LUNGU STANLEY LUMEZI M 8 CHAMA SOUTH BOARDING SECONDARY CHAMA 175 NGULUBE FRED LUMEZI M 8 CHAMA SOUTH BOARDING SECONDARY CHAMA 176 ZIMBA LACKSON LUMEZI M 8 CHAMA SOUTH BOARDING SECONDARY CHAMA 177 ZIMBA NELLY LUMEZI F 8 CHAMA SOUTH BOARDING SECONDARY CHAMA 178 MVULA SUZYO LUMEZI M 8 CHAMA SOUTH BOARDING SECONDARY CHAMA 179 MAZABA EMMANUEL LUMEZI M 8 CHAMA SOUTH BOARDING SECONDARY CHAMA 180 MBULO INUTU LUMEZI F 8 CHAMA SOUTH BOARDING SECONDARY CHAMA 181 CHIBANGA YANDA LUMEZI F 10 CHAMA SOUTH BOARDING SECONDARY CHAMA 182 MTONGA MARTIN LUMEZI M 10 CHAMA SOUTH BOARDING SECONDARY CHAMA 183 LUNGU JONATHAN LUMEZI M 8 CHAMA SOUTH BOARDING SECONDARY CHAMA 184 KACHALI MARTIN LUMEZI M 10 CHAMA SOUTH BOARDING SECONDARY CHAMA 185 MVULA DAVY LUMEZI M 8 CHAMA SOUTH BOARDING SECONDARY CHAMA 186 ZIMBA DYNESS LUMEZI M 8 CHAMA SOUTH BOARDING SECONDARY CHAMA 187 LUNGU JAMES LUMEZI M 10 CHAMA SOUTH BOARDING SECONDARY CHAMA 188 CHIBANGA JOHN LUMEZI M 10 CHAMA SOUTH BOARDING SECONDARY CHAMA 189 MTONGA SERAH LUMEZI F 8 CHAMA SOUTH BOARDING SECONDARY CHAMA 190 MTONGA TAONGA LUMEZI F 11 CHAMA SOUTH BOARDING SECONDARY CHAMA 191 CHIBANGA NAOMI LUMEZI F 8 CHAMA SOUTH BOARDING SECONDARY CHAMA 192 ZGAMBO MARKNESS LUMEZI F 8 CHAMA SOUTH BOARDING SECONDARY CHAMA 193 ZIMBA BIZIWELL LUMEZI M 8 CHAMA SOUTH BOARDING SECONDARY CHAMA 194 KACHALI JONATHAN LUMEZI M 8 CHAMA SOUTH BOARDING SECONDARY CHAMA 195 KACHALI MATHEWS LUMEZI M 8 CHAMA SOUTH BOARDING SECONDARY CHAMA 196 CHIPETA JANE LUMEZI F 10 CHAMA SOUTH BOARDING SECONDARY CHAMA 197 KACHALI MUTUMBI LUMEZI M 10 CHAMA SOUTH BOARDING SECONDARY CHAMA 198 ZIMBA RHODAH LUMEZI F 10 CHAMA SOUTH BOARDING SECONDARY CHAMA 199 MVULA MATILDAH LUMEZI F 10 CHAMA SOUTH BOARDING SECONDARY CHAMA 200 MBULO BOSTON LUMEZI M 10 CHAMA SOUTH BOARDING SECONDARY CHAMA 201 LUNGU ENELESS LUMEZI F 10 CHAMA SOUTH BOARDING SECONDARY CHAMA 202 BOTHA JUSTINA LUMEZI M 10 CHAMA SOUTH BOARDING SECONDARY CHAMA 203 NYIRONGO AMOS LUMEZI M 10 CHAMA SOUTH BOARDING SECONDARY CHAMA 204 NYIRENDA FRANK LUMEZI M 10 CHAMA SOUTH BOARDING SECONDARY CHAMA 205 NG`UNI YOLAM LUMEZI M 10 CHAMA SOUTH BOARDING SECONDARY CHAMA 206 NGULUBE SHADRICK LUMEZI M 10 CHAMA SOUTH BOARDING SECONDARY CHAMA 207 MTONGA INNOCENT LUMEZI M 10 CHAMA SOUTH BOARDING SECONDARY CHAMA 208 NGULUBE LIDAH LUMEZI F 8 CHAMA SOUTH BOARDING SECONDARY CHAMA 209 NGULUBE WILLIAN LUMEZI M 10 CHAMA SOUTH BOARDING SECONDARY CHAMA 210 MTONGA ZEBRON LUMEZI M 10 CHAMA SOUTH BOARDING SECONDARY CHAMA 211 NG`UNI KENNY LUMEZI M 10 CHAMA SOUTH BOARDING SECONDARY CHAMA 212 NG`UNI EDWARD LUMEZI M 10 CHAMA SOUTH BOARDING SECONDARY CHAMA 213 NYIRENDA EMMAH LUMEZI F 10 CHAMA SOUTH BOARDING SECONDARY CHAMA 214 ZIMBA GIBSON LUMEZI M 10 CHAMA SOUTH BOARDING SECONDARY CHAMA 215 BANDA DANNY LUMEZI M 10 CHAMA SOUTH BOARDING SECONDARY CHAMA 216 ZIMBA REDSON LUMEZI M 9 CHAMA SOUTH BOARDING SECONDARY CHAMA 217 KALUBA GRACE LUMEZI F 8 CHAMA SOUTH BOARDING SECONDARY CHAMA 218 NGULUBE JOHN LUMEZI M 8 CHAMA SOUTH BOARDING SECONDARY CHAMA 219 ZIMBA MATHEWS LUMEZI M 8 CHAMA SOUTH BOARDING SECONDARY CHAMA 220 LUNGU SAMUEL LUMEZI M 8 CHAMA SOUTH BOARDING SECONDARY CHAMA 221 LUNGU EPHRAIM LUMEZI M 8 CHAMA SOUTH BOARDING SECONDARY CHAMA 222 GOMA GIBSON LUMEZI M 8 CHAMA SOUTH BOARDING SECONDARY CHAMA 223 MBULO DALISOUR LUMEZI M 8 CHAMA SOUTH BOARDING SECONDARY CHAMA 224 MBUZI WILSON LUMEZI M 8 CHAMA SOUTH BOARDING SECONDARY CHAMA 225 KACHALI IRREN CHILUBALUBA F 8 CHAMA SOUTH BOARDING SECONDARY CHAMA 226 ZIMBA LAMECK CHILUBALUBA M 8 CHAMA SOUTH BOARDING SECONDARY CHAMA 227 MFULA MARY CHILUBALUBA F 8 CHAMA SOUTH BOARDING SECONDARY CHAMA 228 BANDA JUSTINA CHILUBALUBA F 8 CHAMA SOUTH BOARDING SECONDARY CHAMA 229 NDABANDABA PETER CHILUBALUBA M 8 CHAMA SOUTH BOARDING SECONDARY CHAMA 230 ZIMBA ZACHAEUS CHILUBALUBA M 8 CHAMA SOUTH BOARDING SECONDARY CHAMA 231 MKANDAWIRE ORPHANWELL CHILUBALUBA M 8 CHAMA SOUTH BOARDING SECONDARY CHAMA 232 KAZELE MAUREEN CHILUBALUBA F 8 CHAMA SOUTH BOARDING SECONDARY CHAMA 233 NYIRONGO PRECOIUS MABINGA F 11 CHAMA SOUTH BOARDING SECONDARY CHAMA 234 MVULA BVULANI MABINGA M 10 CHAMA SOUTH BOARDING SECONDARY CHAMA 235 KUMWENDA JACKSON MABINGA M 10 CHAMA SOUTH BOARDING SECONDARY CHAMA 236 LUNGU MATHEWS MABINGA M 8 CHAMA SOUTH BOARDING SECONDARY CHAMA 237 KACHALI EMMANUEL MABINGA M 10 CHAMA SOUTH BOARDING SECONDARY CHAMA 238 LUNGU CECILIA MABINGA F 10 CHAMA SOUTH BOARDING SECONDARY CHAMA 239 MVULA ROSEMATY MABINGA F 10 CHAMA SOUTH BOARDING SECONDARY CHAMA 240 NYIMBILI SIMEDAH MABINGA F 8 CHAMA SOUTH BOARDING SECONDARY CHAMA 241 NYIRENDA WINFRIDAH CHIBUNGWE F 10 CHAMA SOUTH BOARDING SECONDARY CHAMA 242 LUSALE JOSEPH CHIBUNGWE M 12 CHAMA SOUTH BOARDING SECONDARY CHAMA 243 LUHANGA CECILIA LUPAMAZI F 10 CHAMA SOUTH BOARDING SECONDARY CHAMA 244 MUGALA CHANCY LUPAMAZI M 10 CHAMA SOUTH BOARDING SECONDARY CHAMA 245 NKHOWANI JOHN BAZIMU M 10 CHAMA SOUTH BOARDING SECONDARY CHAMA 246 LUNGU LOTTY BAZIMU M 10 CHAMA SOUTH BOARDING SECONDARY CHAMA 247 LUSALE LONIC BAZIMU M 10 CHAMA SOUTH BOARDING SECONDARY CHAMA 248 NKHATA JOSHUA BAZIMU M 8 CHAMA SOUTH BOARDING SECONDARY CHAMA 249 BOTHA KALUMBI BAZIMU M 10 CHAMA SOUTH BOARDING SECONDARY CHAMA 250 MVULA RITH BAZIMU F CHAMA SOUTH BOARDING SECONDARY CHAMA 251 NYIRENDA CATHERINE MAPAMBA F 10 CHAMA SOUTH BOARDING SECONDARY CHAMA 252 NKHOMA GOLDEN MAPAMBA M 10 CHAMA SOUTH BOARDING SECONDARY CHAMA 253 DAKA  MARY MAPAMBA F 8 CHAMA SOUTH BOARDING SECONDARY CHAMA 254 CHIBANGA MAGGRET MAPAMBA F 10 CHAMA SOUTH BOARDING SECONDARY CHAMA 255 MANDA MICKSON MAPAMBA M 10 CHAMA SOUTH BOARDING SECONDARY CHAMA 256 THOLE LASFORD MAPAMBA M 10 CHAMA SOUTH BOARDING SECONDARY CHAMA 257 MANDA ASTONE MAPAMBA M 10 CHAMA SOUTH BOARDING SECONDARY CHAMA 258 ZULU JAMES MAPAMBA M 10 CHAMA SOUTH BOARDING SECONDARY CHAMA 259 MWALE CHIMWEMWE MAPAMBA M 10 CHAMA SOUTH BOARDING SECONDARY CHAMA 260 NYIRENDA JUDITH MAPAMBA F 10 CHAMA SOUTH BOARDING SECONDARY CHAMA Skills Development Bursaries No. Name of Student Ward Sex (M/F) Name of Skill/Programme Level of Skill Programme Duration (Months) Training Institute (TEVET/ZNS) Training Institute Registration (Acreditation number) Training Institute(District) 1 NKHATA LASTONE LUPAMAZI M COMPUTER STUDY (IT) Certificate Trade Test II 6 CHAMA YOUTH RESOURCE CENTRE TVA/1022 CHAMA 2 BANDA NELSON LUPAMAZI M COMPUTER STUDIES (IT) Certificate Trade Test II 6 CHAMA YOUTH RESOURCE CENTRE TVA/1022 CHAMA 3 LUHANGA KINGS LUPAMAZI M COMPUTER STUDIES (IT) Certificate Trade Test II 6 CHAMA YOUTH RESOURCE CENTRE TVA/1022 CHAMA 4 NG’UNI YOTAM LUPAMAZI M BRICKLAYING AND PLASTERING TRADE TEST 3 Certificate Trade Test II 3 CHAMA YOUTH RESOURCE CENTRE TVA/1022 CHAMA 5 CHISUPA JAPHET LUPAMAZI M BRICKLAYING AND PLASTERING TRADE TEST 3 Certificate Trade Test II 3 CHAMA YOUTH RESOURCE CENTRE TVA/1022 CHAMA 6 KUMWENDA ZEBRON CHIBUNGWE M COMPUTER STUDIES (IT) Certificate Trade Test II 6 CHAMA YOUTH RESOURCE CENTRE TVA/1022 CHAMA 7 KACHALI JACKSON CHIBUNGWE M COMPUTER STUDIES (IT) Certificate Trade Test II 6 CHAMA YOUTH RESOURCE CENTRE TVA/1022 CHAMA 8 NKHOWANI SHOMBE BAZIMU M CARPENTRY AND JOINERY TRADE TEST LEVEL 3 Certificate Trade Test II 3 CHAMA YOUTH RESOURCE CENTRE TVA/1022 CHAMA 9 GOMA CHARLES BAZIMU M CARPENTRY AND JOINERY TRADE TEST LEVEL 3 Certificate Trade Test II 3 CHAMA YOUTH RESOURCE CENTRE TVA/1022 CHAMA 10 GOMA ABEL BAZIMU M BRICKLAYING AND PLASTERING TRADE TEST LEVEL 3 Certificate Trade Test II 3 CHAMA YOUTH RESOURCE CENTRE TVA/1022 CHAMA 11 NKHATA TAONGA BAZIMU F HOTEL MANAGEMENT AND CATERING Certificate Trade Test I 12 ZGANANGI KACHINGA TRADES INSTITUE TVA/310 LUNDAZI 12 NYIMBILI SIMON LUNZI M COMPUTER STUDIES (IT) Certificate Trade Test II 6 CHAMA YOUTH RESOURCE CENTRE TVA/1022 CHAMA 13 ZIMBA PECKSON LUNZI M COMPUTER STUDIES (IT) Certificate Trade Test II 6 CHAMA YOUTH RESOURCE CENTRE TVA/1022 CHAMA 14 NYIRENDA RIGHTWELL CHILUBALUBA M COMPUTER STUDIES (IT Certificate Trade Test II 6 CHAMA YOUTH RESOURCE CENTRE TVA/1022 CHAMA 15 NYIRONGO PETER CHILUBALUBA M CARPENTRY AND JOINERY Certificate Trade Test II 3 CHAMA YOUTH RESOURCE CENTRE TVA/1022 CHAMA 16 THOLE GRACE CHILUBALUBA F SECRETARIAL AND OFFICE MANAGEMENT Certificate Trade Test I 12 CHIPATA TRADES TRAINING INSTITUTE TVA/053 CHIPATA 17 ZIMBA SAMUEL LUMEZI M ELECTRICAL ENGEERING Certificate Trade Test I 12 UKWIMI TRADES TRAINING INSTITUTE TVA/065 PETAUKE 18 MBUZI AARON LUMEZI M COMPUTER STUDIES (IT) Certificate Trade Test II 6 CHAMA YOUTH RESOURCE CENTRE TVA/1022 CHAMA 19 KACHALI NKHULUTA LUMEZI M AUTOMOTIVE MECHANICS Certificate Trade Test I 12 UKWIMI TRADES TRAINING INSTITUTE TVA/065 PETAUKE 2023 Edit Community Projects No. Project Name Project Description Sector Type Ward Project Site/Location 1 POLICE MOTOR VEHICLE POLICE MOTOR VEHICLE DEFENCE PROCUREMENT ENTIRE CONSTITUENCY 2 AMBULANCE VEHICLE AMBULANCE VEHICLE HEALTH PROCUREMENT ENTIRE CONSTITUENCY 3 PROCUREMENT OF DESKS PROCUREMENT OF DESKS EDUCATION PROCUREMENT ENTIRE CONSTITUENCY 4 PROVISION OF ELECTRICITY PROVISION OF ELECTRICITY ENERGY PROCUREMENT SELECTED WARDS 5 RADIO PROGRAMME RADIO PROGRAMME (PROCUREMENT OF BOOSTERS FOR KWENJE RADIO SENSITIZATION OF RADIO COVERAGE) INFORMATION PROCUREMENT ENTIRE CONSTITUENCY 6 CHIEFS PALACE FOR CHIEF TEMBWE CONSTRUCTION OF CHIEFS PALACE FOR CHIEF TEMBWE TRADITIONAL/CULTURE CONSTRUCTION MABINGA Tembwe Central 7 MOTOR GRADER PROCUREMENT OF MOTOR GRADER, CAT BRAND TRANSPORT PROCUREMENT ENTIRE CONSTITUENCY 8 TIPPER TRUCK PROCUREMENT OF TIPPER TRUCK TRANSPORT PROCUREMENT ENTIRE CONSTITUENCY 9 ZEBE BROWN OFF SCHOOL ZEBE 1X3 CRB BLOWN OFF ROOF EDUCATION Construction CHILENJE ZEBE 10 SAMBAKO BLOWN OF ROOF SAMBAKO 1X2 BLOWN OF ROOF EDUCATION Construction LUPAMAZI KAPHAMPA 11 MUNDALANGA HP BLOWN OF ROOF MUNDALANGA HP BLOWN OF ROOF HEALTH Construction BAZIMU Mundalanga 12 BOREHOLE AT MANDA HILL PRIMARY SCHOOL BOREHOLE AT MANDA HILL PRIMARY SCHOOL EDUCATION Construction CHILUBALUBA MANDA HILL 13 MANGA CLINIC BLOWN OFF ROOF MANGA CLINIC BLOWN OFF ROOF HEALTH Construction VILIMUKULU MANGA Disaster Component Empowerment Grants Empowerment Loans No. Name of  Group/ Individual Type of  Applicant(youth, women, community, individual) total Ward Contact Person (Name) Type of Business Sector Loan Repayment Period 1 MOCLA MONEY LENDER INDIVIDUAL 1 MABINGA MOSES MVULA MONEY LENDING FINANCE 24 2 KABIRUBIRU MULTI-PURPOSE COOPERATIVE COMMUNITY 10 MABINGA MATHEWS MVULA HAMMER MILL PRODUCTION 36 3 KAPATAMOYOUYU MULTI-PURPOSE COOPERATIVE COMMUNITY 10 MABINGA NKHOWANI WEGGY AGRO BUSINESS RETAIL 18 4 ZIMWEBDELA MULTI-PURPOSE COOPERATIVE MULTIPURPOSE COOPERATIVE 10 LUMEZI GANIZANI NGULUBE PIGGERY FARMING 36 5 TIONENGE MULTIPURPOSE COOPERATIVE COMMUNITY 10 LUPAMAZI SIMON CHARLES LUHANGA FISH FARMING AGRICULTURE 48 6 PENJANI LONJELA KAZEZE GENERAL TRADING INDIVIDUAL 1 CHILUBALUBA PRECIOUS KAZEZE GROCERIES WHOLESALE 36 7 CHISMAK GENERAL DEALERS AND SUPPLY INDIVIDUAL 2 CHILUBALUBA KAELA MAMBWE AGRO BUSINESS SUPLY 48 8 SOGOLANI FARMERS GROUP-YOUTH COMMUNITY 10 CHILUBALUBA GRACE THOLE PRINTING AND STATIONERY RETAIL 24 9 SOYO WOMENS COOPERATIVE SOCIETY WOMEN 10 CHILUBALUBA JANET NYIRENDA TAILORING PRODUCTION 36 10 LWABILA MULTI-PURPOSE COOPERATIVE COMMUNITY 10 CHILUBALUBA PATRICIA KUMWENDA OIL PROCESSING PRODUCTION 48 11 LIMA WOMENS CLUB WOMEN 10 BAZIMU ROSE NGUNI TAILORING MANUFURERING 12 12 ZAMBIA YOUTH SOCIETY COMMUNITY 10 BAZIMU CHARLES GOMA TRANSPORTATION TRANSPORTATION 48 13 ISE MULTI-PURPOSE COOPERATIVE SOCIETY LIMITED COMMUNITY 10 BAZIMU SIMON MBUZI COOKING OIL PROCESSING PROCESSING 48 14 MAFASHO YOUTH GROUP YOUTH 10 BAZIMU EVELESI NG’UNI POULTRY AGRICULTURE 48 15 SALANIKO GENERAL DEALERS INDIVIDUAL 1 BAZIMU MERCY MKANDAWIRE MONEY LENDING FINANCE 48 16 KABOJERA WOMENS CLUB WOMEN 10 BAZIMU PATRICK NGULUBE HAMMER MILL PRODUCTION 36 17 MARIZI GENERAL DEALERS INDIVIDUAL 3 LUNZI ZIMBA MAURICE MONEY LENDING FINANCE 48 18 CHILIMANYAMA WOMENS CLUB WOMEN 10 CHIPALA BEAUTY NG’UNI POULTRY AGRICULTURE 36 19 KAMUPAPA WOMENS CLUB WOMEN 10 CHIBUNGWE BEATRICE MTONGA GOAT REARING AGRICULTURE 24 20 CHANGAZOVU WOMENS CLUB WOMEN 10 CHIBUNGWE WHYNESS KUMWENDA GOAT REARING AGRICULTURE 24 21 WAZIZIWA FARMERS GROUP FARMER GROUP 10 CHIBUNGWE HASTINGS ZIMBA CARPENTRY PRODUCTION 18 22 JANANGA MULTI-PURPOSE COOPERATIVE MULTIPURPOSE COOPERATIVE 20 CHIBUNGWE EUGENE CHUPA OIL PROCESSING PRODUCTION 36 23 PADOKO PADOKO INVESTMENT LIMITED INDIVIDUAL 3 CHIBUNGWE ESAU NGALA HARDWARE RETAIL 48 24 TAMANYAULI WOMENS CLUB WOMEN 10 CHIBUNGWE LINESS MTONGA HAMMER MILL PRODUCTION 36 25 GWININGA MULTI-PURPOSE COOPERATIVE COMMUNITY 10 CHILENJE STEPHEN CARPENTRY PRODUCTION 24 26 CHITAPE MULTI-PURPOSE COOPERATIVE COMMUNITY 10 CHILENJE JACKSON NG’UNI PIGGERY AGRICULTURE 36 27 TITANDIZANE YOUTH GROUP YOUTH 10 CHILENJE LAMECK MBAO POULTRY AGRICULTURE 48 28 CHILENJE MULTI-PURPOSE COOPERATIVE COMMUNITY 10 CHILENJE ELYJAH MSHANGA OIL PROCESSING PRODUCTION 36 Secondary Boarding Bursaries No. Name of Pupil Ward Sex (M/F) Grade Name of School School Location(District) 1 SAKALA RHODAH CHILENJE F 10 CHAMA SOUTH BOARDING SECONDARY CHAMA 2 NGUNI PETHIAS MAPAMBA M 10 CHAMA SOUTH BOARDING SECONDARY CHAMA 3 NKHOMA IREEN MAPAMBA F 10 CHAMA SOUTH BOARDING SECONDARY CHAMA 4 NKHOMA FINE MAPAMBA M 10 CHAMA SOUTH BOARDING SECONDARY CHAMA 5 LUNGU WATSON MAPAMBA M 10 CHAMA SOUTH BOARDING SECONDARY CHAMA 6 MUMBA MOSES MAPAMBA M 10 CHAMA SOUTH BOARDING SECONDARY CHAMA 7 EDWIN MWALE MAPAMBA M 10 CHAMA SOUTH BOARDING SECONDARY CHAMA 8 NGULUBE RABECCA MAPAMBA F 10 CHAMA SOUTH BOARDING SECONDARY CHAMA 9 LUNGU PATRICK MAPAMBA M 10 CHAMA SOUTH BOARDING SECONDARY CHAMA 10 ZULU EMMANUEL MAPAMBA M 10 CHAMA SOUTH BOARDING SECONDARY CHAMA 11 HEBERT NYIRENDA LUMEZI M 10 CHAMA NORTH BOARDING SECONDARY CHAMA 12 SMART MAZABA VILIMUKULU M 10 CHAMA SOUTH BOARDING SECONDARY CHAMA 13 JACOB NYIRENDA VILIMUKULU M 10 CHAMA NORTH BOARDING SECONDARY CHAMA 14 STEVEN NYIRENDA VILIMUKULU M 10 CHAMA SOUTH BOARDING SECONDARY CHAMA 15 REUBEN GOMA VILIMUKULU M 10 CHAMA SOUTH BOARDING SECONDARY CHAMA 16 MATHEWS MVULA VILIMUKULU M 10 CHAMA SOUTH BOARDING SECONDARY CHAMA 17 LIDYA KATETE VILIMUKULU F 10 CHAMA SOUTH BOARDING SECONDARY CHAMA 18 TAONGA CHIBANGA VILIMUKULU F 8 CHAMA SOUTH BOARDING SECONDARY CHAMA 19 NGUNI ALEX VILIMUKULU M 8 CHAMA SOUTH BOARDING SECONDARY CHAMA 20 CHIBANGA GASTON VILIMUKULU M 10 CHAMA SOUTH BOARDING SECONDARY CHAMA 21 NYIRENDA GREENFORD VILIMUKULU M 8 CHAMA SOUTH BOARDING SECONDARY CHAMA 22 ZIMBA AARON VILIMUKULU M 8 CHAMA SOUTH BOARDING SECONDARY CHAMA 23 MVULA GIFT VILIMUKULU M 10 CHAMA NORTH BOARDING SECONDARY CHAMA 24 SAKALA BORNFACE VILIMUKULU M 8 CHAMA SOUTH BOARDING SECONDARY CHAMA 25 EMMANUEL PHIRI VILIMUKULU M 8 CHAMA SOUTH BOARDING SECONDARY CHAMA 26 KALUBA MILIKA VILIMUKULU F 8 CHAMA SOUTH BOARDING SECONDARY CHAMA 27 ANDREW MWANZA VILIMUKULU M 8 CHAMA SOUTH BOARDING SECONDARY CHAMA 28 JOSEPH BANDA VILIMUKULU M 8 CHAMA SOUTH BOARDING SECONDARY CHAMA 29 SIMON MWANDILA VILIMUKULU M 8 CHAMA SOUTH BOARDING SECONDARY CHAMA 30 AGNESS NKHOWANI VILIMUKULU F 10 CHAMA SOUTH BOARDING SECONDARY CHAMA 31 NAMUCHIMBA TAIZYA VILIMUKULU F 10 CHAMA SOUTH BOARDING SECONDARY CHAMA 32 LUNGU GRACE VILIMUKULU F 9 CHAMA SOUTH BOARDING SECONDARY CHAMA 33 CHIBANGA MEMORY VILIMUKULU F 10 CHAMA SOUTH BOARDING SECONDARY CHAMA 34 NGULUBE KEZGA CHIPALA F 10 CHAMA NORTH BOARDING SECONDARY CHAMA 35 DANIEL NYIRENDA CHILUBALUBA M 10 CHIZONGWE PROVINCIAL STEM SCHOOL CHIPATA 36 SULO GETRUDE CHILUBALUBA 10 CHAMA NORTH BOARDING SECONDARY CHAMA 37 STEVEN MKANDAWIRE CHILUBALUBA M 8 CHAMA NORTH BOARDING SECONDARY CHAMA 38 JONATHAN KACHALI CHIBUNGWE M CHAMA SOUTH BOARDING CHAMA 39 KENNEDY KUMWENDA CHIBUNGWE M 8 CHAMA NORTH BOARDING SECONDARY CHAMA 40 RACHEAL GOMA CHIBUNGWE F 10 CHAMA NORTH BOARDING SECONDARY CHAMA 41 FRACKSON MKANDAWIRE CHIBUNGWE M 8 CHAMA NORTH BOARDING SECONDARY CHAMA 42 CHRISTRINE KALUBA CHIBUNGWE F 8 CHAMA NORTH BOARDING SECONDARY CHAMA 43 RODWELL NG’UNI CHIBUNGWE M 8 CHAMA NORTH BOARDING SECONDARY CHAMA 44 MODESTER KATETE MABINGA F 8 CHAMA NORTH BOARDING SECONDARY CHAMA 45 JOSEPH NYIRENDA MABINGA M 10 CHAMA NORTH BOARDING SECONDARY CHAMA 46 LUNGU MASIYE MABINGA M 8 CHAMA NORTH BOARDING SECONDARY CHAMA 47 LUNGU LOYCE MABINGA F 10 CHAMA NORTH BOARDING SECONDARY CHAMA 48 RITA  ZIMBA MABINGA F 12 CHAMA NORTH BOARDING SECONDARY CHAMA 49 DAVID ZIMBA MABINGA M 8 CHAMA NORTH BOARDING SECONDARY CHAMA 50 MEMORY LUNGU MABINGA F 10 CHAMA NORTH BOARDING SECONDARY CHAMA 51 MAGRITON LUNGU MABINGA M 10 CHAMA NORTH BOARDING SECONDARY CHAMA 52 GRACE NGULUBE BAZIMU F 10 CHAMA NORTH BOARDING SECONDARY CHAMA 53 JUDITH ZOZI BAZIMU F 8 CHAMA NORTH BOARDING SECONDARY CHAMA 54 GRACE NKHATA BAZIMU F 10 CHAMA NORTH BOARDING SECONDARY CHAMA 55 FEBBY MPHALO BAZIMU M 10 CHAMA NORTH BOARDING SECONDARY CHAMA 56 RHODA NKHATA BAZIMU F 10 CHAMA NORTH BOARDING SECONDARY CHAMA 57 NGWENYA MPHANGELA BAZIMU F 10 CHAMA NORTH BOARDING SECONDARY CHAMA 58 ALICE NKHOWANI BAZIMU F 10 CHAMA NORTH BOARDING SECONDARY CHAMA 59 MAZABA PRINCESS BAZIMU F 10 CHAMA NORTH BOARDING SECONDARY CHAMA 60 LUNGU PATRICK BAZIMU M 9 MAGWERO BOARDING SCHOOL FOR THE DEAF CHIPATA 61 ZOZI ALICE LUNZI F 8 CHAMA SOUTH BOARDING SECONDARY CHAMA 62 LUNGU GLORIA LUNZI F 8 CHAMA SOUTH BOARDING SECONDARY CHAMA 63 GOMA PRECIOUS LUNZI F 10 CHAMA NORTH BOARDING SECONDARY CHAMA 64 KUMWENDA BRIGHT LUNZI M 10 CHAMA NORTH BOARDING SECONDARY CHAMA 65 MTONGA NEVA LUNZI F 8 CHAMA SOUTH BOARDING SECONDARY CHAMA 66 ZIMBA GRACE LUNZI F 8 CHAMA SOUTH BOARDING SECONDARY CHAMA 67 THEO ANDERSON LUNZI M 12 CHAMA SOUTH BOARDING SECONDARY CHAMA 68 NGUNI TIONENI LUNZI M 12 CHAMA SOUTH BOARDING SECONDARY CHAMA 69 MVULA CATHERINE LUNZI F 12 CHAMA SOUTH BOARDING SECONDARY CHAMA 70 LUNGU MATILDA LUNZI F 10 CHAMA SOUTH BOARDING SECONDARY CHAMA 71 MVULA ELIZABETH LUNZI F 8 CHAMA SOUTH BOARDING SECONDARY CHAMA 72 CHIBANGA JAMES LUNZI M 8 CHAMA SOUTH BOARDING SECONDARY CHAMA 73 MVULA PATRICK LUNZI F 10 CHAMA BOARDING SEC CHAMA 74 DANIEL LUNGU LUNZI M 10 CHAMA SOUTH BOARDING SECONDARY CHAMA 75 MORRIS ZIMBA LUNZI M 8 CHAMA BOARDING SEC CHAMA 76 GOMA RABECCA LUNZI F 8 CHAMA SOUTH BOARDING SECONDARY CHAMA 77 KINGS KUMWENDA LUNZI M 10 CHAMA SOUTH BOARDING SECONDARY CHAMA 78 JAPHET KALUBA LUNZI M 8 CHAMA SOUTH BOARDING SECONDARY CHAMA 79 BUPE LUNGU LUNZI F 10 CHAMA SOUTH BOARDING SECONDARY CHAMA 80 AGNESS MWALE LUNZI F 12 CHAMA SOUTH BOARDING SECONDARY CHAMA 81 TAONGA MTONGA LUNZI F 10 CHAMA SOUTH BOARDING SECONDARY CHAMA 82 CHRISTINE NYIRENDA LUNZI F 10 CHAMA SOUTH BOARDING SECONDARY CHAMA 83 MVULA MEMORY LUNZI F 10 CHAMA SOUTH BOARDING SECONDARY CHAMA 84 NKHOWANI JOHN LUNZI M 10 CHAMA  BOARDING SECONDARY CHAMA 85 MVULA BESTINA LUNZI F 10 CHAMA BOARDING SEC CHAMA 86 MATHEWS NDHLOVU LUNZI M 10 CHAMA SOUTH BOARDING SECONDARY CHAMA 87 FLORENCE NDLOVU LUNZI F 10 CHAMA SOUTH BOARDING SECONDARY CHAMA 88 GIBSON MKANDAWIRE LUNZI M 10 CHAMA SOUTH BOARDING SECONDARY CHAMA 89 NGUNI RINGFORD LUNZI M 8 CHAMA SOUTH BOARDING SECONDARY CHAMA 90 JERE CHAONEKA LUPAMAZI F 10 CHAMA SOUTH BOARDING SECONDARY CHAMA 91 MUNG’ANDU BENSON LUPAMAZI M 11 CHAMA BOARDING SECONDARY SCHOOL CHAMA 92 LUHANGA ISAAC LUPAMAZI M 10 CHAMA SOUTH BOARDING SECONDARY CHAMA 93 MWANDILA JULIUS ALFRED LUPAMAZI M 10 CHAMA SOUTH BOARDING SECONDARY CHAMA 94 SELINA ZIMBA LUPAZAZI F 12 CHAMA BOARDING SECONDARY SCHOOL CHAMA 95 FUNNY NAKANYIKA LUPAMAZI F 8 CHAMA BOARDING SECONDARY SCHOOL CHAMA 96 TAPSON NGUNI LUPAMAZI M 11 CHAMA BOARDING SECONDARY SCHOOL CHAMA 97 NYIRENDA NELIA LUPAMAZI F 10 CHAMA BOARDING SECONDARY SCHOOL CHAMA 98 BOTHA SHARON LUPAMAZI F 10 CHAMA BOARDING SECONDARY SCHOOL CHAMA 99 MVULA TAONGA LUPAMAZI F 10 CHAMA BOARDING SECONDARY SCHOOL CHAMA 100 LUHANGA DARLINGS LUPAMAZI M 10 CHAMA SOUTH BOARDING SECONDARY CHAMA Skills Development Bursaries No. Name of Student Ward Sex (M/F) Name of Skill/Programme Training Institute (TEVET/ZNS) Training Institute(District) 1 FRANCISCO MBEWE MABINGA M CRAFT CERTIFICATE MECHANICAL FITTING NORTEC NDOLA 2 SHOMBE ZIMBA MABINGA M CRAFT CERTIFICATE MECHANICAL FITTING NORTEC NDOLA 3 SOLDIER NYIMBILI MABINGA M HEAVY EQUIPMENT REPAIR NORTEC NDOLA 4 LACKSON ZIMBA MABINGA M CRAFT CERTIFICATE REFRIGERATION AND AIR CONDITION NORTEC NDOLA 5 HASTINGS CHIPETA I MABINGA M CRAFT CERTIFICATE ELECTRICAL ENGINEERING NORTEC NDOLA 6 WIDSON GONDWE VILIMUKULU M DESIGN, CUTTING AND TAILORING CHIPATA TRADES CHIPATA 7 MOSES NYIRENDA VILIMUKULU M ELECTRICIAN CHIPATA TRADES CHIPATA 8 AARON NGUNI LUPAMAZI M COMPUTER STUDIES CHAMA YOUTH RESOURCE CENTRE CHAMA Contact Information CIVIC CENTRE P.O. BOX 540005 CHAMA EASTERN PROVINCE – ZAMBIA Tele fax: 06-482099 Plot CHA/1773 Church Road Email address: chamadistrictcouncil01@gmail.com Public Relations Officer: +260 977365484 Complaint Quick Links Ministry of Local Government and Rural Development Local Government Service Comission Ministry of Finance and National Planning Ministry of Agriculture National Assembly of Zambia Local Government Training Institute Local Government Association of Zambia Knowledge and Information Hub ©2022. SMART Zambia Institute. All Rights Reserved.|
https://www.chamacouncil.gov.zm/?page_id=2507|Chama South Constituency – Chama Town Council|Home About Open menu The District Who We Are Mandate Departments Institutional Management Department of Finance Department of Planning Department of Engineering Services Department of Health Department of Livestock and Fisheries Department of Agriculture Department of Social Welfare Department of Community Development Department of Human Resource and Administration Civic Leaders Chama South Constituency Chama North Constituency Standing Committees Services News updates Media Open menu Publications Photo Gallery Speeches CDF Open menu Chama South Constituency Chama North Constituency CDF FORMS ZDSP FAQs Contact Us Menu Home About Open menu The District Who We Are Mandate Departments Institutional Management Department of Finance Department of Planning Department of Engineering Services Department of Health Department of Livestock and Fisheries Department of Agriculture Department of Social Welfare Department of Community Development Department of Human Resource and Administration Civic Leaders Chama South Constituency Chama North Constituency Standing Committees Services News updates Media Open menu Publications Photo Gallery Speeches CDF Open menu Chama South Constituency Chama North Constituency CDF FORMS ZDSP FAQs Contact Us Search 2025 CDF Edit Community Projects Edit Approved Community Projects.pdf Proposed Community Projects.pdf Skills Development Bursaries Edit Click here to add content. Grants and Loans Edit Approved Empowerment Loans.pdf Approved Empowerment Grants.pdf 2024 CDF Edit Community Projects Edit Approved Community Projects.pdf Skills Development Bursaries Edit Click here to add content. Grants and Loans Edit Empowerment Loans Empowerment Grant.pdf 2023 CDF Edit Community Projects Edit Click here to add content. Skills Development Bursaries Edit Click here to add content. Grants and Loans Edit Approved Empowerment Loans.pdf Approved Empowerment Grants.pdf Contact Information CIVIC CENTRE P.O. BOX 540005 CHAMA EASTERN PROVINCE – ZAMBIA Tele fax: 06-482099 Plot CHA/1773 Church Road Email address: chamadistrictcouncil01@gmail.com Public Relations Officer: +260 977365484 Complaint Quick Links Ministry of Local Government and Rural Development Local Government Service Comission Ministry of Finance and National Planning Ministry of Agriculture National Assembly of Zambia Local Government Training Institute Local Government Association of Zambia Knowledge and Information Hub ©2022. SMART Zambia Institute. All Rights Reserved.|"Approved Community Projects.pdf -> https://www.chamacouncil.gov.zm/wp-content/uploads/2025/06/2025-Approved-Community-Projects-Chama-South-Constituency.pdf | Proposed Community Projects.pdf -> https://www.chamacouncil.gov.zm/wp-content/uploads/2025/06/2025-Community-Projects-Proposed-Chama-South-Constituency.pdf | Approved Empowerment Loans.pdf -> https://www.chamacouncil.gov.zm/wp-content/uploads/2025/06/2025-Approved-Loans-Chama-South.pdf | Approved Empowerment Grants.pdf -> https://www.chamacouncil.gov.zm/wp-content/uploads/2025/06/2025-Approved-Grants-Chama-South.pdf | Approved Community Projects.pdf -> https://www.chamacouncil.gov.zm/wp-content/uploads/2024/09/Chama-South-Community-Projects.pdf | Empowerment Loans -> https://www.chamacouncil.gov.zm/wp-content/uploads/2024/04/Chama-South-Constituency-Empowerment-Loans-2024.pdf | Empowerment Grant.pdf -> https://www.chamacouncil.gov.zm/wp-content/uploads/2024/04/Chama-South-Constituency-Empowerment-Grant-2024.pdf | Approved Empowerment Loans.pdf -> https://www.chamacouncil.gov.zm/wp-content/uploads/2025/06/2025-Approved-Loans-Chama-North.pdf | Approved Empowerment Grants.pdf -> https://www.chamacouncil.gov.zm/wp-content/uploads/2025/06/2025-Approved-Grants-Chama-North.pdf"
https://www.chamacouncil.gov.zm/?page_id=3102|The District – Chama Town Council|Home About Open menu The District Who We Are Mandate Departments Institutional Management Department of Finance Department of Planning Department of Engineering Services Department of Health Department of Livestock and Fisheries Department of Agriculture Department of Social Welfare Department of Community Development Department of Human Resource and Administration Civic Leaders Chama South Constituency Chama North Constituency Standing Committees Services News updates Media Open menu Publications Photo Gallery Speeches CDF Open menu Chama South Constituency Chama North Constituency CDF FORMS ZDSP FAQs Contact Us Menu Home About Open menu The District Who We Are Mandate Departments Institutional Management Department of Finance Department of Planning Department of Engineering Services Department of Health Department of Livestock and Fisheries Department of Agriculture Department of Social Welfare Department of Community Development Department of Human Resource and Administration Civic Leaders Chama South Constituency Chama North Constituency Standing Committees Services News updates Media Open menu Publications Photo Gallery Speeches CDF Open menu Chama South Constituency Chama North Constituency CDF FORMS ZDSP FAQs Contact Us Search District Location Chama District is located in Eastern Province, about 940 kilometers north of the city of Lusaka. The district has an area of approximately 17,472.8 km2 (6,750 square miles) and It is situated between longitudes 31.450 and 32.300 East and latitudes 13.800 and 14.450 South with altitudes from 350 m to 640 m above sea level as well as Muchinga escarpment that rises to 1,200 m above sea level. Chama District is surrounded by six (6) Districts (Mafinga, Isoka, Chinsali, Shiwang’andu, Mpika, and Chasefu Districts) and an international boundary with Malawi on its Eastern side. Demographics In Chama district, the population has been gradually growing from 55,172 people in 1990 to 74,890 in 2000 with an annual average growth rate of 3.1 percent. Further, the population grew from 103,894 in 2010 to 140,784 in 2022 (CSO, 2022) with an annual growth rate of 2.5%. The population for the number of females was estimated at 71,616 while the overall estimated population for males was estimated at 68,710. In comparison to the 2010 census Chama still had a higher number of females compared to males, which was at 48.1 for males per and 51.9 percent for females. Physical Features The district has one major river namely the Luangwa River that flows from the north down to the south. The river network also includes other rivers flowing into the luangwa river, which are the Luumbu, Kalinkhu, Mbwata, Kamphemba in the north, and Bazimu, Lupamazi, Lunzi, Luelo, Luvila, and Lundazi in the south. Chama district maintains one (1) National Forest and four (4) local forest reserves namely Lundazi National Forest, Makutu, Chire, Fibale, and Pondo local forests covering a total of 333,566 Hectares In addition, the district boasts of hosting the Musalangu game management area which home to over 100 different mammal species Luangwa River in Chikwa Chiefdom Chama-Lundazi Forest Contact Information CIVIC CENTRE P.O. BOX 540005 CHAMA EASTERN PROVINCE – ZAMBIA Tele fax: 06-482099 Plot CHA/1773 Church Road Email address: chamadistrictcouncil01@gmail.com Public Relations Officer: +260 977365484 Complaint Quick Links Ministry of Local Government and Rural Development Local Government Service Comission Ministry of Finance and National Planning Ministry of Agriculture National Assembly of Zambia Local Government Training Institute Local Government Association of Zambia Knowledge and Information Hub ©2022. SMART Zambia Institute. All Rights Reserved.|
